household_id,shopping_days,receipts,sales_value,average_day_value,first_date,last_date
1,46,50,2415.56,52.512173913043476,2017-01-07,2017-12-31
10,1,1,29.96,29.96,2017-08-01,2017-08-01
100,18,21,1336.8700000000001,74.27055555555556,2017-02-15,2017-11-29
1000,79,85,2509.38,31.764303797468354,2017-01-04,2017-12-31
1001,41,46,2558.82,62.41024390243903,2017-02-09,2017-12-28
1002,15,16,538.5,35.9,2017-03-16,2017-12-30
1003,23,32,1404.43,61.06217391304348,2017-01-27,2017-12-02
1004,139,168,2486.93,17.89158273381295,2017-01-01,2017-12-30
1005,126,133,1755.96,13.936190476190477,2017-01-01,2017-12-21
1006,5,6,65.96,13.191999999999998,2017-03-30,2017-12-15
1007,65,69,557.36,8.574769230769231,2017-01-02,2017-12-19
1008,22,27,375.68,17.076363636363638,2017-02-05,2017-12-18
1009,16,16,92.14,5.75875,2017-01-07,2017-10-29
101,97,144,4483.35,46.22010309278351,2017-01-05,2017-12-31
1010,46,62,1733.55,37.68586956521739,2017-01-10,2017-12-28
1011,81,85,1908.99,23.567777777777778,2017-01-02,2017-12-24
1012,48,60,935.72,19.49416666666667,2017-01-03,2017-11-21
1013,9,11,175.32,19.48,2017-02-26,2017-11-01
1014,81,97,2687.67,33.181111111111115,2017-01-05,2017-12-30
1015,47,47,1974.57,42.01212765957447,2017-01-06,2017-12-22
1016,23,27,1983.4,86.23478260869565,2017-01-02,2017-12-14
1017,38,40,2428.75,63.91447368421053,2017-01-04,2017-12-31
1018,54,56,974.3,18.04259259259259,2017-01-03,2017-12-26
1019,18,24,690.4,38.355555555555554,2017-01-04,2017-12-28
1020,89,96,5292.25,59.46348314606742,2017-01-16,2017-12-31
1021,48,55,853.03,17.77145833333333,2017-01-04,2017-12-29
1022,9,9,64.74,7.1933333333333325,2017-02-04,2017-10-24
1023,224,375,24879.75,111.0703125,2017-01-01,2017-12-23
1024,71,87,5309.92,74.78760563380281,2017-01-04,2017-12-21
1025,41,58,2605.39,63.5460975609756,2017-01-03,2017-12-14
1026,6,7,263.08,43.846666666666664,2017-02-09,2017-05-27
1027,19,22,536.71,28.247894736842106,2017-02-03,2017-11-21
1028,4,4,42.34,10.585,2017-01-02,2017-10-01
1029,144,163,8263.03,57.38215277777778,2017-01-01,2017-12-31
103,14,14,197.29,14.092142857142857,2017-01-01,2017-12-16
1030,15,15,550.71,36.714000000000006,2017-01-08,2017-12-23
1031,74,87,2441.13,32.98824324324325,2017-04-09,2017-09-30
1032,53,59,1741.0,32.84905660377358,2017-01-04,2017-12-18
1033,12,12,640.02,53.335,2017-04-13,2017-12-22
1034,23,25,236.57,10.285652173913043,2017-01-03,2017-12-26
1035,1,2,37.32,37.32,2017-05-03,2017-05-03
1036,11,11,320.12,29.10181818181818,2017-01-23,2017-12-26
1037,17,18,576.93,33.93705882352941,2017-01-05,2017-12-20
1038,120,152,840.84,7.007000000000001,2017-01-01,2017-11-10
1039,46,50,2823.16,61.37304347826087,2017-01-07,2017-12-30
104,75,83,4303.22,57.37626666666667,2017-01-04,2017-12-31
1040,120,123,3163.89,26.36575,2017-01-03,2017-12-21
1041,127,201,4630.0,36.45669291338583,2017-01-09,2017-12-31
1042,125,148,2980.28,23.84224,2017-01-02,2017-12-28
1043,6,9,456.51,76.085,2017-01-30,2017-09-16
1044,8,9,188.59,23.57375,2017-01-03,2017-12-09
1045,117,154,2415.57,20.64589743589744,2017-01-03,2017-12-31
1046,95,104,2389.9,25.15684210526316,2017-01-07,2017-12-30
1047,38,45,551.9,14.523684210526316,2017-01-01,2017-12-31
1048,54,58,1320.13,24.446851851851854,2017-05-04,2017-12-30
1049,28,33,462.46,16.51642857142857,2017-01-22,2017-12-14
105,66,87,2150.97,32.59045454545454,2017-01-03,2017-12-28
1050,69,89,3293.33,47.72942028985507,2017-01-01,2017-12-29
1051,20,21,694.24,34.712,2017-01-22,2017-12-03
1053,59,59,3202.38,54.27762711864407,2017-01-03,2017-12-28
1054,22,23,531.11,24.141363636363636,2017-01-09,2017-12-30
1055,37,39,501.23,13.546756756756757,2017-01-03,2017-12-23
1056,30,39,2679.03,89.301,2017-01-04,2017-12-28
1057,107,110,4461.78,41.6988785046729,2017-01-01,2017-12-29
1058,204,318,2195.57,10.762598039215687,2017-01-01,2017-12-28
1059,2,2,32.39,16.195,2017-03-13,2017-09-28
106,29,34,886.29,30.561724137931034,2017-04-05,2017-12-31
1060,30,31,3070.98,102.366,2017-01-06,2017-12-23
1061,61,83,4246.43,69.61360655737705,2017-02-25,2017-12-31
1062,112,121,647.32,5.779642857142858,2017-01-03,2017-12-31
1063,14,14,267.63,19.11642857142857,2017-01-04,2017-12-03
1064,28,29,1974.24,70.50857142857143,2017-01-07,2017-12-22
1065,29,29,2882.79,99.40655172413793,2017-01-07,2017-12-11
1066,129,146,1881.31,14.583798449612402,2017-01-02,2017-12-29
1067,32,33,2214.11,69.1909375,2017-01-07,2017-12-21
1068,10,25,420.54,42.054,2017-01-01,2017-12-27
1069,39,41,2220.25,56.92948717948718,2017-01-03,2017-12-31
107,6,8,190.77,31.795,2017-01-07,2017-11-23
1070,67,85,2542.37,37.94582089552239,2017-01-05,2017-12-26
1071,39,43,1087.23,27.877692307692307,2017-01-13,2017-12-29
1072,34,42,1691.09,49.737941176470585,2017-01-04,2017-12-30
1073,74,81,1920.79,25.956621621621622,2017-01-02,2017-12-31
1074,74,81,5209.22,70.39486486486487,2017-01-04,2017-12-23
1075,31,36,678.03,21.871935483870967,2017-01-07,2017-12-30
1076,39,40,890.65,22.837179487179487,2017-01-08,2017-12-31
1077,26,26,1085.81,41.761923076923075,2017-06-14,2017-12-27
1078,113,125,3643.86,32.24654867256637,2017-01-04,2017-12-14
1079,15,16,280.42,18.694666666666667,2017-01-09,2017-09-18
108,29,34,1613.18,55.62689655172414,2017-01-02,2017-12-27
1080,26,38,837.2,32.2,2017-01-10,2017-12-31
1081,67,73,5716.36,85.31880597014924,2017-01-01,2017-12-30
1082,73,81,1248.57,17.103698630136986,2017-01-06,2017-12-29
1083,31,35,940.27,30.331290322580646,2017-01-12,2017-12-30
1084,87,119,1429.58,16.431954022988506,2017-01-02,2017-12-31
1085,59,67,3280.58,55.603050847457624,2017-01-01,2017-12-26
1086,15,16,598.57,39.90466666666667,2017-01-20,2017-12-30
1087,66,83,1697.21,25.71530303030303,2017-01-02,2017-12-12
1088,49,50,758.14,15.472244897959184,2017-01-02,2017-12-31
1089,31,33,440.43,14.20741935483871,2017-01-06,2017-12-30
109,72,74,2125.22,29.51694444444444,2017-01-09,2017-12-13
1090,6,6,165.16,27.526666666666667,2017-02-28,2017-12-14
1091,47,54,2770.83,58.95382978723404,2017-01-05,2017-12-18
1092,25,29,648.31,25.932399999999998,2017-01-20,2017-12-19
1093,9,9,162.25,18.02777777777778,2017-01-28,2017-11-22
1094,49,56,4137.7300000000005,84.44346938775512,2017-01-03,2017-12-13
1095,16,16,283.06,17.69125,2017-01-04,2017-12-26
1096,3,3,54.44,18.146666666666665,2017-03-03,2017-11-26
1097,73,91,3578.17,49.016027397260274,2017-01-06,2017-12-22
1098,164,274,5921.9800000000005,36.10963414634146,2017-01-02,2017-12-30
1099,12,12,219.9,18.325,2017-01-10,2017-12-30
11,2,2,10.05,5.025,2017-04-29,2017-05-08
110,76,95,1741.8600000000001,22.91921052631579,2017-01-04,2017-12-17
1100,9,11,128.82,14.313333333333333,2017-01-20,2017-12-13
1101,8,9,119.12,14.89,2017-01-29,2017-12-23
1102,34,36,940.2900000000001,27.65558823529412,2017-01-01,2017-12-22
1103,100,116,3497.58,34.9758,2017-01-03,2017-12-23
1104,70,74,2480.1,35.43,2017-01-01,2017-12-26
1106,20,20,475.33,23.7665,2017-01-23,2017-12-23
1107,12,13,510.08,42.50666666666667,2017-01-04,2017-12-30
1108,12,12,208.12,17.343333333333334,2017-02-26,2017-11-22
1109,48,52,2031.69,42.326875,2017-01-02,2017-12-31
111,23,26,707.56,30.76347826086956,2017-01-08,2017-12-31
1110,115,124,5165.62,44.91843478260869,2017-01-10,2017-12-31
1111,141,162,12368.36,87.71886524822695,2017-01-01,2017-12-26
1112,21,24,880.27,41.91761904761905,2017-01-05,2017-12-19
1113,83,94,2185.81,26.335060240963855,2017-01-10,2017-12-28
1114,20,21,388.43,19.4215,2017-01-10,2017-11-30
1115,16,18,559.86,34.99125,2017-02-08,2017-11-03
1116,18,23,764.02,42.44555555555556,2017-02-27,2017-12-05
1117,75,89,1938.66,25.8488,2017-01-01,2017-12-06
1118,10,10,640.4399999999999,64.044,2017-01-08,2017-11-07
1119,34,37,1058.24,31.12470588235294,2017-01-16,2017-12-30
112,48,54,912.46,19.009583333333335,2017-01-17,2017-12-24
1120,37,43,801.66,21.666486486486484,2017-01-01,2017-12-06
1121,27,28,1322.11,48.96703703703703,2017-01-01,2017-12-18
1122,27,29,496.56,18.391111111111112,2017-01-03,2017-08-02
1123,34,41,2036.18,59.88764705882353,2017-01-08,2017-12-20
1124,31,43,1313.23,42.362258064516126,2017-01-01,2017-12-05
1125,47,62,540.09,11.491276595744681,2017-03-30,2017-12-29
1126,14,14,1369.27,97.80499999999999,2017-01-14,2017-11-22
1127,19,21,1229.43,64.70684210526316,2017-03-08,2017-12-19
1128,92,116,1592.16,17.30608695652174,2017-01-03,2017-12-29
1129,38,38,886.28,23.32315789473684,2017-01-04,2017-12-31
113,103,131,8646.42,83.94582524271844,2017-01-02,2017-12-30
1130,123,169,2776.62,22.574146341463415,2017-01-01,2017-12-31
1131,70,78,2264.89,32.35557142857143,2017-01-06,2017-12-31
1132,17,24,1100.93,64.76058823529412,2017-01-07,2017-12-17
1133,65,78,945.86,14.551692307692308,2017-01-01,2017-12-31
1134,33,36,3322.3,100.67575757575759,2017-01-09,2017-12-19
1135,31,32,338.11,10.906774193548388,2017-02-14,2017-12-15
1136,30,32,748.15,24.938333333333333,2017-01-08,2017-12-28
1137,62,68,1195.34,19.279677419354837,2017-01-03,2017-12-30
1138,108,116,2515.03,23.287314814814817,2017-01-03,2017-12-29
1139,41,43,4186.83,102.11780487804877,2017-01-05,2017-11-27
114,37,37,1365.94,36.917297297297296,2017-01-04,2017-12-18
1140,13,18,1027.33,79.02538461538461,2017-09-01,2017-12-18
1141,31,33,804.29,25.94483870967742,2017-01-07,2017-12-18
1142,130,152,8886.47,68.35746153846154,2017-01-03,2017-12-31
1143,6,6,114.55,19.091666666666665,2017-03-03,2017-12-18
1144,9,9,99.79,11.087777777777779,2017-02-02,2017-08-06
1145,38,53,2797.15,73.60921052631579,2017-01-03,2017-11-19
1146,160,211,5275.59,32.9724375,2017-01-06,2017-12-31
1147,26,28,2224.19,85.54576923076924,2017-02-01,2017-12-10
1148,17,17,321.28000000000003,18.898823529411768,2017-05-23,2017-12-13
1149,8,9,115.48,14.435,2017-05-15,2017-12-23
115,100,127,8015.72,80.1572,2017-01-08,2017-12-30
1150,12,13,834.91,69.57583333333334,2017-03-23,2017-09-25
1151,93,107,1984.24,21.335913978494624,2017-01-10,2017-12-31
1152,19,21,422.59999999999997,22.242105263157892,2017-04-23,2017-12-31
1153,26,32,468.85,18.032692307692308,2017-01-09,2017-11-11
1154,66,68,2163.98,32.78757575757576,2017-01-14,2017-12-30
1155,21,30,1228.89,58.518571428571434,2017-01-21,2017-12-30
1156,18,19,640.51,35.583888888888886,2017-01-07,2017-12-20
1157,47,55,1561.57,33.22489361702127,2017-01-11,2017-12-28
1158,115,147,1992.83,17.32895652173913,2017-01-03,2017-12-31
1159,76,86,1513.43,19.91355263157895,2017-01-01,2017-12-31
116,44,47,405.79,9.2225,2017-01-03,2017-12-30
1160,64,81,2259.62,35.3065625,2017-01-06,2017-12-31
1161,20,22,654.38,32.719,2017-01-22,2017-12-15
1162,13,13,214.77,16.520769230769233,2017-01-07,2017-08-01
1163,73,80,2700.18,36.988767123287666,2017-01-04,2017-12-24
1164,59,63,2778.69,47.0964406779661,2017-01-07,2017-12-30
1165,32,32,792.5,24.765625,2017-01-02,2017-12-28
1166,168,221,6940.1,41.31011904761905,2017-01-04,2017-12-30
1167,80,85,3842.2000000000003,48.0275,2017-01-03,2017-12-27
1168,41,41,551.66,13.455121951219512,2017-01-11,2017-12-26
1169,51,63,2351.0,46.09803921568628,2017-01-11,2017-12-28
117,49,52,1463.14,29.860000000000003,2017-01-04,2017-12-30
1170,3,3,15.99,5.33,2017-04-01,2017-12-31
1171,20,25,636.97,31.8485,2017-01-03,2017-12-06
1172,92,111,3140.95,34.14076086956521,2017-01-04,2017-12-31
1173,17,20,379.24,22.308235294117647,2017-06-20,2017-12-19
1174,63,77,1325.29,21.036349206349207,2017-01-04,2017-12-31
1175,70,77,3960.7400000000002,56.582,2017-01-02,2017-12-13
1176,1,1,35.96,35.96,2017-11-03,2017-11-03
1177,13,13,257.39,19.799230769230768,2017-04-23,2017-12-31
1178,112,120,2518.12,22.483214285714286,2017-01-03,2017-12-31
1179,123,147,6294.31,51.17325203252033,2017-01-01,2017-12-30
118,43,47,2609.33,60.68209302325581,2017-01-03,2017-12-26
1180,84,110,3888.64,46.29333333333333,2017-01-08,2017-12-29
1181,49,54,1320.86,26.956326530612245,2017-01-08,2017-12-26
1182,29,34,486.49,16.775517241379312,2017-01-01,2017-12-27
1185,26,29,706.64,27.178461538461537,2017-01-15,2017-12-30
1186,44,49,3721.98,84.59045454545455,2017-01-14,2017-12-28
1187,88,106,2332.92,26.510454545454547,2017-01-01,2017-12-31
1188,65,77,1667.49,25.653692307692307,2017-01-07,2017-12-30
1189,21,21,470.18,22.38952380952381,2017-02-12,2017-12-30
119,43,47,1920.8,44.669767441860465,2017-01-03,2017-12-30
1190,120,153,2117.59,17.646583333333336,2017-01-02,2017-12-31
1191,57,58,1443.45,25.323684210526316,2017-01-02,2017-12-14
1192,39,47,760.28,19.494358974358974,2017-01-02,2017-12-31
1193,52,60,944.72,18.16769230769231,2017-01-08,2017-12-29
1194,21,22,469.66,22.364761904761906,2017-01-01,2017-12-10
1195,16,16,530.8100000000001,33.175625000000004,2017-02-08,2017-12-04
1196,15,15,1015.3,67.68666666666667,2017-03-02,2017-12-15
1197,85,102,5293.67,62.278470588235294,2017-01-12,2017-12-31
1198,24,26,532.81,22.200416666666666,2017-01-04,2017-12-24
12,3,3,182.35999999999999,60.78666666666666,2017-01-25,2017-08-08
120,8,8,131.37,16.42125,2017-02-01,2017-07-13
1200,20,20,1134.88,56.74400000000001,2017-01-11,2017-12-03
1201,24,24,344.29,14.345416666666667,2017-01-11,2017-12-31
1202,12,13,318.51,26.5425,2017-03-16,2017-12-26
1203,100,123,3847.63,38.4763,2017-01-04,2017-12-30
1204,32,41,1182.74,36.960625,2017-01-01,2017-12-18
1205,74,94,2201.06,29.744054054054054,2017-01-03,2017-12-21
1206,121,131,2954.52,24.417520661157024,2017-01-01,2017-12-31
1207,47,55,433.49,9.223191489361703,2017-01-04,2017-12-24
1208,31,34,536.79,17.315806451612904,2017-02-01,2017-12-28
1209,7,7,138.12,19.731428571428573,2017-02-06,2017-12-09
121,64,79,1602.4,25.0375,2017-01-01,2017-12-21
1210,23,26,585.3100000000001,25.44826086956522,2017-03-04,2017-12-16
1211,68,81,4614.81,67.86485294117648,2017-01-02,2017-12-31
1212,1,1,15.97,15.97,2017-01-10,2017-01-10
1213,15,15,215.35999999999999,14.357333333333333,2017-03-30,2017-12-31
1214,3,3,58.39,19.463333333333335,2017-01-29,2017-09-13
1215,6,7,333.7,55.61666666666667,2017-03-20,2017-12-30
1216,75,79,3370.05,44.934000000000005,2017-01-03,2017-12-30
1217,25,30,1551.42,62.0568,2017-01-02,2017-12-30
1218,51,56,2081.46,40.81294117647059,2017-01-04,2017-12-29
1219,59,64,440.19,7.460847457627119,2017-01-01,2017-12-27
122,38,40,465.47,12.24921052631579,2017-01-01,2017-12-13
1220,24,28,336.57,14.02375,2017-01-21,2017-12-14
1221,5,5,309.14,61.827999999999996,2017-01-06,2017-12-27
1222,92,99,3370.23,36.63293478260869,2017-01-01,2017-12-29
1223,24,32,1123.52,46.81333333333333,2017-01-11,2017-12-19
1224,41,54,1293.26,31.542926829268293,2017-01-05,2017-12-29
1225,31,38,794.92,25.64258064516129,2017-01-13,2017-12-31
1226,45,47,3958.18,87.95955555555555,2017-01-14,2017-12-30
1227,55,61,2735.82,49.74218181818182,2017-01-07,2017-12-09
1228,242,403,7998.24,33.05057851239669,2017-01-01,2017-12-31
1229,161,206,9612.1,59.70248447204969,2017-01-02,2017-12-31
123,87,92,1710.84,19.664827586206897,2017-01-02,2017-12-29
1230,13,13,155.6,11.96923076923077,2017-01-01,2017-11-26
1231,32,34,1119.33,34.9790625,2017-01-13,2017-12-22
1232,13,16,366.71,28.20846153846154,2017-01-04,2017-09-18
1233,11,12,554.15,50.377272727272725,2017-02-06,2017-10-21
1234,64,65,3478.15,54.34609375,2017-01-03,2017-12-29
1235,9,10,508.43,56.492222222222225,2017-01-22,2017-10-24
1236,79,95,1765.07,22.3426582278481,2017-01-07,2017-12-31
1237,11,11,607.47,55.224545454545456,2017-05-28,2017-12-03
1238,11,11,1205.3799999999999,109.57999999999998,2017-02-10,2017-11-12
1239,10,10,807.32,80.732,2017-01-04,2017-12-03
124,22,22,247.88,11.267272727272728,2017-01-21,2017-12-31
1240,106,131,6780.53,63.96726415094339,2017-01-02,2017-12-31
1241,46,52,836.76,18.190434782608694,2017-01-12,2017-12-28
1242,8,9,171.44,21.43,2017-01-18,2017-11-01
1243,9,9,204.39,22.709999999999997,2017-01-19,2017-11-06
1244,20,21,359.88,17.994,2017-01-07,2017-12-31
1245,135,167,2472.96,18.31822222222222,2017-01-07,2017-12-29
1246,44,45,2054.0,46.68181818181818,2017-01-08,2017-12-27
1247,67,71,4093.14,61.09164179104477,2017-01-02,2017-12-28
1248,67,75,4057.53,60.560149253731346,2017-01-02,2017-12-21
1249,10,10,225.61,22.561,2017-02-25,2017-12-16
125,155,199,5433.57,35.055290322580646,2017-01-07,2017-12-29
1250,3,3,112.03999999999999,37.346666666666664,2017-06-01,2017-12-24
1251,15,17,130.73,8.715333333333332,2017-01-06,2017-12-04
1252,19,19,566.65,29.823684210526313,2017-01-29,2017-12-30
1253,2,2,34.21,17.105,2017-11-05,2017-12-04
1254,3,3,117.55,39.18333333333333,2017-07-20,2017-12-20
1255,12,14,294.57,24.5475,2017-01-03,2017-12-18
1256,84,91,2785.53,33.16107142857143,2017-01-03,2017-12-23
1257,22,22,1075.3600000000001,48.88,2017-05-23,2017-12-17
1258,130,142,2155.57,16.581307692307693,2017-01-03,2017-12-30
1259,18,20,638.72,35.48444444444445,2017-01-11,2017-12-27
126,13,14,323.23,24.863846153846154,2017-01-10,2017-12-02
1260,63,72,5183.68,82.28063492063492,2017-01-01,2017-12-27
1261,117,157,2287.53,19.551538461538463,2017-01-04,2017-12-30
1262,6,7,212.87,35.47833333333333,2017-03-16,2017-05-04
1263,54,62,2845.83,52.70055555555555,2017-01-04,2017-12-16
1264,79,89,3874.1,49.039240506329115,2017-01-05,2017-12-28
1265,34,38,914.5500000000001,26.89852941176471,2017-01-05,2017-12-13
1266,58,64,898.61,15.493275862068966,2017-01-03,2017-12-31
1267,43,45,1127.86,26.229302325581394,2017-01-05,2017-12-28
1268,30,33,1367.72,45.59066666666667,2017-02-02,2017-12-23
1269,53,64,1582.43,29.857169811320755,2017-01-01,2017-12-30
127,115,139,3673.34,31.94208695652174,2017-01-03,2017-12-30
1270,40,48,2177.07,54.426750000000006,2017-01-05,2017-11-28
1271,81,87,2656.95,32.80185185185185,2017-01-04,2017-12-31
1272,137,142,5379.51,39.26649635036497,2017-01-03,2017-12-29
1273,3,3,49.910000000000004,16.636666666666667,2017-11-08,2017-12-15
1274,131,142,6929.6900000000005,52.89839694656489,2017-01-01,2017-12-30
1275,3,5,84.33,28.11,2017-01-04,2017-01-07
1276,6,6,226.6,37.766666666666666,2017-01-01,2017-12-24
1277,119,149,3157.1,26.530252100840336,2017-01-01,2017-12-31
1278,9,9,411.33,45.70333333333333,2017-01-28,2017-12-18
1279,101,129,3101.81,30.7109900990099,2017-01-02,2017-12-24
128,19,23,681.29,35.85736842105263,2017-01-06,2017-12-31
1280,4,4,66.54,16.635,2017-07-19,2017-10-11
1281,16,20,345.7,21.60625,2017-01-07,2017-12-31
1282,102,126,3791.1,37.167647058823526,2017-01-02,2017-12-24
1283,31,33,180.04,5.807741935483871,2017-01-06,2017-12-13
1284,99,113,1325.41,13.3879797979798,2017-01-29,2017-12-31
1285,74,82,3028.78,40.929459459459466,2017-01-04,2017-12-27
1286,9,10,111.83,12.425555555555555,2017-01-10,2017-11-20
1287,48,70,1284.85,26.76770833333333,2017-01-04,2017-12-29
1288,22,22,1188.46,54.02090909090909,2017-01-04,2017-12-28
1289,229,316,878.5,3.836244541484716,2017-01-01,2017-12-31
129,31,32,364.36,11.753548387096775,2017-01-06,2017-12-11
1290,14,18,493.75,35.267857142857146,2017-04-13,2017-12-28
1291,63,65,2319.05,36.810317460317464,2017-01-03,2017-12-27
1292,8,9,263.42,32.9275,2017-01-11,2017-12-24
1293,96,105,2067.45,21.5359375,2017-01-09,2017-12-28
1294,29,29,3119.88,107.58206896551725,2017-01-03,2017-12-26
1295,42,47,962.85,22.925,2017-02-25,2017-12-29
1296,45,46,1267.96,28.17688888888889,2017-01-03,2017-12-29
1297,87,101,1894.29,21.77344827586207,2017-01-03,2017-12-31
1298,31,33,994.0799999999999,32.067096774193544,2017-01-18,2017-12-29
1299,79,111,3312.27,41.92746835443038,2017-01-04,2017-12-30
13,118,157,7448.22,63.120508474576276,2017-01-03,2017-12-31
130,4,4,48.07,12.0175,2017-02-07,2017-02-23
1300,44,51,1865.7,42.40227272727273,2017-01-06,2017-12-30
1301,35,39,611.53,17.472285714285714,2017-01-08,2017-10-21
1302,21,23,476.46,22.68857142857143,2017-01-22,2017-12-30
1303,110,140,3968.51,36.077363636363636,2017-01-03,2017-12-31
1304,51,56,497.54,9.755686274509804,2017-01-01,2017-12-23
1305,121,186,4159.84,34.37884297520661,2017-01-03,2017-12-28
1306,105,124,1889.09,17.991333333333333,2017-01-02,2017-12-28
1307,73,87,1148.46,15.732328767123288,2017-01-03,2017-12-31
1308,3,3,34.46,11.486666666666666,2017-01-11,2017-10-22
1309,1,1,29.76,29.76,2017-09-23,2017-09-23
131,95,126,2777.75,29.239473684210527,2017-01-02,2017-12-30
1310,17,18,460.96000000000004,27.11529411764706,2017-02-10,2017-12-11
1311,5,6,258.5,51.7,2017-05-28,2017-11-19
1312,51,61,2114.81,41.46686274509804,2017-01-02,2017-12-24
1313,18,19,629.9,34.99444444444444,2017-01-11,2017-12-19
1314,167,225,8456.98,50.64059880239521,2017-01-02,2017-12-31
1315,4,4,458.08,114.52,2017-08-05,2017-12-06
1316,31,36,2435.23,78.55580645161291,2017-01-07,2017-12-28
1317,85,96,1803.07,21.212588235294117,2017-01-03,2017-12-28
1318,47,49,3464.36,73.70978723404255,2017-01-07,2017-12-30
1319,21,23,392.65,18.697619047619046,2017-01-12,2017-12-06
132,56,60,1601.17,28.59232142857143,2017-01-01,2017-12-20
1320,9,9,159.3,17.700000000000003,2017-01-10,2017-12-26
1321,114,134,975.84,8.56,2017-01-01,2017-12-31
1322,9,9,87.18,9.686666666666667,2017-01-11,2017-07-01
1323,4,4,50.66,12.665,2017-02-21,2017-10-05
1324,25,25,1552.54,62.1016,2017-01-26,2017-12-11
1325,44,46,2011.84,45.72363636363636,2017-01-01,2017-12-30
1326,161,281,6967.76,43.27801242236025,2017-01-02,2017-12-30
1327,1,1,48.51,48.51,2017-05-05,2017-05-05
1328,41,58,1168.3600000000001,28.49658536585366,2017-01-27,2017-12-22
1329,18,19,991.62,55.09,2017-02-02,2017-12-19
133,44,46,2133.34,48.48500000000001,2017-01-04,2017-12-22
1330,39,42,996.21,25.543846153846154,2017-01-11,2017-12-21
1331,37,42,843.34,22.792972972972972,2017-01-03,2017-12-28
1332,34,36,1451.46,42.69,2017-01-01,2017-12-31
1333,81,84,4976.85,61.4425925925926,2017-01-01,2017-12-30
1334,17,21,266.67,15.686470588235295,2017-07-20,2017-11-18
1335,20,21,648.23,32.411500000000004,2017-01-07,2017-12-13
1336,56,60,3302.2200000000003,58.96821428571429,2017-01-04,2017-12-30
1337,131,158,7291.01,55.65656488549619,2017-01-02,2017-12-30
1338,108,141,1161.76,10.757037037037037,2017-05-07,2017-12-29
1339,4,4,309.27,77.3175,2017-08-09,2017-11-20
134,37,39,2782.91,75.21378378378378,2017-01-12,2017-12-08
1340,31,33,292.83,9.446129032258064,2017-01-25,2017-12-24
1341,8,8,320.07,40.00875,2017-05-30,2017-12-19
1342,7,8,117.86999999999999,16.838571428571427,2017-01-20,2017-12-19
1343,6,6,38.23,6.371666666666666,2017-01-16,2017-05-08
1344,13,13,1505.45,115.80384615384615,2017-01-21,2017-12-02
1345,21,22,513.28,24.44190476190476,2017-02-05,2017-12-30
1346,42,51,849.35,20.222619047619048,2017-02-05,2017-12-23
1347,60,76,2172.26,36.20433333333334,2017-01-12,2017-12-24
1348,11,11,177.19,16.10818181818182,2017-02-17,2017-12-08
1349,97,107,3034.87,31.287319587628865,2017-01-03,2017-11-28
135,40,41,350.48,8.762,2017-01-05,2017-12-29
1350,40,54,1251.67,31.29175,2017-01-01,2017-12-31
1351,33,38,246.02,7.455151515151515,2017-01-13,2017-12-22
1352,73,84,3176.58,43.514794520547945,2017-01-03,2017-12-30
1353,80,85,2733.42,34.16775,2017-01-11,2017-12-30
1354,53,59,1628.49,30.726226415094338,2017-01-10,2017-12-29
1355,1,1,52.41,52.41,2017-11-18,2017-11-18
1356,47,49,1192.6,25.374468085106383,2017-01-04,2017-12-19
1357,44,49,2259.43,51.35068181818181,2017-01-06,2017-12-30
1358,49,58,1113.99,22.734489795918368,2017-08-26,2017-12-31
1359,47,50,711.33,15.13468085106383,2017-01-04,2017-11-27
136,44,53,1887.1200000000001,42.88909090909091,2017-01-06,2017-12-01
1360,10,10,289.62,28.962,2017-01-03,2017-12-18
1361,2,2,64.58,32.29,2017-01-14,2017-07-08
1362,37,38,897.39,24.253783783783785,2017-01-10,2017-12-31
1363,37,41,2974.79,80.39972972972973,2017-04-12,2017-12-03
1364,75,77,1188.89,15.851866666666668,2017-01-14,2017-12-31
1365,2,2,19.41,9.705,2017-01-18,2017-04-15
1366,127,156,2688.65,21.170472440944884,2017-01-04,2017-12-31
1367,134,194,6449.9800000000005,48.13417910447762,2017-01-03,2017-12-31
1368,19,19,1820.8300000000002,95.83315789473686,2017-01-06,2017-12-10
1369,51,55,1269.97,24.90137254901961,2017-01-02,2017-12-30
137,17,18,301.9,17.758823529411764,2017-01-02,2017-12-08
1370,47,48,5024.06,106.89489361702128,2017-01-08,2017-12-31
1371,24,29,414.91,17.287916666666668,2017-01-21,2017-09-04
1372,10,10,667.12,66.712,2017-01-21,2017-11-08
1373,19,20,309.14,16.27052631578947,2017-02-06,2017-12-28
1374,56,60,1769.31,31.59482142857143,2017-01-05,2017-12-30
1375,63,75,2265.37,35.95825396825396,2017-01-07,2017-12-20
1376,106,133,6474.1,61.07641509433962,2017-01-01,2017-12-31
1377,14,14,411.75,29.410714285714285,2017-01-09,2017-12-16
1378,62,63,4025.37,64.92532258064516,2017-01-01,2017-12-31
1379,222,302,8884.93,40.02220720720721,2017-01-01,2017-12-31
138,40,40,2198.41,54.960249999999995,2017-01-16,2017-12-22
1380,14,14,268.28,19.162857142857142,2017-01-07,2017-11-23
1381,15,18,56.45,3.7633333333333336,2017-02-02,2017-12-14
1382,54,59,1271.38,23.544074074074075,2017-01-09,2017-12-29
1383,66,73,862.15,13.062878787878788,2017-01-03,2017-12-26
1384,25,26,596.64,23.8656,2017-01-07,2017-12-30
1385,38,47,2685.2,70.66315789473684,2017-01-01,2017-12-24
1386,4,4,51.53,12.8825,2017-01-11,2017-05-20
1387,36,40,1131.56,31.432222222222222,2017-01-07,2017-12-29
1388,60,63,3190.07,53.167833333333334,2017-01-02,2017-12-23
1389,21,23,1498.65,71.36428571428571,2017-03-15,2017-12-26
139,52,61,2018.89,38.824807692307694,2017-02-10,2017-12-23
1390,126,166,4010.28,31.82761904761905,2017-01-05,2017-12-17
1391,78,90,4295.85,55.075,2017-01-03,2017-12-24
1392,44,50,997.87,22.678863636363637,2017-01-10,2017-12-15
1393,109,117,3348.66,30.721651376146788,2017-01-03,2017-12-19
1394,90,93,2512.15,27.91277777777778,2017-01-01,2017-12-26
1395,26,29,816.28,31.395384615384614,2017-03-08,2017-12-29
1396,105,120,3359.16,31.991999999999997,2017-01-04,2017-12-02
1397,137,158,3309.9,24.15985401459854,2017-01-04,2017-12-30
1398,12,12,266.94,22.245,2017-03-05,2017-11-18
1399,17,17,564.95,33.23235294117647,2017-01-05,2017-12-16
14,63,93,1665.39,26.434761904761906,2017-01-01,2017-12-31
140,41,49,860.69,20.992439024390244,2017-01-09,2017-12-06
1400,2,2,24.58,12.29,2017-05-01,2017-12-05
1401,34,37,399.93,11.76264705882353,2017-01-03,2017-12-18
1402,91,95,1058.54,11.632307692307691,2017-01-01,2017-12-31
1403,58,66,1890.62,32.596896551724136,2017-01-02,2017-11-04
1404,20,25,476.7,23.835,2017-03-07,2017-12-17
1405,21,22,1142.8500000000001,54.42142857142858,2017-01-25,2017-12-30
1406,54,62,1852.54,34.306296296296296,2017-01-11,2017-12-31
1407,26,30,1265.77,48.683461538461536,2017-02-19,2017-12-30
1408,37,39,710.9300000000001,19.214324324324327,2017-01-21,2017-11-09
1409,54,56,2936.45,54.3787037037037,2017-01-08,2017-12-20
141,23,26,181.61,7.8960869565217395,2017-01-23,2017-10-28
1410,8,8,913.99,114.24875,2017-02-05,2017-11-16
1411,1,1,9.52,9.52,2017-06-08,2017-06-08
1412,50,52,2859.78,57.195600000000006,2017-01-02,2017-12-24
1413,9,9,86.21,9.578888888888889,2017-04-19,2017-12-06
1414,6,6,116.66,19.44333333333333,2017-01-12,2017-12-18
1415,18,18,169.66,9.425555555555555,2017-01-03,2017-12-31
1416,2,2,41.75,20.875,2017-02-18,2017-11-18
1417,39,61,3380.18,86.67128205128205,2017-03-31,2017-12-29
1418,40,40,1484.32,37.108,2017-01-06,2017-12-27
1419,193,257,3821.89,19.802538860103628,2017-01-01,2017-12-31
142,71,71,969.12,13.649577464788733,2017-01-06,2017-12-30
1420,38,43,2552.02,67.15842105263158,2017-01-03,2017-12-18
1421,110,126,3219.96,29.272363636363636,2017-01-01,2017-12-30
1422,6,6,239.81,39.968333333333334,2017-03-17,2017-11-25
1423,75,87,1214.89,16.198533333333334,2017-01-02,2017-12-31
1424,34,37,401.82,11.818235294117647,2017-01-02,2017-12-23
1425,53,64,2083.32,39.30792452830189,2017-01-05,2017-12-28
1426,14,15,642.69,45.90642857142858,2017-01-12,2017-12-24
1427,29,32,1185.39,40.87551724137931,2017-01-08,2017-12-22
1428,101,130,3792.13,37.54584158415842,2017-01-02,2017-12-28
1429,46,50,428.1,9.306521739130435,2017-01-04,2017-12-26
143,158,259,4363.9,27.619620253164555,2017-01-02,2017-12-19
1430,135,202,12849.31,95.18007407407407,2017-01-01,2017-12-30
1431,78,92,1547.05,19.83397435897436,2017-01-01,2017-12-31
1432,7,7,224.25,32.035714285714285,2017-05-16,2017-12-14
1433,5,5,43.6,8.72,2017-10-26,2017-12-30
1434,123,146,2648.11,21.529349593495937,2017-01-06,2017-12-28
1435,7,8,307.44,43.92,2017-02-04,2017-12-02
1436,6,7,79.87,13.311666666666667,2017-05-18,2017-11-08
1437,43,46,2379.59,55.3393023255814,2017-01-01,2017-12-31
1438,21,22,1218.53,58.025238095238095,2017-01-09,2017-12-23
1439,15,19,295.67,19.711333333333336,2017-01-14,2017-12-22
144,48,54,1208.47,25.176458333333333,2017-01-05,2017-12-31
1440,54,61,1350.17,25.00314814814815,2017-02-17,2017-12-26
1441,6,6,208.25,34.708333333333336,2017-02-02,2017-12-16
1442,12,18,227.13,18.9275,2017-04-25,2017-08-24
1443,55,62,811.0600000000001,14.746545454545455,2017-01-06,2017-12-29
1444,15,17,265.3,17.686666666666667,2017-01-22,2017-11-30
1445,109,124,3661.25,33.5894495412844,2017-01-01,2017-12-26
1446,26,27,1384.02,53.23153846153846,2017-01-07,2017-12-30
1447,21,24,427.13,20.339523809523808,2017-02-12,2017-12-12
1448,62,68,1419.7,22.898387096774194,2017-01-23,2017-09-05
1449,21,23,327.18,15.58,2017-01-02,2017-12-07
145,23,24,689.53,29.979565217391304,2017-01-06,2017-11-29
1450,27,42,814.66,30.17259259259259,2017-01-04,2017-12-28
1451,138,172,4442.99,32.195579710144926,2017-01-02,2017-12-28
1452,160,226,1320.89,8.2555625,2017-01-01,2017-12-31
1453,259,502,13376.23,51.645675675675676,2017-01-02,2017-12-31
1454,107,123,4232.94,39.56018691588785,2017-01-17,2017-12-31
1456,36,39,818.52,22.736666666666665,2017-01-04,2017-12-11
1457,24,29,1890.42,78.7675,2017-02-02,2017-12-30
1458,69,75,1911.95,27.709420289855075,2017-01-06,2017-12-30
1459,49,52,3190.93,65.12102040816326,2017-01-05,2017-12-31
146,16,19,483.54,30.22125,2017-01-08,2017-11-18
1460,27,29,1319.6200000000001,48.87481481481482,2017-01-22,2017-12-24
1461,112,143,4333.7300000000005,38.69401785714286,2017-01-03,2017-12-30
1462,70,74,3021.02,43.15742857142857,2017-01-07,2017-12-31
1463,52,58,1539.19,29.599807692307692,2017-01-02,2017-12-22
1464,39,42,1510.46,38.72974358974359,2017-01-01,2017-12-17
1465,20,23,461.38,23.069,2017-01-01,2017-12-29
1466,12,13,398.67,33.222500000000004,2017-01-15,2017-10-27
1467,293,701,2088.14,7.126757679180887,2017-01-01,2017-12-31
1468,32,34,1779.17,55.5990625,2017-05-05,2017-10-11
1469,26,29,823.36,31.66769230769231,2017-01-01,2017-09-23
147,13,13,477.78000000000003,36.752307692307696,2017-02-18,2017-12-22
1470,67,75,1054.63,15.740746268656718,2017-01-13,2017-12-26
1471,20,20,249.0,12.45,2017-01-18,2017-12-24
1472,1,1,185.01,185.01,2017-05-13,2017-05-13
1473,69,75,2623.78,38.02579710144928,2017-01-06,2017-12-31
1474,54,57,1908.35,35.339814814814815,2017-01-17,2017-12-24
1475,161,214,9416.59,58.48813664596273,2017-01-01,2017-12-31
1476,144,195,5220.46,36.253194444444446,2017-01-02,2017-12-30
1477,4,4,55.230000000000004,13.807500000000001,2017-04-15,2017-11-11
1478,2,2,26.200000000000003,13.100000000000001,2017-03-20,2017-08-17
1479,242,417,5610.2300000000005,23.182768595041324,2017-01-01,2017-12-31
148,27,28,844.54,31.27925925925926,2017-01-25,2017-12-20
1480,16,16,106.03,6.626875,2017-01-21,2017-11-28
1481,96,127,2617.7400000000002,27.268125,2017-01-15,2017-12-31
1482,4,5,87.79,21.9475,2017-02-27,2017-11-07
1483,55,64,2570.91,46.74381818181818,2017-01-01,2017-12-29
1484,65,71,1849.42,28.452615384615385,2017-01-08,2017-12-28
1485,28,29,862.6,30.807142857142857,2017-01-04,2017-12-24
1486,8,8,349.65,43.70625,2017-01-16,2017-11-23
1487,22,22,821.76,37.35272727272727,2017-05-28,2017-12-30
1488,49,51,2225.81,45.42469387755102,2017-01-02,2017-12-24
1489,246,348,10963.69,44.56784552845529,2017-01-01,2017-12-30
149,86,116,6420.14,74.65279069767442,2017-01-01,2017-12-30
1490,106,121,2536.15,23.925943396226415,2017-01-04,2017-12-31
1491,140,153,3264.98,23.321285714285715,2017-01-03,2017-12-29
1492,50,54,681.25,13.625,2017-01-06,2017-12-31
1493,13,14,312.33,24.025384615384613,2017-01-12,2017-12-31
1494,30,51,1547.08,51.56933333333333,2017-01-05,2017-12-30
1495,86,88,1045.47,12.156627906976745,2017-01-03,2017-12-29
1496,4,5,163.76,40.94,2017-02-03,2017-07-15
1497,4,4,266.92,66.73,2017-02-24,2017-11-08
1498,11,11,455.81,41.43727272727273,2017-01-13,2017-11-25
1499,52,53,1333.14,25.637307692307694,2017-01-03,2017-12-23
15,31,34,637.3100000000001,20.558387096774194,2017-01-12,2017-12-26
150,3,4,28.2,9.4,2017-01-13,2017-11-20
1500,22,28,390.15,17.73409090909091,2017-01-11,2017-12-22
1501,112,130,5158.68,46.05964285714286,2017-01-03,2017-12-30
1502,16,16,526.17,32.885625,2017-01-04,2017-12-06
1503,10,11,82.82,8.282,2017-06-10,2017-12-29
1505,57,59,2409.06,42.264210526315786,2017-01-08,2017-12-30
1506,70,84,1428.0,20.4,2017-01-06,2017-12-29
1507,11,11,738.21,67.11,2017-01-17,2017-12-30
1508,33,34,759.4,23.01212121212121,2017-01-10,2017-12-29
1509,104,119,3712.43,35.69644230769231,2017-01-03,2017-12-30
151,14,16,375.42,26.815714285714286,2017-01-08,2017-12-19
1510,307,746,6901.27,22.479706840390882,2017-01-01,2017-12-31
1511,77,92,2616.44,33.97974025974026,2017-01-03,2017-12-31
1512,36,42,853.66,23.712777777777777,2017-01-22,2017-12-20
1513,31,31,527.87,17.02806451612903,2017-01-21,2017-12-08
1514,36,36,1483.24,41.20111111111111,2017-01-03,2017-12-08
1515,42,44,1921.56,45.75142857142857,2017-01-02,2017-12-28
1516,9,9,139.07999999999998,15.453333333333331,2017-01-10,2017-07-31
1517,76,83,2443.06,32.145526315789475,2017-01-05,2017-12-24
1518,13,15,372.77000000000004,28.674615384615386,2017-02-16,2017-12-07
1519,18,19,1748.48,97.13777777777779,2017-01-01,2017-12-30
152,17,18,697.67,41.03941176470588,2017-03-05,2017-12-21
1520,74,78,2339.18,31.610540540540537,2017-01-07,2017-12-31
1521,12,13,282.21,23.5175,2017-01-03,2017-12-31
1522,26,30,785.88,30.226153846153846,2017-01-18,2017-12-15
1523,8,10,184.46,23.0575,2017-01-14,2017-05-28
1524,31,36,1729.42,55.78774193548387,2017-01-13,2017-12-03
1525,22,26,1161.65,52.80227272727273,2017-06-04,2017-12-31
1526,114,117,1654.98,14.517368421052632,2017-01-02,2017-12-27
1527,149,181,9909.42,66.50617449664429,2017-01-02,2017-12-31
1528,105,124,4639.99,44.19038095238095,2017-01-02,2017-12-31
1529,118,156,5370.4800000000005,45.51254237288136,2017-01-03,2017-12-21
153,41,49,947.74,23.115609756097562,2017-01-13,2017-12-12
1530,23,24,484.18,21.051304347826086,2017-01-09,2017-12-18
1531,21,24,506.2,24.104761904761904,2017-03-13,2017-12-21
1532,9,9,277.86,30.873333333333335,2017-01-01,2017-12-22
1533,11,11,104.14,9.467272727272727,2017-01-07,2017-12-23
1534,166,207,5654.0,34.06024096385542,2017-01-09,2017-12-31
1535,131,181,5613.74,42.85297709923664,2017-01-03,2017-12-31
1536,70,79,3677.13,52.53042857142857,2017-01-02,2017-12-26
1537,48,65,1116.44,23.25916666666667,2017-01-14,2017-12-30
1538,6,6,118.05,19.675,2017-01-05,2017-02-23
1539,5,5,46.160000000000004,9.232000000000001,2017-04-17,2017-11-19
154,10,10,322.33,32.233,2017-03-08,2017-12-19
1540,89,98,2338.25,26.27247191011236,2017-01-02,2017-12-31
1541,56,58,4536.66,81.01178571428571,2017-01-01,2017-12-24
1542,56,59,1047.23,18.700535714285714,2017-01-07,2017-12-23
1543,26,29,1014.66,39.02538461538462,2017-01-17,2017-12-31
1544,12,14,635.27,52.939166666666665,2017-01-03,2017-12-14
1545,110,122,2590.4,23.54909090909091,2017-01-05,2017-12-27
1546,50,71,2877.94,57.5588,2017-01-09,2017-12-29
1547,125,161,1223.28,9.78624,2017-03-16,2017-12-31
1548,28,28,787.16,28.11285714285714,2017-01-14,2017-12-23
1549,86,96,1011.4,11.76046511627907,2017-01-02,2017-12-31
155,27,27,1224.71,45.35962962962963,2017-01-02,2017-12-30
1550,77,96,619.3,8.042857142857143,2017-09-06,2017-12-30
1552,19,19,439.86,23.150526315789474,2017-01-09,2017-12-24
1553,2,3,11.04,5.52,2017-03-09,2017-12-02
1554,11,14,261.46,23.769090909090906,2017-04-01,2017-09-03
1555,42,49,879.2,20.933333333333334,2017-01-08,2017-12-30
1556,69,73,2017.22,29.235072463768116,2017-01-02,2017-12-28
1557,100,117,3799.4500000000003,37.9945,2017-01-08,2017-12-27
1558,71,76,2664.4500000000003,37.527464788732395,2017-01-01,2017-12-29
1559,28,33,1437.14,51.32642857142857,2017-02-04,2017-12-24
156,181,302,2106.47,11.63795580110497,2017-01-01,2017-12-31
1560,31,32,812.12,26.19741935483871,2017-03-03,2017-12-29
1561,1,1,102.26,102.26,2017-11-23,2017-11-23
1562,25,25,728.16,29.1264,2017-01-23,2017-10-29
1563,57,72,2534.78,44.46982456140351,2017-01-01,2017-12-31
1564,19,19,216.74,11.407368421052633,2017-01-05,2017-12-17
1565,15,16,231.44,15.429333333333334,2017-01-04,2017-12-31
1566,176,265,8363.93,47.52232954545455,2017-01-27,2017-12-30
1567,95,109,1259.25,13.255263157894737,2017-01-08,2017-12-27
1568,45,50,2764.67,61.437111111111115,2017-01-11,2017-12-30
1569,27,31,460.96999999999997,17.07296296296296,2017-02-03,2017-12-28
157,74,90,1452.8400000000001,19.632972972972976,2017-01-05,2017-12-05
1570,27,27,1167.49,43.24037037037037,2017-03-02,2017-12-20
1571,15,16,202.56,13.504,2017-01-08,2017-12-04
1572,19,20,849.71,44.72157894736842,2017-05-31,2017-12-24
1573,15,16,79.25,5.283333333333333,2017-01-26,2017-11-17
1574,16,18,2691.59,168.224375,2017-01-04,2017-12-05
1575,38,39,1281.8,33.73157894736842,2017-01-11,2017-12-22
1576,7,7,151.59,21.655714285714286,2017-02-27,2017-12-27
1577,43,46,2286.4,53.17209302325582,2017-01-01,2017-12-24
1578,46,54,1480.56,32.18608695652174,2017-01-03,2017-12-31
1579,226,343,7270.54,32.17053097345133,2017-01-01,2017-12-28
158,106,111,1126.33,10.625754716981131,2017-01-01,2017-12-28
1580,127,168,1462.1299999999999,11.51283464566929,2017-01-27,2017-12-31
1581,21,22,1017.85,48.46904761904762,2017-05-29,2017-12-21
1582,16,18,771.44,48.215,2017-01-14,2017-11-14
1583,10,11,199.74,19.974,2017-01-10,2017-11-03
1584,152,199,4468.9800000000005,29.40118421052632,2017-01-02,2017-12-31
1585,85,96,5686.25,66.8970588235294,2017-01-03,2017-12-29
1586,31,34,1096.05,35.35645161290322,2017-01-02,2017-12-28
1587,32,34,467.49,14.6090625,2017-01-08,2017-12-26
1588,109,123,2655.31,24.36064220183486,2017-01-03,2017-12-31
1589,11,11,188.22,17.11090909090909,2017-01-10,2017-12-10
159,44,51,1272.78,28.92681818181818,2017-01-13,2017-12-24
1590,49,53,3854.65,78.66632653061225,2017-01-11,2017-12-18
1591,64,76,3322.55,51.91484375,2017-01-02,2017-12-26
1592,39,40,1951.8500000000001,50.0474358974359,2017-01-11,2017-12-30
1593,19,20,756.12,39.79578947368421,2017-02-02,2017-12-14
1594,54,78,1821.83,33.73759259259259,2017-01-09,2017-12-28
1595,63,70,2473.0,39.25396825396825,2017-01-02,2017-12-30
1596,15,16,1296.16,86.41066666666667,2017-03-27,2017-12-17
1597,23,25,206.24,8.966956521739132,2017-01-04,2017-12-11
1598,178,330,8547.09,48.0173595505618,2017-01-01,2017-12-31
1599,73,86,3942.64,54.00876712328767,2017-01-01,2017-12-24
16,46,49,646.87,14.062391304347827,2017-01-02,2017-12-30
160,28,29,635.38,22.69214285714286,2017-02-05,2017-12-30
1600,24,31,406.8,16.95,2017-03-04,2017-12-04
1601,8,8,565.51,70.68875,2017-01-10,2017-07-12
1602,89,100,3673.36,41.27370786516854,2017-01-02,2017-12-24
1603,9,9,434.15999999999997,48.239999999999995,2017-02-03,2017-10-13
1604,101,105,488.95,4.841089108910891,2017-01-02,2017-12-31
1605,35,35,334.08,9.545142857142856,2017-01-10,2017-12-30
1606,10,10,440.2,44.019999999999996,2017-01-02,2017-12-04
1607,60,64,2119.36,35.32266666666667,2017-01-01,2017-12-31
1608,21,21,753.75,35.892857142857146,2017-01-15,2017-12-31
1609,189,244,16581.36,87.73206349206349,2017-01-01,2017-12-31
161,138,173,3684.92,26.70231884057971,2017-02-03,2017-12-31
1610,2,3,52.49,26.245,2017-03-05,2017-07-01
1611,24,25,383.32,15.971666666666666,2017-01-16,2017-11-26
1612,69,79,4974.07,72.08797101449275,2017-01-03,2017-12-31
1613,76,85,4086.4500000000003,53.76907894736843,2017-01-01,2017-12-31
1614,41,46,331.84000000000003,8.093658536585366,2017-01-11,2017-11-26
1615,23,24,299.85,13.036956521739132,2017-01-02,2017-12-24
1616,21,22,936.62,44.60095238095238,2017-01-22,2017-12-14
1617,33,47,2586.2,78.36969696969696,2017-01-01,2017-11-03
1618,56,65,2888.1800000000003,51.57464285714286,2017-01-03,2017-12-22
1619,104,116,2744.3,26.387500000000003,2017-01-02,2017-12-26
162,35,37,1737.33,49.638,2017-01-20,2017-12-31
1620,178,233,6312.33,35.46252808988764,2017-01-01,2017-12-31
1621,52,64,2161.15,41.56057692307692,2017-01-02,2017-12-31
1622,51,56,2063.77,40.46607843137255,2017-01-04,2017-12-29
1623,81,117,3126.81,38.60259259259259,2017-01-28,2017-12-24
1624,54,65,1369.42,25.35962962962963,2017-01-13,2017-12-18
1625,25,29,371.94,14.8776,2017-01-01,2017-12-12
1626,1,1,40.96,40.96,2017-06-04,2017-06-04
1627,61,78,2467.45,40.449999999999996,2017-01-19,2017-12-27
1629,5,5,245.17000000000002,49.034000000000006,2017-03-16,2017-12-06
163,4,7,22.28,5.57,2017-05-19,2017-10-19
1630,101,107,5396.29,53.42861386138614,2017-01-03,2017-12-30
1631,164,207,6183.84,37.70634146341464,2017-01-01,2017-12-31
1632,30,32,1122.77,37.425666666666665,2017-01-04,2017-11-08
1633,94,111,6322.77,67.26351063829787,2017-01-04,2017-12-31
1634,30,32,1428.02,47.60066666666667,2017-01-04,2017-12-30
1635,10,11,77.78,7.7780000000000005,2017-03-03,2017-11-18
1636,2,2,82.37,41.185,2017-12-22,2017-12-24
1637,21,21,289.78000000000003,13.79904761904762,2017-01-20,2017-12-28
1638,29,33,415.39,14.323793103448276,2017-01-05,2017-12-21
1639,52,65,1455.44,27.98923076923077,2017-01-01,2017-12-30
164,61,67,2692.29,44.13590163934426,2017-01-19,2017-12-31
1640,60,81,2346.09,39.1015,2017-01-06,2017-12-27
1641,21,22,268.24,12.773333333333333,2017-01-08,2017-10-16
1642,60,63,949.28,15.821333333333333,2017-01-01,2017-12-31
1643,19,22,886.61,46.66368421052632,2017-01-02,2017-12-23
1644,4,4,133.9,33.475,2017-12-03,2017-12-31
1645,1,1,136.47,136.47,2017-02-11,2017-02-11
1646,24,24,386.73,16.11375,2017-01-06,2017-10-14
1647,5,5,12.2,2.44,2017-06-30,2017-12-07
1648,75,95,4484.7,59.796,2017-01-14,2017-12-30
1649,30,31,761.49,25.383,2017-01-20,2017-12-14
165,85,100,1609.6,18.93647058823529,2017-01-03,2017-12-31
1650,65,73,1619.18,24.91046153846154,2017-01-03,2017-12-31
1651,45,47,1455.86,32.352444444444444,2017-01-01,2017-12-24
1652,15,15,304.53,20.302,2017-01-03,2017-12-16
1653,227,337,11190.39,49.29687224669603,2017-01-02,2017-12-30
1654,17,17,294.75,17.33823529411765,2017-01-28,2017-12-28
1655,3,3,121.18,40.39333333333334,2017-09-01,2017-10-17
1656,6,6,320.98,53.49666666666667,2017-05-16,2017-12-28
1657,12,20,224.21,18.684166666666666,2017-01-18,2017-11-25
1658,27,34,814.27,30.158148148148147,2017-01-22,2017-12-31
1659,91,101,2147.41,23.597912087912086,2017-01-05,2017-12-14
166,66,68,1886.92,28.58969696969697,2017-01-04,2017-12-31
1660,18,23,529.08,29.393333333333334,2017-02-09,2017-12-18
1661,21,21,669.75,31.892857142857142,2017-01-30,2017-12-11
1662,47,50,5168.87,109.97595744680851,2017-01-03,2017-12-15
1663,111,137,1323.14,11.92018018018018,2017-01-01,2017-12-22
1664,22,33,1641.43,74.61045454545454,2017-08-14,2017-12-30
1665,41,44,446.59000000000003,10.892439024390244,2017-01-04,2017-12-30
1666,47,52,621.87,13.231276595744681,2017-01-07,2017-11-09
1667,11,12,128.71,11.700909090909091,2017-02-09,2017-12-24
1668,45,54,1360.8500000000001,30.241111111111113,2017-01-06,2017-12-29
1669,4,4,146.36,36.59,2017-09-05,2017-11-19
167,12,12,736.51,61.37583333333333,2017-02-24,2017-11-19
1670,11,12,47.81,4.346363636363637,2017-03-16,2017-12-06
1671,13,13,559.15,43.01153846153846,2017-02-05,2017-12-02
1672,33,38,849.51,25.742727272727272,2017-01-02,2017-12-30
1673,43,51,2314.98,53.83674418604651,2017-01-10,2017-12-16
1674,1,1,14.59,14.59,2017-05-15,2017-05-15
1675,60,64,3038.68,50.644666666666666,2017-01-05,2017-12-15
1676,56,63,3013.14,53.80607142857143,2017-01-12,2017-12-30
1677,93,111,7352.38,79.0578494623656,2017-01-04,2017-12-28
1678,32,34,667.37,20.8553125,2017-01-02,2017-11-09
1679,8,9,89.59,11.19875,2017-11-19,2017-12-30
168,17,18,260.99,15.352352941176472,2017-01-16,2017-11-05
1680,38,38,1417.8600000000001,37.312105263157896,2017-01-10,2017-11-23
1681,47,51,1543.24,32.83489361702128,2017-01-06,2017-12-26
1682,2,2,23.92,11.96,2017-09-04,2017-10-31
1683,40,42,960.07,24.00175,2017-01-02,2017-12-24
1684,33,37,1110.21,33.64272727272727,2017-03-24,2017-12-27
1685,40,44,598.55,14.96375,2017-01-01,2017-12-28
1686,56,62,734.19,13.110535714285716,2017-01-07,2017-12-29
1687,57,58,2231.67,39.15210526315789,2017-01-09,2017-12-23
1688,23,25,677.55,29.458695652173912,2017-02-21,2017-12-28
1689,71,78,2134.54,30.06394366197183,2017-01-01,2017-12-30
169,5,6,58.87,11.774,2017-06-07,2017-11-19
1690,24,27,629.85,26.243750000000002,2017-02-01,2017-12-20
1691,29,29,1437.82,49.58,2017-01-07,2017-12-30
1692,80,99,1334.19,16.677375,2017-01-01,2017-12-26
1693,87,95,4808.56,55.27080459770115,2017-01-03,2017-12-30
1694,101,149,5099.58,50.49089108910891,2017-01-03,2017-12-30
1695,61,63,416.97,6.835573770491804,2017-01-05,2017-12-28
1696,39,41,1637.6,41.98974358974359,2017-01-12,2017-12-15
1697,26,26,656.73,25.258846153846154,2017-01-10,2017-12-29
1698,19,22,1293.3300000000002,68.07000000000001,2017-01-01,2017-12-29
1699,15,16,589.42,39.294666666666664,2017-01-19,2017-12-01
17,45,54,2291.09,50.913111111111114,2017-01-02,2017-12-22
170,27,27,1258.86,46.62444444444444,2017-02-27,2017-11-29
1700,14,15,1159.32,82.80857142857143,2017-01-17,2017-12-03
1701,13,15,887.82,68.29384615384616,2017-02-11,2017-12-24
1702,22,24,1620.45,73.65681818181818,2017-01-04,2017-12-31
1703,124,168,3356.06,27.065,2017-01-22,2017-12-30
1704,21,27,308.26,14.67904761904762,2017-02-10,2017-12-29
1705,92,111,1146.1200000000001,12.457826086956523,2017-01-02,2017-12-22
1706,6,6,150.88,25.146666666666665,2017-07-13,2017-12-27
1707,187,336,2589.02,13.845026737967915,2017-01-01,2017-12-31
1708,30,30,2044.77,68.159,2017-01-01,2017-12-31
1709,53,60,1507.32,28.439999999999998,2017-01-11,2017-12-17
171,17,17,403.12,23.71294117647059,2017-01-19,2017-12-21
1710,82,107,6197.13,75.57475609756098,2017-01-07,2017-12-30
1711,3,3,180.38,60.126666666666665,2017-02-08,2017-12-27
1712,13,14,414.5,31.884615384615383,2017-01-29,2017-12-01
1713,23,25,1223.79,53.208260869565216,2017-01-29,2017-12-22
1714,3,3,46.88,15.626666666666667,2017-03-28,2017-09-02
1715,26,27,487.23,18.739615384615384,2017-01-01,2017-12-19
1716,70,77,914.57,13.065285714285714,2017-01-09,2017-12-29
1717,50,52,957.35,19.147000000000002,2017-01-04,2017-12-30
1718,10,10,282.25,28.225,2017-09-04,2017-12-12
1719,30,33,936.79,31.226333333333333,2017-01-31,2017-12-31
172,63,104,1110.04,17.61968253968254,2017-01-08,2017-12-27
1720,82,84,3507.23,42.77109756097561,2017-01-01,2017-12-26
1721,10,10,290.46000000000004,29.046000000000003,2017-07-19,2017-11-22
1722,101,153,5861.68,58.03643564356436,2017-01-04,2017-12-27
1723,48,52,3017.8,62.87083333333334,2017-01-09,2017-12-16
1724,38,39,1120.46,29.48578947368421,2017-02-01,2017-12-31
1725,7,8,297.11,42.44428571428572,2017-04-08,2017-10-15
1726,73,100,4710.64,64.52931506849316,2017-01-04,2017-12-29
1728,14,14,1201.99,85.85642857142857,2017-02-14,2017-12-18
1729,27,30,866.34,32.086666666666666,2017-01-02,2017-12-29
173,8,8,228.99,28.62375,2017-03-03,2017-04-20
1730,68,87,1833.16,26.95823529411765,2017-01-03,2017-12-30
1731,29,29,1371.35,47.28793103448275,2017-01-13,2017-12-29
1732,55,57,1965.66,35.73927272727273,2017-01-02,2017-12-24
1733,10,10,592.81,59.28099999999999,2017-08-31,2017-12-03
1734,14,14,119.33,8.523571428571428,2017-01-25,2017-12-05
1735,53,58,2279.54,43.01018867924528,2017-01-29,2017-12-30
1736,15,15,242.62,16.174666666666667,2017-01-08,2017-12-12
1737,16,16,230.89000000000001,14.430625000000001,2017-08-27,2017-12-30
1738,36,39,880.18,24.449444444444442,2017-01-09,2017-12-27
1739,22,23,575.31,26.150454545454544,2017-01-19,2017-12-26
174,10,10,474.22,47.422000000000004,2017-01-16,2017-07-19
1740,219,320,9994.91,45.63885844748858,2017-01-03,2017-12-29
1741,6,6,58.910000000000004,9.818333333333333,2017-03-04,2017-11-22
1742,165,172,1410.65,8.54939393939394,2017-01-02,2017-12-29
1743,25,26,536.12,21.4448,2017-01-30,2017-12-27
1744,37,38,537.73,14.533243243243243,2017-01-05,2017-12-30
1745,66,68,1287.43,19.506515151515153,2017-01-03,2017-12-17
1746,19,32,1205.52,63.44842105263158,2017-01-14,2017-12-05
1747,38,43,1520.27,40.0071052631579,2017-01-05,2017-12-27
1748,132,160,3457.98,26.19681818181818,2017-01-04,2017-12-26
1749,72,79,2516.41,34.95013888888889,2017-01-01,2017-12-24
175,42,48,1003.67,23.89690476190476,2017-01-21,2017-12-08
1750,8,9,379.33,47.41625,2017-05-13,2017-10-31
1751,111,124,3675.75,33.11486486486486,2017-01-14,2017-12-31
1752,90,122,4311.99,47.910999999999994,2017-01-02,2017-12-29
1753,187,322,1906.72,10.196363636363637,2017-01-01,2017-12-19
1754,104,131,2730.2,26.251923076923074,2017-01-08,2017-12-28
1755,15,15,444.13,29.608666666666668,2017-01-08,2017-12-31
1756,18,23,938.1,52.11666666666667,2017-01-01,2017-09-27
1757,3,3,34.42,11.473333333333334,2017-04-26,2017-06-19
1758,50,52,1712.13,34.2426,2017-01-28,2017-12-31
1759,103,173,2802.63,27.21,2017-01-02,2017-12-29
176,14,14,559.3,39.949999999999996,2017-01-19,2017-11-23
1760,36,39,310.8,8.633333333333333,2017-01-26,2017-12-31
1761,21,21,1221.04,58.1447619047619,2017-02-02,2017-12-21
1762,169,198,9282.34,54.92508875739645,2017-01-03,2017-12-21
1763,109,117,3133.78,28.7502752293578,2017-01-03,2017-12-31
1764,73,93,8828.9,120.94383561643835,2017-01-07,2017-12-29
1765,45,50,2458.2,54.626666666666665,2017-01-01,2017-12-24
1766,20,23,345.3,17.265,2017-01-25,2017-12-10
1767,142,271,5419.37,38.164577464788735,2017-01-01,2017-12-28
1768,45,52,1102.01,24.48911111111111,2017-01-03,2017-12-21
1769,74,90,4160.55,56.22364864864865,2017-01-01,2017-12-31
177,39,43,952.01,24.41051282051282,2017-02-04,2017-12-21
1770,132,185,3970.87,30.082348484848485,2017-01-02,2017-12-30
1771,6,6,336.57,56.095,2017-02-11,2017-12-31
1772,37,42,1047.19,28.302432432432433,2017-01-02,2017-12-03
1773,47,52,1803.73,38.37723404255319,2017-01-01,2017-12-12
1774,31,33,2433.12,78.48774193548387,2017-01-12,2017-12-31
1775,109,137,6385.9400000000005,58.58660550458716,2017-01-04,2017-12-17
1776,71,73,1351.44,19.0343661971831,2017-01-01,2017-12-30
1777,47,49,790.72,16.823829787234043,2017-01-01,2017-12-28
1778,120,153,5395.3,44.96083333333333,2017-01-04,2017-12-27
1779,55,62,2392.39,43.498,2017-01-06,2017-12-21
178,69,79,1346.69,19.517246376811595,2017-03-30,2017-12-31
1780,9,10,275.03000000000003,30.55888888888889,2017-01-08,2017-11-19
1781,50,53,1705.42,34.1084,2017-01-03,2017-12-11
1782,18,22,1023.58,56.86555555555556,2017-01-28,2017-12-23
1783,40,46,2480.18,62.00449999999999,2017-01-05,2017-12-31
1784,21,21,1032.47,49.165238095238095,2017-01-01,2017-12-30
1785,46,47,1107.86,24.08391304347826,2017-02-25,2017-12-28
1786,23,27,233.53,10.153478260869566,2017-03-25,2017-12-31
1787,31,37,596.27,19.234516129032258,2017-01-11,2017-10-18
1788,95,103,5846.5,61.54210526315789,2017-01-02,2017-12-28
1789,8,8,150.08,18.76,2017-05-21,2017-12-22
179,20,21,344.99,17.2495,2017-01-04,2017-08-26
1790,29,29,1386.23,47.801034482758624,2017-01-17,2017-12-21
1791,74,82,1894.39,25.599864864864866,2017-01-01,2017-12-29
1792,23,27,586.45,25.497826086956525,2017-11-02,2017-12-27
1793,26,30,1189.09,45.73423076923076,2017-01-03,2017-11-02
1794,42,43,2070.91,49.307380952380946,2017-01-04,2017-12-31
1795,305,693,5890.54,19.313245901639345,2017-01-01,2017-12-31
1796,31,37,1513.12,48.810322580645156,2017-01-31,2017-12-29
1797,58,61,2893.81,49.89327586206896,2017-01-15,2017-12-29
1798,22,25,1528.29,69.46772727272727,2017-01-19,2017-11-27
1799,31,32,276.84,8.93032258064516,2017-01-18,2017-11-07
18,80,98,4094.36,51.179500000000004,2017-01-05,2017-12-31
180,30,35,919.91,30.663666666666664,2017-01-05,2017-12-31
1800,45,50,2274.1,50.535555555555554,2017-01-12,2017-12-23
1801,29,32,353.63,12.194137931034483,2017-01-10,2017-12-18
1802,29,30,3189.53,109.98379310344828,2017-01-21,2017-12-12
1803,106,111,6821.14,64.35037735849058,2017-01-05,2017-12-29
1804,143,179,5956.56,41.654265734265735,2017-01-03,2017-12-28
1805,28,28,291.64,10.415714285714285,2017-01-13,2017-12-31
1806,70,76,2263.43,32.334714285714284,2017-01-08,2017-12-28
1807,114,129,4894.85,42.93728070175439,2017-01-03,2017-12-20
1808,43,49,1206.63,28.061162790697676,2017-01-12,2017-12-15
1809,34,35,955.28,28.09647058823529,2017-01-08,2017-12-21
181,10,14,652.96,65.296,2017-05-17,2017-11-04
1810,119,146,2268.17,19.060252100840337,2017-01-02,2017-12-24
1811,9,10,506.48,56.275555555555556,2017-02-11,2017-12-22
1812,65,69,1454.29,22.373692307692306,2017-01-02,2017-12-30
1813,2,2,200.26,100.13,2017-11-08,2017-11-15
1814,30,30,2123.42,70.78066666666668,2017-01-05,2017-12-13
1815,55,72,3465.51,63.00927272727273,2017-01-11,2017-12-30
1816,81,95,1903.3700000000001,23.498395061728395,2017-01-03,2017-12-29
1817,28,28,711.01,25.393214285714286,2017-03-10,2017-12-24
1818,12,14,111.35,9.279166666666667,2017-09-24,2017-12-31
1819,37,39,1080.91,29.213783783783786,2017-01-09,2017-12-23
182,24,26,836.12,34.83833333333333,2017-02-05,2017-12-07
1820,58,63,3712.4,64.00689655172414,2017-01-03,2017-12-23
1821,90,105,3952.2400000000002,43.91377777777778,2017-01-07,2017-12-30
1822,79,99,1488.58,18.84278481012658,2017-01-03,2017-12-14
1823,162,240,7598.62,46.90506172839506,2017-01-08,2017-12-30
1824,76,83,1679.95,22.104605263157897,2017-01-06,2017-12-16
1825,22,25,939.35,42.69772727272727,2017-01-02,2017-11-05
1826,57,61,831.88,14.59438596491228,2017-01-04,2017-12-28
1827,28,32,533.65,19.05892857142857,2017-05-01,2017-12-26
1828,11,12,755.76,68.70545454545454,2017-01-30,2017-10-13
1829,154,192,3943.1,25.604545454545455,2017-01-03,2017-12-22
183,60,69,763.52,12.725333333333333,2017-01-01,2017-12-31
1831,91,105,3588.66,39.43582417582417,2017-01-01,2017-12-31
1832,29,29,470.42,16.22137931034483,2017-02-25,2017-12-19
1833,50,54,1521.46,30.4292,2017-01-11,2017-12-31
1834,72,85,2249.41,31.241805555555555,2017-01-03,2017-12-19
1835,146,179,6181.4,42.33835616438356,2017-01-04,2017-12-30
1836,37,41,1281.1200000000001,34.62486486486487,2017-01-03,2017-12-09
1837,101,129,5661.66,56.05603960396039,2017-01-02,2017-12-30
1838,17,18,646.2,38.01176470588236,2017-01-25,2017-11-19
1839,63,67,1196.49,18.991904761904763,2017-01-08,2017-12-29
184,122,165,4715.76,38.65377049180328,2017-01-04,2017-12-31
1840,29,36,332.22,11.455862068965518,2017-04-02,2017-09-29
1841,20,20,1524.1100000000001,76.2055,2017-01-13,2017-12-28
1842,7,7,188.35,26.907142857142855,2017-02-19,2017-10-29
1843,22,24,417.61,18.98227272727273,2017-03-21,2017-12-14
1844,49,49,859.6,17.542857142857144,2017-01-04,2017-12-05
1845,73,78,5617.53,76.95246575342465,2017-01-05,2017-12-31
1846,16,17,595.0,37.1875,2017-01-08,2017-12-31
1847,58,65,1658.3600000000001,28.59241379310345,2017-01-05,2017-12-28
1848,50,53,5639.96,112.7992,2017-01-05,2017-12-30
1849,85,96,1373.84,16.162823529411764,2017-01-07,2017-12-19
185,33,39,1138.51,34.50030303030303,2017-02-21,2017-12-31
1850,121,140,4163.84,34.411900826446285,2017-01-07,2017-12-31
1851,21,23,811.53,38.644285714285715,2017-02-13,2017-12-21
1852,91,128,4165.39,45.77351648351649,2017-01-01,2017-12-30
1853,17,22,152.88,8.992941176470588,2017-01-16,2017-12-02
1854,104,124,3728.2200000000003,35.84826923076923,2017-01-07,2017-12-27
1855,7,7,177.98,25.425714285714285,2017-03-30,2017-12-12
1856,181,251,2637.15,14.56988950276243,2017-01-01,2017-12-31
1857,46,59,1450.21,31.526304347826088,2017-01-13,2017-12-27
1858,40,41,1901.53,47.53825,2017-01-04,2017-12-21
1859,14,14,743.4300000000001,53.10214285714286,2017-01-06,2017-11-11
186,1,1,38.410000000000004,38.410000000000004,2017-04-15,2017-04-15
1860,27,27,257.68,9.543703703703704,2017-05-19,2017-12-11
1861,61,76,1078.15,17.67459016393443,2017-01-02,2017-12-21
1862,52,70,1126.16,21.65692307692308,2017-01-09,2017-12-24
1863,1,1,5.99,5.99,2017-07-04,2017-07-04
1864,83,97,9922.95,119.55361445783133,2017-01-02,2017-12-16
1865,84,84,3255.31,38.75369047619048,2017-01-05,2017-12-31
1866,8,8,90.98,11.3725,2017-06-30,2017-12-30
1867,9,9,327.45,36.38333333333333,2017-05-13,2017-12-31
1868,11,14,271.99,24.726363636363637,2017-01-22,2017-12-24
1869,62,67,1957.3,31.56935483870968,2017-01-01,2017-12-30
187,18,19,204.63,11.368333333333332,2017-01-08,2017-12-12
1870,22,22,194.16,8.825454545454546,2017-03-11,2017-12-24
1871,8,9,159.5,19.9375,2017-01-18,2017-12-11
1872,77,93,2303.59,29.91675324675325,2017-01-02,2017-12-31
1873,93,150,3518.97,37.83838709677419,2017-01-01,2017-12-30
1874,15,15,306.06,20.404,2017-03-16,2017-12-20
1875,26,31,629.66,24.217692307692307,2017-01-07,2017-12-30
1877,30,34,1149.1,38.30333333333333,2017-01-06,2017-12-31
1878,7,8,154.74,22.10571428571429,2017-01-10,2017-09-23
1879,148,165,3132.47,21.165337837837836,2017-01-04,2017-12-30
188,16,18,1086.11,67.881875,2017-01-01,2017-12-03
1880,8,9,146.27,18.28375,2017-03-12,2017-12-26
1881,68,81,1764.26,25.945,2017-01-02,2017-12-19
1882,6,6,38.89,6.4816666666666665,2017-01-02,2017-12-08
1883,49,63,1636.81,33.40428571428571,2017-01-01,2017-12-21
1884,24,25,503.08,20.961666666666666,2017-04-02,2017-12-27
1885,9,10,194.9,21.655555555555555,2017-04-11,2017-12-19
1886,3,3,131.6,43.86666666666667,2017-02-06,2017-04-23
1887,65,67,658.98,10.138153846153847,2017-01-23,2017-12-17
1888,1,1,14.97,14.97,2017-08-27,2017-08-27
1889,15,16,809.49,53.966,2017-01-11,2017-12-19
189,26,26,544.86,20.956153846153846,2017-01-21,2017-12-22
1890,29,30,1008.77,34.785172413793106,2017-03-14,2017-12-29
1891,20,21,790.15,39.5075,2017-01-16,2017-12-24
1892,120,180,3526.1,29.384166666666665,2017-01-01,2017-12-20
1893,8,8,208.95,26.11875,2017-03-07,2017-12-02
1894,31,32,1933.1200000000001,62.358709677419355,2017-01-28,2017-12-30
1895,16,19,279.08,17.4425,2017-01-04,2017-12-27
1896,63,70,2170.23,34.44809523809524,2017-01-01,2017-12-29
1898,11,15,152.55,13.868181818181819,2017-01-05,2017-11-24
1899,38,39,6809.31,179.19236842105263,2017-01-01,2017-12-31
19,191,298,7739.37,40.52026178010471,2017-01-06,2017-12-31
190,12,15,383.58,31.965,2017-02-12,2017-11-07
1900,32,33,5064.9800000000005,158.28062500000001,2017-03-28,2017-12-22
1901,165,438,5750.4,34.85090909090909,2017-01-01,2017-12-31
1902,8,9,634.28,79.285,2017-02-03,2017-12-20
1903,23,26,699.5,30.41304347826087,2017-01-03,2017-12-01
1904,12,12,119.53999999999999,9.961666666666666,2017-01-13,2017-12-21
1905,42,44,728.57,17.346904761904764,2017-01-02,2017-12-31
1906,81,91,4766.91,58.85074074074074,2017-01-03,2017-12-31
1907,136,200,4757.06,34.97838235294118,2017-01-01,2017-12-31
1908,22,22,416.84000000000003,18.94727272727273,2017-05-30,2017-10-31
1909,14,15,416.37,29.740714285714287,2017-01-07,2017-12-31
191,14,17,309.12,22.080000000000002,2017-04-05,2017-12-20
1910,11,12,273.75,24.886363636363637,2017-01-01,2017-11-26
1911,72,78,1117.86,15.525833333333331,2017-01-12,2017-12-31
1912,39,41,1113.28,28.545641025641025,2017-01-02,2017-12-30
1913,21,25,530.69,25.270952380952384,2017-01-08,2017-11-02
1914,71,82,1828.07,25.747464788732394,2017-01-01,2017-12-30
1915,8,9,204.85,25.60625,2017-01-28,2017-08-26
1916,75,89,1497.77,19.970266666666667,2017-01-12,2017-12-17
1917,127,138,3208.67,25.26511811023622,2017-01-07,2017-12-30
1918,17,18,837.57,49.26882352941177,2017-01-04,2017-12-30
1919,41,55,2470.73,60.261707317073174,2017-01-06,2017-12-29
192,49,51,1915.55,39.09285714285714,2017-01-04,2017-12-22
1920,52,52,1021.51,19.644423076923076,2017-01-07,2017-12-30
1921,62,68,945.54,15.250645161290322,2017-03-22,2017-12-29
1922,56,59,1934.64,34.54714285714286,2017-01-05,2017-12-26
1923,87,103,2987.23,34.33597701149425,2017-01-07,2017-12-27
1924,122,140,4010.53,32.87319672131148,2017-01-01,2017-12-24
1925,42,47,1021.71,24.326428571428572,2017-01-05,2017-12-13
1926,37,43,1290.04,34.865945945945946,2017-01-04,2017-12-20
1927,46,68,3300.87,71.75804347826087,2017-01-03,2017-12-23
1928,57,59,1167.7,20.485964912280703,2017-01-04,2017-12-27
1929,27,29,2120.57,78.53962962962963,2017-01-07,2017-12-23
193,51,74,2955.06,57.942352941176466,2017-01-12,2017-12-26
1930,61,66,1249.96,20.491147540983608,2017-01-04,2017-12-30
1931,55,61,1489.33,27.07872727272727,2017-01-07,2017-12-22
1932,50,56,2096.15,41.923,2017-01-23,2017-12-20
1933,39,49,1272.97,32.64025641025641,2017-01-12,2017-12-28
1934,3,3,68.14,22.713333333333335,2017-05-17,2017-09-22
1935,91,110,8209.23,90.21131868131867,2017-01-14,2017-12-30
1936,127,283,2952.81,23.250472440944883,2017-01-01,2017-12-23
1937,76,89,3609.46,47.4928947368421,2017-01-14,2017-12-30
1938,13,13,496.07,38.15923076923077,2017-02-14,2017-12-29
1939,41,43,1925.96,46.974634146341465,2017-01-16,2017-12-18
194,25,26,729.78,29.1912,2017-01-11,2017-12-28
1940,29,31,1007.91,34.75551724137931,2017-01-25,2017-12-21
1941,74,84,400.63,5.4139189189189185,2017-01-01,2017-12-21
1942,73,82,1837.82,25.175616438356162,2017-02-20,2017-12-21
1943,82,94,2485.12,30.306341463414633,2017-01-05,2017-12-29
1944,88,99,6167.67,70.0871590909091,2017-01-02,2017-12-24
1945,13,14,663.8000000000001,51.06153846153847,2017-01-09,2017-11-22
1946,29,30,2577.7400000000002,88.88758620689656,2017-01-06,2017-12-23
1947,59,63,5330.31,90.3442372881356,2017-01-01,2017-12-31
1948,64,66,1189.75,18.58984375,2017-01-12,2017-12-31
1949,36,41,1427.68,39.65777777777778,2017-02-16,2017-12-17
195,27,35,1869.54,69.24222222222222,2017-01-02,2017-12-06
1950,17,17,580.98,34.17529411764706,2017-07-08,2017-12-01
1951,4,5,158.25,39.5625,2017-01-03,2017-11-14
1952,11,11,279.64,25.421818181818182,2017-01-26,2017-12-20
1953,60,73,2112.7000000000003,35.21166666666667,2017-01-02,2017-12-28
1954,82,93,1309.67,15.97158536585366,2017-01-14,2017-12-26
1955,64,90,4384.91,68.51421875,2017-01-09,2017-12-16
1956,28,30,1052.88,37.60285714285715,2017-01-15,2017-12-29
1957,25,26,1387.17,55.4868,2017-01-16,2017-12-10
1958,21,22,497.26,23.67904761904762,2017-01-18,2017-12-06
1959,56,67,3510.69,62.690892857142856,2017-04-03,2017-11-02
196,93,110,3062.46,32.92967741935484,2017-01-03,2017-12-31
1960,39,53,1575.53,40.39820512820513,2017-01-08,2017-12-22
1961,36,41,646.21,17.950277777777778,2017-01-05,2017-12-28
1962,73,86,2297.34,31.47041095890411,2017-01-06,2017-12-28
1963,22,22,1032.35,46.925,2017-01-05,2017-11-12
1964,38,39,1251.99,32.947105263157894,2017-01-06,2017-12-29
1965,92,102,2602.36,28.286521739130436,2017-01-07,2017-12-30
1966,81,87,3503.07,43.24777777777778,2017-01-07,2017-12-30
1967,44,49,1233.22,28.027727272727272,2017-02-03,2017-12-29
1968,46,54,1392.24,30.26608695652174,2017-01-04,2017-12-30
1969,126,143,1480.83,11.752619047619048,2017-01-02,2017-12-29
197,36,38,1499.25,41.645833333333336,2017-01-04,2017-12-16
1970,39,45,857.25,21.98076923076923,2017-02-03,2017-12-31
1971,54,60,1353.53,25.06537037037037,2017-01-02,2017-12-22
1972,48,62,1035.15,21.565625,2017-01-03,2017-12-19
1973,13,14,218.14000000000001,16.78,2017-01-02,2017-10-29
1974,79,89,2479.43,31.38518987341772,2017-01-01,2017-08-14
1975,159,217,10843.51,68.19817610062893,2017-01-05,2017-12-31
1976,74,93,1759.47,23.776621621621622,2017-01-04,2017-12-22
1977,22,25,340.29,15.467727272727274,2017-01-19,2017-12-22
1978,36,39,684.29,19.008055555555554,2017-01-05,2017-12-07
1979,50,53,499.54,9.9908,2017-01-04,2017-12-30
198,123,242,4611.53,37.49211382113821,2017-01-01,2017-12-30
1980,30,33,2627.23,87.57433333333333,2017-01-15,2017-12-30
1981,51,52,665.24,13.043921568627452,2017-01-10,2017-12-31
1982,78,89,2338.25,29.977564102564102,2017-01-01,2017-12-22
1983,13,13,543.66,41.82,2017-01-19,2017-11-18
1984,3,3,38.94,12.979999999999999,2017-11-25,2017-12-27
1985,79,90,5455.84,69.06126582278482,2017-01-01,2017-12-31
1986,7,7,93.74,13.391428571428571,2017-03-05,2017-12-19
1987,46,49,1499.55,32.59891304347826,2017-01-17,2017-12-20
1988,74,115,4709.58,63.64297297297297,2017-01-05,2017-12-28
1989,84,96,1845.33,21.968214285714286,2017-01-04,2017-12-18
199,23,25,270.76,11.772173913043478,2017-01-23,2017-12-09
1990,69,78,2928.51,42.44217391304348,2017-01-06,2017-12-31
1991,24,26,169.62,7.0675,2017-01-24,2017-12-14
1992,21,21,335.57,15.979523809523808,2017-01-04,2017-12-09
1993,40,46,696.67,17.41675,2017-01-01,2017-12-31
1994,21,21,578.21,27.533809523809527,2017-01-20,2017-12-22
1995,85,92,9067.69,106.67870588235294,2017-01-03,2017-12-23
1996,64,73,1523.7,23.8078125,2017-01-09,2017-12-30
1997,34,39,2600.84,76.49529411764706,2017-01-13,2017-12-30
1998,154,171,1442.39,9.366168831168832,2017-01-02,2017-12-30
1999,24,24,237.89000000000001,9.912083333333333,2017-03-31,2017-12-27
2,20,20,1024.12,51.205999999999996,2017-01-07,2017-12-04
20,215,289,5525.9800000000005,25.70223255813954,2017-01-01,2017-12-30
200,43,62,802.5,18.662790697674417,2017-07-15,2017-12-21
2000,30,32,313.25,10.441666666666666,2017-01-12,2017-12-19
2001,7,7,297.55,42.50714285714286,2017-01-17,2017-12-20
2002,26,28,1242.69,47.79576923076923,2017-03-25,2017-12-21
2003,23,24,1138.7,49.50869565217391,2017-02-28,2017-12-18
2004,129,147,5923.67,45.91992248062016,2017-01-01,2017-12-31
2005,36,38,981.58,27.266111111111112,2017-01-08,2017-12-31
2006,43,48,2011.47,46.77837209302326,2017-01-01,2017-12-24
2007,98,117,5326.44,54.35142857142857,2017-01-02,2017-12-31
2008,42,45,1476.03,35.14357142857143,2017-01-16,2017-12-30
2009,2,2,20.48,10.24,2017-01-24,2017-02-01
201,31,34,1130.08,36.454193548387096,2017-01-01,2017-12-30
2010,2,2,27.259999999999998,13.629999999999999,2017-11-28,2017-12-17
2011,63,65,932.99,14.80936507936508,2017-01-02,2017-12-29
2012,139,183,5366.04,38.60460431654676,2017-01-02,2017-12-30
2013,48,58,459.22,9.567083333333334,2017-01-02,2017-11-28
2014,15,15,599.69,39.97933333333334,2017-01-07,2017-12-18
2015,70,75,3774.7400000000002,53.92485714285715,2017-01-02,2017-12-30
2016,42,49,893.64,21.277142857142856,2017-01-05,2017-12-31
2017,95,108,4839.5199999999995,50.94231578947368,2017-01-02,2017-12-30
2018,86,107,2546.7,29.612790697674416,2017-01-03,2017-12-30
2019,180,225,10013.96,55.633111111111106,2017-01-06,2017-12-30
202,13,15,223.48000000000002,17.19076923076923,2017-01-18,2017-11-13
2020,129,153,5694.22,44.14124031007752,2017-01-03,2017-12-31
2021,34,36,659.7,19.40294117647059,2017-01-10,2017-12-26
2022,52,53,4906.66,94.35884615384614,2017-01-04,2017-12-31
2023,63,76,1327.06,21.064444444444444,2017-01-05,2017-12-30
2024,45,49,2605.7799999999997,57.90622222222222,2017-01-04,2017-12-30
2025,13,14,501.34,38.56461538461538,2017-01-06,2017-12-26
2026,11,12,876.25,79.6590909090909,2017-01-24,2017-12-29
2027,69,84,1259.47,18.2531884057971,2017-01-02,2017-11-19
2028,45,49,901.07,20.023777777777777,2017-01-11,2017-12-26
2029,31,32,1234.31,39.81645161290322,2017-04-03,2017-12-18
203,18,24,594.02,33.00111111111111,2017-01-09,2017-12-04
2030,57,62,1673.76,29.36421052631579,2017-01-02,2017-12-31
2031,4,4,30.59,7.6475,2017-01-19,2017-03-06
2032,24,24,464.12,19.338333333333335,2017-01-02,2017-12-31
2033,66,80,1764.71,26.738030303030303,2017-01-03,2017-11-24
2034,83,97,2306.17,27.785180722891567,2017-01-04,2017-12-29
2035,24,31,452.47,18.85291666666667,2017-01-03,2017-12-24
2036,29,30,2655.69,91.57551724137932,2017-02-13,2017-12-26
2037,37,38,643.35,17.38783783783784,2017-01-05,2017-12-27
2038,31,32,874.79,28.219032258064516,2017-03-30,2017-12-27
204,22,23,236.67,10.757727272727273,2017-01-04,2017-12-20
2040,116,197,1417.49,12.219741379310346,2017-01-01,2017-12-24
2041,87,108,4766.68,54.78942528735632,2017-01-03,2017-12-30
2042,15,17,2965.05,197.67000000000002,2017-01-09,2017-12-19
2043,38,41,1050.52,27.645263157894735,2017-01-01,2017-12-24
2044,19,20,436.59,22.978421052631578,2017-01-08,2017-12-31
2045,9,9,220.05,24.450000000000003,2017-01-12,2017-11-09
2046,20,22,227.89000000000001,11.3945,2017-01-22,2017-12-09
2047,60,85,2908.35,48.4725,2017-01-03,2017-12-19
2048,16,32,1151.27,71.954375,2017-01-16,2017-12-22
2049,22,24,285.38,12.97181818181818,2017-01-08,2017-12-22
205,59,77,2643.4700000000003,44.80457627118645,2017-02-18,2017-12-31
2050,69,76,2420.42,35.07855072463768,2017-01-04,2017-12-30
2051,24,28,336.59,14.024583333333332,2017-01-01,2017-06-27
2052,4,4,82.95,20.7375,2017-07-09,2017-11-03
2053,91,105,2073.58,22.786593406593404,2017-01-10,2017-12-28
2054,11,12,100.03,9.093636363636364,2017-01-22,2017-10-25
2055,100,106,1737.1100000000001,17.371100000000002,2017-01-14,2017-12-31
2056,42,62,1515.04,36.07238095238095,2017-01-04,2017-12-31
2057,64,78,1986.71,31.04234375,2017-01-09,2017-12-29
2058,77,85,2981.3,38.71818181818182,2017-01-08,2017-12-29
2059,21,22,1042.25,49.63095238095238,2017-01-04,2017-10-27
2060,22,23,444.89,20.222272727272728,2017-01-03,2017-12-22
2061,8,8,96.73,12.09125,2017-01-20,2017-12-27
2062,66,75,1776.44,26.915757575757578,2017-01-02,2017-12-30
2063,35,36,1200.35,34.29571428571428,2017-01-03,2017-12-01
2064,153,185,3961.43,25.89169934640523,2017-01-03,2017-12-30
2065,52,54,2279.75,43.84134615384615,2017-01-01,2017-12-31
2066,53,65,986.34,18.610188679245283,2017-01-03,2017-10-19
2068,66,70,1589.14,24.077878787878788,2017-01-09,2017-12-31
2069,38,49,910.15,23.951315789473682,2017-01-14,2017-12-23
207,12,13,596.49,49.7075,2017-01-06,2017-12-20
2070,230,404,5358.67,23.298565217391303,2017-01-02,2017-12-31
2071,122,167,1367.34,11.207704918032785,2017-01-01,2017-12-24
2073,14,14,470.55,33.61071428571429,2017-01-03,2017-10-26
2074,17,18,303.7,17.86470588235294,2017-01-01,2017-12-27
2075,83,119,3387.61,40.814578313253016,2017-01-18,2017-12-29
2076,100,120,3849.77,38.4977,2017-01-01,2017-12-30
2077,38,45,810.87,21.338684210526317,2017-01-04,2017-12-10
2078,16,18,364.84,22.8025,2017-01-04,2017-12-27
2079,45,54,2242.91,49.84244444444444,2017-01-01,2017-12-08
208,66,72,2362.81,35.80015151515151,2017-01-05,2017-12-29
2080,25,28,2263.63,90.54520000000001,2017-01-07,2017-12-26
2081,11,11,352.4,32.03636363636363,2017-01-13,2017-10-28
2082,90,108,2795.15,31.057222222222222,2017-01-02,2017-12-31
2083,167,204,4257.4800000000005,25.493892215568867,2017-01-01,2017-12-31
2084,69,85,2078.56,30.12405797101449,2017-01-01,2017-12-31
2085,157,225,8394.74,53.46968152866242,2017-01-04,2017-12-28
2086,215,337,3853.92,17.92520930232558,2017-01-01,2017-12-31
2087,114,130,4575.4400000000005,40.135438596491234,2017-01-05,2017-12-31
2088,61,65,3107.87,50.94868852459016,2017-01-06,2017-12-27
2089,20,20,84.49,4.2245,2017-01-01,2017-12-08
209,89,127,4577.96,51.43775280898876,2017-01-07,2017-12-28
2090,24,24,607.37,25.307083333333335,2017-01-15,2017-12-30
2091,8,8,446.39,55.79875,2017-01-31,2017-10-22
2092,44,56,790.75,17.97159090909091,2017-01-04,2017-10-02
2093,10,10,351.11,35.111000000000004,2017-01-24,2017-11-23
2094,43,43,1640.26,38.145581395348835,2017-01-29,2017-12-31
2095,60,98,2285.11,38.085166666666666,2017-01-01,2017-12-01
2096,12,12,918.38,76.53166666666667,2017-01-21,2017-11-03
2097,95,111,4923.62,51.82757894736842,2017-01-01,2017-12-27
2098,12,12,664.34,55.36166666666667,2017-01-11,2017-12-14
2099,34,38,481.26,14.15470588235294,2017-03-05,2017-12-18
21,15,18,645.09,43.006,2017-02-27,2017-11-16
210,82,95,2428.41,29.614756097560974,2017-01-02,2017-12-31
2100,43,53,2227.72,51.80744186046511,2017-01-07,2017-12-30
2101,5,5,218.4,43.68,2017-10-11,2017-12-16
2102,62,62,2317.73,37.38274193548387,2017-01-16,2017-12-30
2103,9,9,122.93,13.658888888888889,2017-02-13,2017-10-05
2104,18,25,402.32,22.35111111111111,2017-03-23,2017-12-11
2105,6,7,142.76,23.793333333333333,2017-01-01,2017-08-29
2106,10,10,384.85,38.485,2017-01-20,2017-07-27
2107,54,55,2339.4,43.32222222222222,2017-01-04,2017-12-09
2108,74,81,1308.58,17.683513513513514,2017-01-09,2017-12-30
2109,76,84,1705.07,22.435131578947367,2017-01-07,2017-12-27
211,55,58,937.29,17.041636363636364,2017-01-27,2017-12-29
2110,96,102,5908.09,61.54260416666667,2017-01-04,2017-12-30
2111,58,61,1417.24,24.435172413793104,2017-01-04,2017-12-31
2112,65,82,3182.09,48.95523076923077,2017-01-06,2017-12-17
2113,41,42,1080.66,26.357560975609758,2017-01-29,2017-12-03
2114,72,78,1679.75,23.32986111111111,2017-01-09,2017-12-28
2115,136,183,8348.09,61.38301470588235,2017-01-02,2017-12-31
2116,98,116,6272.13,64.00132653061225,2017-01-01,2017-12-30
2117,37,38,646.75,17.47972972972973,2017-01-04,2017-12-27
2118,17,17,762.89,44.875882352941176,2017-01-10,2017-11-04
2119,27,31,1641.91,60.811481481481486,2017-01-07,2017-12-30
212,59,63,1683.43,28.53271186440678,2017-01-07,2017-12-27
2120,35,47,1305.56,37.30171428571428,2017-01-01,2017-12-18
2121,74,86,3162.82,42.740810810810814,2017-01-05,2017-12-23
2122,5,5,138.58,27.716,2017-08-16,2017-12-16
2123,41,41,3047.17,74.32121951219513,2017-01-04,2017-12-29
2124,110,126,4429.78,40.27072727272727,2017-01-02,2017-12-31
2125,77,92,3840.57,49.87753246753247,2017-04-07,2017-12-31
2126,72,81,2715.13,37.71013888888889,2017-01-15,2017-12-24
2127,18,20,1210.02,67.22333333333333,2017-02-10,2017-12-24
2128,16,19,186.73,11.670625,2017-02-12,2017-08-17
2129,86,99,4497.44,52.29581395348837,2017-01-04,2017-12-26
213,3,3,294.56,98.18666666666667,2017-01-08,2017-08-26
2130,55,66,4322.34,78.58800000000001,2017-01-01,2017-12-19
2131,55,68,2305.3,41.91454545454546,2017-01-01,2017-12-28
2132,22,26,409.09000000000003,18.595000000000002,2017-02-17,2017-12-31
2133,80,88,4313.13,53.914125,2017-01-02,2017-12-30
2134,41,49,5375.400000000001,131.10731707317075,2017-01-06,2017-12-29
2135,24,26,437.77,18.240416666666665,2017-01-08,2017-11-24
2136,11,11,883.74,80.34,2017-01-07,2017-12-30
2137,109,125,2051.86,18.82440366972477,2017-01-02,2017-12-31
2138,37,39,1107.57,29.934324324324322,2017-01-04,2017-12-15
2139,163,262,3762.29,23.08153374233129,2017-01-02,2017-12-30
214,54,55,1766.72,32.71703703703704,2017-01-01,2017-12-31
2140,45,49,1515.1100000000001,33.669111111111114,2017-03-22,2017-12-27
2141,47,50,2808.65,59.75851063829787,2017-01-03,2017-12-23
2142,49,54,4226.5,86.25510204081633,2017-01-01,2017-12-29
2143,3,4,183.83,61.27666666666667,2017-05-03,2017-11-22
2144,40,43,2103.65,52.59125,2017-01-14,2017-12-24
2145,19,21,574.99,30.262631578947367,2017-01-05,2017-11-03
2146,19,20,825.74,43.46,2017-01-02,2017-11-21
2147,48,54,3716.12,77.41916666666667,2017-01-06,2017-12-30
2148,61,62,1553.1,25.460655737704915,2017-01-03,2017-12-20
2149,63,79,2817.52,44.72253968253968,2017-01-10,2017-12-31
215,80,91,1036.64,12.958000000000002,2017-01-07,2017-12-29
2150,1,1,17.2,17.2,2017-11-03,2017-11-03
2151,5,5,91.11,18.222,2017-08-02,2017-11-22
2152,15,15,90.47,6.031333333333333,2017-03-16,2017-12-09
2153,26,29,724.84,27.87846153846154,2017-01-16,2017-12-31
2154,88,101,2125.1,24.148863636363636,2017-01-09,2017-12-31
2155,5,5,94.10000000000001,18.82,2017-06-03,2017-10-23
2156,51,63,3575.97,70.1170588235294,2017-01-07,2017-12-17
2157,5,5,197.57,39.513999999999996,2017-01-21,2017-11-10
2158,54,70,1784.2,33.040740740740745,2017-01-02,2017-12-30
2159,52,71,1310.48,25.201538461538462,2017-01-04,2017-12-29
216,62,72,1731.07,27.92048387096774,2017-01-10,2017-12-26
2160,37,37,469.15,12.67972972972973,2017-02-07,2017-12-23
2161,17,17,915.2,53.83529411764706,2017-03-13,2017-12-27
2162,82,115,8994.04,109.68341463414635,2017-01-09,2017-12-31
2163,10,10,275.38,27.538,2017-01-05,2017-12-13
2164,12,12,554.24,46.18666666666667,2017-01-10,2017-04-26
2165,10,10,179.31,17.931,2017-03-02,2017-12-23
2166,5,5,19.13,3.8259999999999996,2017-03-09,2017-08-11
2167,31,32,700.22,22.587741935483873,2017-01-02,2017-10-16
2168,100,105,2909.33,29.0933,2017-01-05,2017-12-31
2169,21,25,516.27,24.584285714285713,2017-01-12,2017-12-09
217,28,33,1283.24,45.83,2017-01-02,2017-12-27
2170,143,164,3471.18,24.27398601398601,2017-01-01,2017-12-31
2171,60,66,2553.75,42.5625,2017-01-10,2017-12-30
2172,64,68,1681.6200000000001,26.275312500000002,2017-01-16,2017-12-31
2173,55,65,1720.58,31.283272727272728,2017-01-06,2017-12-31
2174,18,21,309.98,17.221111111111114,2017-01-10,2017-12-27
2175,11,12,377.38,34.307272727272725,2017-01-15,2017-12-30
2176,61,83,1392.01,22.81983606557377,2017-01-01,2017-10-25
2177,2,2,42.24,21.12,2017-10-01,2017-11-20
2178,95,112,2548.11,26.82221052631579,2017-01-03,2017-11-22
2179,26,26,802.32,30.85846153846154,2017-02-04,2017-12-23
218,85,101,5706.09,67.1304705882353,2017-01-01,2017-12-31
2180,17,25,503.11,29.59470588235294,2017-02-28,2017-12-10
2181,38,43,2410.13,63.42447368421053,2017-01-05,2017-12-28
2182,38,39,577.23,15.190263157894737,2017-01-01,2017-12-23
2183,98,119,2920.9700000000003,29.805816326530614,2017-01-13,2017-12-30
2184,83,95,1854.29,22.340843373493975,2017-01-01,2017-12-23
2185,35,37,3342.58,95.50228571428572,2017-01-06,2017-12-23
2186,71,80,3476.49,48.96464788732394,2017-01-15,2017-12-21
2187,21,23,1176.08,56.00380952380952,2017-01-06,2017-12-12
2188,83,87,2673.59,32.211927710843376,2017-01-03,2017-12-30
2189,52,62,904.42,17.392692307692307,2017-01-08,2017-12-29
219,123,137,6817.13,55.42382113821138,2017-01-02,2017-12-30
2190,119,141,5831.64,49.00537815126051,2017-01-02,2017-12-31
2191,8,8,589.41,73.67625,2017-01-29,2017-11-21
2192,11,11,90.4,8.218181818181819,2017-04-23,2017-12-03
2193,53,67,4727.0,89.18867924528301,2017-01-02,2017-12-31
2194,162,211,3939.21,24.316111111111113,2017-01-01,2017-12-31
2195,42,46,653.1,15.55,2017-01-15,2017-12-31
2196,37,37,571.95,15.45810810810811,2017-01-12,2017-12-29
2197,15,15,149.77,9.984666666666667,2017-02-18,2017-12-19
2198,144,248,4279.43,29.71826388888889,2017-01-15,2017-12-31
2199,78,86,3118.71,39.98346153846154,2017-01-05,2017-12-26
22,68,79,3453.31,50.78397058823529,2017-01-06,2017-12-31
220,37,45,1494.25,40.38513513513514,2017-01-09,2017-12-18
2200,96,105,4309.47,44.8903125,2017-01-05,2017-12-29
2202,7,7,176.92000000000002,25.274285714285718,2017-02-19,2017-12-04
2203,43,51,2643.25,61.47093023255814,2017-01-09,2017-11-28
2204,80,98,1284.9,16.06125,2017-01-04,2017-12-31
2205,29,29,611.62,21.090344827586208,2017-01-02,2017-12-08
2206,25,25,259.19,10.3676,2017-01-02,2017-12-01
2207,118,210,3313.45,28.08008474576271,2017-01-09,2017-12-28
2208,67,75,4044.57,60.36671641791045,2017-01-03,2017-12-24
2209,108,129,3414.12,31.612222222222222,2017-01-03,2017-12-31
221,46,52,1802.84,39.192173913043476,2017-01-08,2017-12-29
2210,25,26,1565.67,62.6268,2017-01-02,2017-12-30
2211,45,46,1318.08,29.290666666666667,2017-01-21,2017-12-31
2212,29,29,136.94,4.722068965517241,2017-01-15,2017-06-29
2213,17,17,542.74,31.925882352941176,2017-01-15,2017-12-23
2214,8,9,201.91,25.23875,2017-01-28,2017-12-22
2215,71,72,1479.6000000000001,20.839436619718313,2017-01-07,2017-12-20
2216,24,24,337.73,14.072083333333333,2017-01-06,2017-12-30
2217,104,114,2210.16,21.25153846153846,2017-01-02,2017-12-31
2218,10,10,439.43,43.943,2017-01-21,2017-12-27
2219,6,6,170.96,28.493333333333336,2017-01-26,2017-10-12
222,48,49,2141.89,44.62270833333333,2017-01-09,2017-12-28
2220,3,3,26.73,8.91,2017-02-13,2017-12-26
2221,70,72,1391.29,19.87557142857143,2017-01-01,2017-12-29
2222,26,26,1984.1000000000001,76.31153846153846,2017-01-01,2017-12-18
2223,22,30,305.11,13.868636363636364,2017-01-03,2017-12-27
2224,56,57,2061.77,36.817321428571425,2017-01-10,2017-12-30
2225,52,57,1865.98,35.88423076923077,2017-01-04,2017-12-28
2226,250,491,7067.38,28.26952,2017-01-02,2017-12-10
2227,86,101,2933.96,34.11581395348837,2017-01-02,2017-12-24
2228,66,88,2810.4700000000003,42.58287878787879,2017-01-08,2017-08-05
2229,35,36,1554.72,44.42057142857143,2017-01-25,2017-12-28
223,39,43,1179.17,30.235128205128206,2017-01-03,2017-12-31
2230,19,22,713.39,37.54684210526316,2017-01-08,2017-12-11
2231,35,36,1765.3700000000001,50.43914285714286,2017-01-12,2017-12-19
2232,22,23,656.07,29.82136363636364,2017-01-18,2017-12-19
2233,118,141,4793.28,40.62101694915254,2017-01-01,2017-12-31
2234,94,105,4437.78,47.21042553191489,2017-01-08,2017-12-31
2235,57,61,2519.71,44.20543859649123,2017-01-05,2017-12-29
2236,111,126,1815.42,16.355135135135136,2017-01-02,2017-12-17
2237,81,93,3047.26,37.620493827160495,2017-01-11,2017-12-31
2238,104,134,1915.52,18.41846153846154,2017-01-09,2017-12-31
2239,21,31,1344.16,64.00761904761904,2017-01-23,2017-12-06
224,37,41,1259.27,34.034324324324324,2017-01-15,2017-12-27
2240,78,110,2647.97,33.94833333333333,2017-01-16,2017-12-31
2241,44,50,1033.3600000000001,23.485454545454548,2017-01-01,2017-12-26
2242,26,28,459.61,17.677307692307693,2017-01-22,2017-12-24
2243,30,31,3088.16,102.93866666666666,2017-01-16,2017-12-18
2244,116,173,2644.31,22.795775862068965,2017-01-01,2017-12-30
2245,72,101,2415.9,33.55416666666667,2017-01-01,2017-12-27
2246,3,3,187.35,62.449999999999996,2017-04-18,2017-06-17
2247,37,43,1752.96,47.3772972972973,2017-01-12,2017-12-31
2248,18,18,573.4,31.855555555555554,2017-02-12,2017-12-09
2249,1,1,139.68,139.68,2017-01-21,2017-01-21
225,16,17,308.83,19.301875,2017-01-19,2017-12-12
2250,32,37,1551.88,48.49625,2017-01-06,2017-12-21
2251,12,14,1080.3,90.02499999999999,2017-02-15,2017-12-23
2252,144,233,6246.77,43.38034722222223,2017-01-06,2017-12-31
2253,8,8,115.75,14.46875,2017-04-05,2017-11-18
2254,47,57,696.2,14.812765957446809,2017-01-06,2017-10-12
2255,10,10,208.34,20.834,2017-01-28,2017-12-31
2256,19,21,1048.07,55.16157894736842,2017-01-12,2017-11-30
2257,31,32,411.63,13.278387096774193,2017-01-01,2017-12-18
2258,24,24,818.49,34.10375,2017-01-05,2017-12-08
226,8,8,228.23,28.52875,2017-01-04,2017-12-18
2260,51,57,2789.55,54.69705882352942,2017-01-06,2017-12-28
2261,141,279,8424.64,59.749219858156025,2017-01-01,2017-12-30
2262,64,66,725.64,11.338125,2017-01-09,2017-12-31
2263,123,155,2034.31,16.53910569105691,2017-01-03,2017-12-29
2264,160,188,9890.74,61.817125,2017-01-02,2017-12-24
2266,89,101,5717.36,64.24,2017-01-08,2017-12-31
2267,29,32,1001.7,34.54137931034483,2017-02-01,2017-12-27
2268,9,9,251.33,27.925555555555558,2017-01-21,2017-11-04
2269,108,128,2026.77,18.766388888888887,2017-01-02,2017-12-31
227,79,83,776.47,9.82873417721519,2017-01-01,2017-12-31
2270,133,182,2719.25,20.445488721804512,2017-01-01,2017-12-30
2271,33,34,270.06,8.183636363636364,2017-01-02,2017-11-01
2272,46,55,1614.25,35.09239130434783,2017-06-18,2017-12-24
2273,24,26,733.08,30.545,2017-01-03,2017-12-10
2274,28,31,3809.68,136.06,2017-01-04,2017-12-31
2275,78,87,1747.44,22.403076923076924,2017-01-13,2017-12-31
2276,21,23,680.41,32.40047619047619,2017-01-04,2017-12-19
2277,68,85,2476.23,36.41514705882353,2017-01-02,2017-12-15
2278,26,28,593.76,22.836923076923078,2017-01-13,2017-12-30
2279,38,39,696.03,18.31657894736842,2017-02-12,2017-12-31
228,41,45,1709.3899999999999,41.69243902439024,2017-01-21,2017-12-17
2280,97,148,7387.96,76.16453608247423,2017-01-04,2017-12-29
2281,67,79,3541.77,52.86223880597015,2017-02-13,2017-12-28
2282,41,43,584.45,14.254878048780489,2017-01-03,2017-12-26
2283,11,11,789.99,71.81727272727272,2017-07-19,2017-12-21
2284,136,168,10176.41,74.82654411764706,2017-01-01,2017-12-31
2285,37,41,1285.53,34.744054054054054,2017-01-02,2017-12-28
2286,9,9,291.43,32.38111111111111,2017-01-19,2017-12-07
2287,18,18,462.64,25.702222222222222,2017-05-06,2017-12-19
2288,40,49,907.4300000000001,22.685750000000002,2017-01-02,2017-12-24
2289,52,53,1446.53,27.817884615384614,2017-01-02,2017-12-30
229,25,27,599.14,23.9656,2017-01-02,2017-11-17
2290,35,44,576.51,16.471714285714285,2017-01-09,2017-12-29
2291,36,37,340.46,9.45722222222222,2017-02-12,2017-12-23
2292,71,88,1061.68,14.95323943661972,2017-07-09,2017-12-28
2293,22,28,1732.81,78.76409090909091,2017-02-13,2017-11-24
2294,64,72,3173.13,49.58015625,2017-01-01,2017-12-26
2295,40,50,3983.5099999999998,99.58775,2017-01-09,2017-12-24
2296,135,150,8183.49,60.61844444444444,2017-01-01,2017-12-31
2297,28,30,471.2,16.82857142857143,2017-01-30,2017-12-21
2298,48,51,1710.3999999999999,35.63333333333333,2017-01-08,2017-12-29
2299,31,34,1165.33,37.59129032258064,2017-01-05,2017-12-03
23,59,67,1487.98,25.22,2017-01-01,2017-12-31
230,91,106,2722.68,29.91956043956044,2017-01-01,2017-12-30
2300,70,73,3046.04,43.514857142857146,2017-01-02,2017-12-17
2301,61,77,2159.26,35.397704918032794,2017-01-01,2017-12-09
2302,40,40,1072.6200000000001,26.815500000000004,2017-01-06,2017-12-28
2303,38,42,1326.55,34.90921052631579,2017-01-04,2017-12-29
2304,7,7,38.76,5.5371428571428565,2017-02-19,2017-10-17
2305,54,56,3043.47,56.36055555555555,2017-01-08,2017-12-23
2306,1,1,11.6,11.6,2017-02-26,2017-02-26
2307,95,102,3675.48,38.689263157894736,2017-01-02,2017-12-29
2308,18,19,429.96,23.886666666666667,2017-04-05,2017-10-02
2309,10,11,249.04,24.904,2017-01-09,2017-12-18
231,1,1,7.5,7.5,2017-06-18,2017-06-18
2310,43,48,1005.04,23.37302325581395,2017-01-01,2017-12-19
2311,24,26,968.21,40.342083333333335,2017-01-23,2017-12-07
2312,166,183,8068.24,48.603855421686745,2017-01-01,2017-12-22
2313,5,5,58.98,11.796,2017-01-08,2017-11-22
2314,50,50,2863.77,57.2754,2017-01-02,2017-12-31
2316,9,9,198.05,22.005555555555556,2017-01-05,2017-10-20
2317,75,83,7771.54,103.62053333333333,2017-01-03,2017-12-28
2318,114,155,4637.79,40.68236842105263,2017-01-03,2017-12-04
2319,22,24,680.8100000000001,30.945909090909094,2017-02-08,2017-12-23
232,123,213,5919.22,48.123739837398375,2017-01-01,2017-12-27
2320,19,20,330.49,17.39421052631579,2017-01-17,2017-12-16
2321,9,9,160.14,17.793333333333333,2017-07-07,2017-11-26
2322,139,178,13187.54,94.87438848920864,2017-01-02,2017-12-30
2323,19,19,424.43,22.338421052631578,2017-01-03,2017-12-12
2324,75,79,1817.34,24.231199999999998,2017-01-14,2017-12-30
2326,32,37,960.37,30.0115625,2017-01-14,2017-12-22
2327,15,20,725.49,48.366,2017-01-01,2017-12-09
2328,76,79,6878.14,90.50184210526317,2017-01-01,2017-12-27
2329,38,40,982.44,25.853684210526318,2017-01-01,2017-10-24
233,8,9,281.69,35.21125,2017-03-04,2017-12-28
2330,38,43,3340.24,87.90105263157893,2017-01-09,2017-12-31
2331,49,54,3063.42,62.51877551020408,2017-01-04,2017-12-26
2332,10,11,201.05,20.105,2017-03-05,2017-12-11
2333,6,6,31.14,5.19,2017-02-01,2017-12-22
2334,154,187,7037.56,45.69844155844156,2017-01-01,2017-12-28
2335,29,33,1348.22,46.490344827586206,2017-01-08,2017-12-30
2336,41,45,1102.23,26.883658536585365,2017-01-12,2017-12-20
2337,277,778,6921.86,24.9886642599278,2017-01-01,2017-12-31
2338,44,48,1495.97,33.99931818181818,2017-01-05,2017-12-22
234,4,5,54.989999999999995,13.747499999999999,2017-07-04,2017-09-10
2340,73,89,1832.32,25.10027397260274,2017-01-16,2017-12-14
2341,133,176,3347.06,25.165864661654133,2017-01-01,2017-12-26
2342,100,122,3388.23,33.8823,2017-01-13,2017-12-31
2343,107,134,2681.88,25.064299065420563,2017-01-03,2017-12-31
2344,33,35,1366.01,41.39424242424242,2017-01-01,2017-12-29
2345,45,52,2291.48,50.92177777777778,2017-01-08,2017-12-31
2346,15,15,689.68,45.97866666666666,2017-01-03,2017-12-21
2347,53,63,2321.51,43.80207547169812,2017-01-17,2017-12-27
2348,1,1,49.78,49.78,2017-12-12,2017-12-12
2349,35,39,1121.1,32.03142857142857,2017-02-01,2017-12-26
235,85,94,5540.83,65.18623529411765,2017-01-01,2017-12-30
2350,16,20,776.29,48.518125,2017-01-07,2017-07-08
2351,148,190,9934.21,67.12304054054053,2017-01-03,2017-12-30
2352,32,34,863.97,26.9990625,2017-01-21,2017-12-11
2353,7,7,247.74,35.39142857142857,2017-02-08,2017-11-20
2354,46,47,2939.84,63.90956521739131,2017-01-02,2017-12-28
2355,9,9,64.81,7.2011111111111115,2017-02-27,2017-11-17
2356,30,33,580.86,19.362000000000002,2017-01-03,2017-11-29
2357,15,17,117.56,7.8373333333333335,2017-01-02,2017-12-01
2358,41,42,1393.95,33.99878048780488,2017-01-24,2017-12-27
2359,91,122,1846.79,20.294395604395604,2017-01-01,2017-12-24
236,15,15,414.8,27.653333333333332,2017-02-09,2017-12-30
2360,153,184,5301.9800000000005,34.65346405228758,2017-01-01,2017-12-30
2361,55,58,3005.51,54.64563636363637,2017-01-15,2017-12-23
2362,15,15,166.21,11.080666666666668,2017-01-02,2017-12-31
2363,26,27,520.04,20.00153846153846,2017-01-22,2017-12-23
2364,69,70,4576.99,66.3331884057971,2017-01-08,2017-12-27
2366,89,115,3624.18,40.72112359550562,2017-01-01,2017-12-30
2367,77,92,2783.2400000000002,36.14597402597403,2017-01-01,2017-12-23
2368,18,19,965.28,53.626666666666665,2017-01-02,2017-12-31
2369,47,50,1814.97,38.61638297872341,2017-01-04,2017-12-31
237,2,2,17.22,8.61,2017-03-24,2017-07-02
2370,87,99,3165.77,36.388160919540226,2017-01-05,2017-12-26
2371,42,45,836.7,19.92142857142857,2017-01-04,2017-12-07
2372,41,46,2097.73,51.164146341463415,2017-01-04,2017-12-23
2373,67,91,1957.04,29.20955223880597,2017-01-27,2017-10-28
2374,44,46,3954.76,89.8809090909091,2017-01-21,2017-12-28
2375,78,94,2210.3,28.33717948717949,2017-01-16,2017-12-29
2376,92,118,2419.79,26.302065217391306,2017-01-02,2017-12-31
2377,40,46,683.53,17.08825,2017-02-11,2017-12-29
2378,104,107,6434.79,61.87298076923077,2017-01-07,2017-12-29
2379,27,27,663.03,24.556666666666665,2017-01-03,2017-12-18
238,14,15,295.05,21.075,2017-01-06,2017-12-24
2380,105,126,3657.57,34.834,2017-01-02,2017-12-29
2381,45,47,1166.12,25.913777777777774,2017-01-03,2017-12-30
2382,23,24,526.58,22.894782608695653,2017-01-03,2017-11-14
2383,6,9,212.71,35.45166666666667,2017-01-12,2017-12-31
2384,5,5,128.57000000000002,25.714000000000006,2017-02-07,2017-06-08
2385,158,267,5048.93,31.955253164556964,2017-01-02,2017-12-16
2386,24,24,700.1700000000001,29.173750000000002,2017-01-04,2017-12-28
2387,10,15,413.93,41.393,2017-01-31,2017-12-14
2388,30,42,1077.71,35.92366666666667,2017-01-01,2017-12-10
2389,26,39,807.3000000000001,31.050000000000004,2017-01-07,2017-12-27
239,128,140,2397.41,18.729765625,2017-01-01,2017-12-28
2390,27,29,550.7,20.3962962962963,2017-01-02,2017-12-06
2391,24,24,290.55,12.106250000000001,2017-03-26,2017-11-19
2392,18,23,1003.91,55.772777777777776,2017-02-13,2017-12-19
2393,35,37,2509.36,71.696,2017-01-08,2017-12-31
2394,34,38,698.5600000000001,20.545882352941177,2017-01-06,2017-12-13
2395,106,127,2662.64,25.119245283018866,2017-01-02,2017-12-27
2396,7,7,286.15000000000003,40.87857142857143,2017-01-17,2017-12-24
2397,27,30,898.87,33.29148148148148,2017-07-29,2017-11-28
2398,40,44,1185.28,29.631999999999998,2017-04-08,2017-12-27
2399,3,3,40.85,13.616666666666667,2017-03-08,2017-06-12
24,18,18,349.76,19.43111111111111,2017-01-17,2017-12-30
240,1,1,4.49,4.49,2017-05-30,2017-05-30
2400,131,256,9733.54,74.30183206106871,2017-01-02,2017-12-30
2401,39,44,548.46,14.063076923076924,2017-01-15,2017-12-18
2402,24,27,893.0500000000001,37.21041666666667,2017-01-19,2017-12-14
2403,6,6,80.8,13.466666666666667,2017-03-29,2017-11-14
2404,9,10,295.24,32.80444444444444,2017-09-27,2017-12-29
2405,77,95,2282.73,29.645844155844156,2017-01-06,2017-12-23
2406,79,87,2877.3,36.42151898734178,2017-01-13,2017-12-31
2407,93,109,4335.83,46.62182795698924,2017-01-08,2017-12-28
2408,17,18,1381.48,81.26352941176471,2017-01-11,2017-12-31
2409,1,1,77.78,77.78,2017-08-01,2017-08-01
241,8,8,99.18,12.3975,2017-02-08,2017-11-16
2410,34,34,1593.74,46.87470588235294,2017-01-10,2017-12-31
2411,40,43,1226.65,30.66625,2017-01-02,2017-10-27
2412,131,159,8274.91,63.16725190839694,2017-01-06,2017-12-28
2413,11,11,159.04999999999998,14.459090909090907,2017-01-15,2017-11-30
2414,4,4,152.68,38.17,2017-02-15,2017-11-12
2415,23,24,401.61,17.461304347826086,2017-01-03,2017-12-31
2416,67,71,2606.5,38.90298507462686,2017-01-02,2017-12-26
2417,4,4,88.33,22.0825,2017-01-15,2017-05-20
2418,72,77,1057.08,14.681666666666665,2017-01-06,2017-12-30
2419,31,32,508.82,16.413548387096775,2017-01-07,2017-11-16
242,38,38,2526.86,66.49631578947368,2017-01-08,2017-12-29
2420,36,52,2788.85,77.46805555555555,2017-01-07,2017-12-31
2421,41,43,4086.9500000000003,99.68170731707318,2017-01-09,2017-12-31
2422,2,2,130.7,65.35,2017-05-22,2017-06-06
2423,21,26,1606.31,76.49095238095238,2017-01-04,2017-12-05
2424,57,60,2278.13,39.96719298245614,2017-01-07,2017-12-23
2425,41,47,1538.01,37.51243902439025,2017-01-03,2017-12-23
2426,64,72,1524.23,23.81609375,2017-01-06,2017-12-22
2427,168,209,5076.65,30.21815476190476,2017-01-03,2017-12-31
2428,12,13,208.18,17.348333333333333,2017-02-01,2017-12-11
2429,29,34,883.96,30.481379310344828,2017-01-16,2017-11-27
243,111,138,4655.36,41.94018018018018,2017-01-04,2017-12-27
2430,32,32,1087.74,33.991875,2017-01-03,2017-12-24
2431,20,20,508.96,25.448,2017-01-23,2017-12-20
2432,145,188,3768.44,25.989241379310347,2017-01-03,2017-12-28
2433,22,23,487.06,22.13909090909091,2017-02-01,2017-11-30
2434,13,14,548.92,42.22461538461538,2017-01-31,2017-12-15
2435,24,31,2149.28,89.55333333333334,2017-01-28,2017-12-30
2436,5,6,230.42,46.083999999999996,2017-02-19,2017-11-08
2437,36,37,2635.03,73.19527777777779,2017-01-02,2017-12-14
2438,93,103,1480.01,15.914086021505376,2017-01-03,2017-12-29
2439,31,31,264.46,8.530967741935482,2017-01-09,2017-12-07
244,22,22,896.02,40.72818181818182,2017-01-18,2017-12-24
2440,63,79,1506.32,23.90984126984127,2017-01-02,2017-12-28
2441,54,55,655.37,12.136481481481482,2017-01-07,2017-12-27
2442,23,24,359.57,15.633478260869564,2017-01-02,2017-12-24
2443,58,67,1532.09,26.415344827586207,2017-01-02,2017-06-18
2445,74,89,3600.45,48.65472972972973,2017-01-01,2017-12-31
2446,84,106,3637.33,43.30154761904762,2017-01-01,2017-12-30
2447,56,61,3452.61,61.65375,2017-01-04,2017-12-27
2448,90,101,4238.47,47.09411111111111,2017-01-03,2017-12-31
2449,127,147,5414.15,42.63110236220472,2017-01-01,2017-12-26
245,25,29,916.64,36.6656,2017-01-01,2017-12-29
2450,40,44,1416.31,35.40775,2017-01-03,2017-12-24
2451,103,113,5052.28,49.05126213592233,2017-01-03,2017-12-29
2452,52,68,1637.72,31.494615384615386,2017-01-01,2017-12-31
2453,61,65,2295.91,37.637868852459015,2017-01-06,2017-12-31
2454,20,22,308.88,15.443999999999999,2017-03-09,2017-12-21
2455,63,69,3778.0,59.96825396825397,2017-01-03,2017-12-22
2456,38,44,746.83,19.65342105263158,2017-01-01,2017-12-19
2457,40,42,805.57,20.13925,2017-01-02,2017-12-22
2458,17,19,423.54,24.914117647058823,2017-01-03,2017-12-31
2459,241,490,9947.03,41.27398340248963,2017-01-02,2017-12-30
246,23,25,391.38,17.016521739130436,2017-01-02,2017-12-29
2460,20,20,731.1899999999999,36.5595,2017-01-04,2017-12-22
2461,8,8,429.48,53.685,2017-03-30,2017-12-19
2462,97,110,6261.78,64.55443298969072,2017-01-04,2017-12-31
2463,4,6,123.44,30.86,2017-01-06,2017-07-30
2464,26,30,697.44,26.824615384615388,2017-01-22,2017-11-26
2465,75,86,1006.22,13.416266666666667,2017-01-03,2017-12-31
2466,62,68,1978.91,31.91790322580645,2017-01-01,2017-12-29
2467,177,241,8381.66,47.35401129943503,2017-01-01,2017-12-31
2468,51,60,1683.39,33.00764705882353,2017-03-03,2017-12-29
2469,12,12,214.34,17.861666666666668,2017-02-10,2017-12-29
247,36,43,913.11,25.364166666666666,2017-01-09,2017-12-23
2470,43,44,458.56,10.664186046511627,2017-01-01,2017-12-11
2471,21,26,426.05,20.288095238095238,2017-01-20,2017-12-30
2472,23,28,914.9200000000001,39.77913043478261,2017-01-09,2017-12-24
2473,3,5,127.19999999999999,42.4,2017-02-25,2017-11-15
2474,23,23,222.85,9.689130434782609,2017-01-07,2017-12-30
2475,74,79,3345.55,45.21013513513514,2017-01-15,2017-12-31
2476,11,12,379.53,34.50272727272727,2017-01-11,2017-07-16
2477,13,14,816.37,62.79769230769231,2017-02-14,2017-12-15
2478,64,69,1375.29,21.48890625,2017-01-04,2017-12-23
2479,74,79,8388.11,113.35283783783784,2017-01-03,2017-12-31
248,33,37,2923.89,88.60272727272726,2017-01-08,2017-12-27
2480,16,16,782.57,48.910625,2017-03-22,2017-09-17
2481,81,87,3037.79,37.50358024691358,2017-01-02,2017-12-30
2482,18,24,669.16,37.175555555555555,2017-01-12,2017-12-22
2483,58,62,949.38,16.368620689655174,2017-02-19,2017-12-31
2484,58,77,4473.95,77.13706896551724,2017-01-11,2017-12-22
2485,39,42,676.24,17.33948717948718,2017-01-01,2017-12-13
2486,51,62,2372.86,46.52666666666667,2017-01-17,2017-12-30
2487,13,15,375.64,28.895384615384614,2017-01-09,2017-10-06
2488,64,71,3778.64,59.04125,2017-01-01,2017-12-30
2489,76,86,6194.4800000000005,81.50631578947369,2017-01-06,2017-12-27
249,76,92,1910.01,25.13171052631579,2017-01-07,2017-12-24
2490,16,17,296.16,18.51,2017-02-02,2017-12-27
2491,26,32,323.96,12.459999999999999,2017-01-01,2017-10-13
2492,35,51,1387.07,39.63057142857143,2017-01-26,2017-12-12
2493,50,55,1164.48,23.2896,2017-01-03,2017-09-16
2494,23,25,1475.98,64.17304347826087,2017-01-06,2017-12-29
2495,14,15,173.29,12.377857142857142,2017-03-02,2017-12-26
2496,33,41,2743.84,83.14666666666668,2017-01-08,2017-12-16
2497,108,124,4190.33,38.79935185185185,2017-01-01,2017-12-30
2498,115,135,2278.44,19.812521739130435,2017-01-02,2017-12-27
2499,43,46,1926.51,44.80255813953488,2017-01-02,2017-12-23
25,51,55,1885.3200000000002,36.96705882352941,2017-01-07,2017-12-30
250,82,84,4156.46,50.68853658536585,2017-01-03,2017-12-28
2500,64,73,3655.93,57.12390625,2017-01-09,2017-12-31
251,39,44,1054.75,27.044871794871796,2017-01-06,2017-12-27
252,5,5,30.950000000000003,6.19,2017-01-27,2017-06-14
253,126,181,5300.0,42.06349206349206,2017-01-02,2017-12-24
254,22,23,255.19,11.599545454545455,2017-01-24,2017-12-27
255,9,9,292.23,32.47,2017-02-16,2017-12-24
256,53,55,5128.83,96.77037735849056,2017-01-07,2017-12-20
257,58,72,1628.94,28.085172413793103,2017-01-04,2017-12-26
258,101,115,1180.56,11.688712871287128,2017-01-03,2017-12-27
259,37,37,847.62,22.908648648648647,2017-01-02,2017-12-21
26,40,47,934.43,23.36075,2017-01-18,2017-12-23
260,13,14,241.5,18.576923076923077,2017-01-18,2017-12-18
261,17,17,438.62,25.801176470588235,2017-04-10,2017-09-09
262,76,83,2496.53,32.849078947368426,2017-01-05,2017-12-31
263,187,207,3709.51,19.836951871657757,2017-01-01,2017-12-31
264,34,36,1062.9,31.261764705882356,2017-01-07,2017-12-10
265,24,24,1566.11,65.25458333333333,2017-01-05,2017-11-18
266,22,24,1350.88,61.403636363636366,2017-01-08,2017-12-15
267,13,13,246.73999999999998,18.979999999999997,2017-04-12,2017-12-26
268,16,19,529.11,33.069375,2017-02-12,2017-12-16
269,26,31,805.5600000000001,30.983076923076926,2017-02-25,2017-12-24
27,268,284,4409.79,16.454440298507464,2017-01-01,2017-12-31
270,17,19,590.61,34.74176470588235,2017-03-03,2017-11-28
271,28,30,298.7,10.667857142857143,2017-01-03,2017-12-23
272,1,1,29.48,29.48,2017-06-22,2017-06-22
273,82,95,1810.18,22.07536585365854,2017-01-01,2017-12-31
274,7,8,92.4,13.200000000000001,2017-04-05,2017-12-12
275,146,198,3997.75,27.381849315068493,2017-01-05,2017-12-31
276,97,126,4359.46,44.94288659793814,2017-01-03,2017-12-31
277,10,11,588.16,58.815999999999995,2017-01-29,2017-12-23
278,39,39,908.54,23.295897435897434,2017-01-01,2017-12-10
279,33,42,1467.96,44.483636363636364,2017-01-06,2017-12-27
28,66,69,1212.42,18.37,2017-01-13,2017-12-23
280,58,69,1400.71,24.150172413793104,2017-01-05,2017-12-22
281,41,41,738.8100000000001,18.019756097560975,2017-01-02,2017-12-18
282,52,63,2339.34,44.987307692307695,2017-01-07,2017-12-30
283,47,49,3906.61,83.11936170212766,2017-01-21,2017-12-30
284,3,3,49.39,16.463333333333335,2017-02-28,2017-05-31
285,87,98,2149.74,24.70965517241379,2017-01-05,2017-12-31
286,21,26,744.38,35.446666666666665,2017-01-04,2017-12-21
287,124,159,2026.56,16.343225806451613,2017-01-01,2017-12-31
288,39,43,1404.24,36.00615384615384,2017-01-11,2017-12-19
289,89,114,3638.75,40.88483146067416,2017-01-03,2017-12-30
29,32,36,539.55,16.8609375,2017-01-02,2017-12-31
290,189,232,4476.27,23.683968253968256,2017-01-01,2017-12-31
291,38,48,2002.78,52.70473684210526,2017-01-06,2017-12-22
292,28,30,336.81,12.02892857142857,2017-01-03,2017-12-21
293,55,63,2313.8,42.06909090909091,2017-01-10,2017-12-20
294,113,128,2719.12,24.06300884955752,2017-01-01,2017-12-31
295,3,3,113.04,37.68,2017-02-26,2017-06-11
296,5,6,64.22,12.844,2017-01-12,2017-12-11
297,47,59,2112.54,44.947659574468084,2017-01-04,2017-12-31
298,1,1,16.32,16.32,2017-01-08,2017-01-08
299,3,3,53.129999999999995,17.709999999999997,2017-01-13,2017-09-14
3,20,20,1026.63,51.331500000000005,2017-01-07,2017-12-22
30,12,12,246.34,20.528333333333332,2017-01-12,2017-12-24
300,49,55,1792.13,36.57408163265306,2017-01-02,2017-12-29
301,49,50,4468.63,91.1965306122449,2017-01-24,2017-12-30
302,51,56,1021.21,20.023725490196078,2017-01-13,2017-12-31
303,114,139,3313.53,29.06605263157895,2017-01-06,2017-12-27
304,144,177,4905.14,34.063472222222224,2017-01-01,2017-12-31
305,68,75,2094.36,30.799411764705884,2017-01-06,2017-12-29
306,99,124,3665.01,37.02030303030303,2017-01-05,2017-12-30
307,202,249,1628.42,8.061485148514851,2017-01-02,2017-12-29
308,53,57,1618.75,30.54245283018868,2017-01-31,2017-12-28
309,13,13,1318.71,101.43923076923078,2017-01-02,2017-12-06
31,41,45,2910.39,70.98512195121951,2017-02-17,2017-12-31
310,1,2,30.21,30.21,2017-09-24,2017-09-24
311,24,25,784.82,32.700833333333335,2017-01-02,2017-12-10
312,22,24,1582.36,71.92545454545454,2017-01-06,2017-11-16
314,18,21,1718.82,95.49,2017-02-01,2017-12-26
315,5,5,92.17,18.434,2017-05-06,2017-12-09
316,25,32,509.59000000000003,20.3836,2017-01-24,2017-12-29
317,32,32,3272.4900000000002,102.26531250000001,2017-01-01,2017-12-24
318,41,52,589.04,14.366829268292681,2017-01-07,2017-12-04
319,52,58,2223.77,42.76480769230769,2017-01-13,2017-12-21
32,46,47,1584.2,34.43913043478261,2017-01-02,2017-12-28
320,12,13,353.25,29.4375,2017-04-22,2017-12-30
321,59,62,3293.43,55.82084745762712,2017-01-04,2017-12-23
322,27,31,963.12,35.67111111111111,2017-01-23,2017-11-28
323,5,5,35.64,7.128,2017-02-09,2017-09-28
324,63,84,4584.05,72.76269841269841,2017-01-01,2017-12-31
325,36,37,1330.88,36.96888888888889,2017-01-23,2017-12-30
326,11,12,271.11,24.64636363636364,2017-03-17,2017-12-31
327,2,2,10.01,5.005,2017-04-30,2017-05-10
328,110,124,9194.75,83.58863636363637,2017-01-03,2017-12-29
329,87,88,1859.95,21.378735632183908,2017-01-03,2017-12-27
33,28,32,635.24,22.687142857142856,2017-01-09,2017-12-31
330,146,163,1480.35,10.139383561643834,2017-01-02,2017-12-05
331,34,48,874.58,25.722941176470588,2017-01-07,2017-11-21
332,57,63,3247.85,56.979824561403504,2017-01-06,2017-12-29
333,16,17,650.02,40.62625,2017-01-09,2017-10-22
334,158,260,2574.19,16.2923417721519,2017-01-01,2017-12-29
335,72,80,1689.94,23.47138888888889,2017-01-02,2017-12-28
336,56,89,2502.39,44.68553571428571,2017-01-06,2017-12-03
337,35,36,558.49,15.956857142857142,2017-01-01,2017-11-29
338,85,101,1577.7,18.561176470588236,2017-01-03,2017-12-31
339,34,36,966.6600000000001,28.431176470588237,2017-01-10,2017-12-29
34,14,16,180.33,12.880714285714287,2017-03-25,2017-12-09
340,13,14,587.52,45.19384615384615,2017-01-08,2017-12-09
341,11,13,157.22,14.292727272727273,2017-05-14,2017-12-19
342,27,30,1196.98,44.33259259259259,2017-01-11,2017-12-21
343,30,32,801.1,26.703333333333333,2017-01-01,2017-12-31
344,11,11,513.39,46.67181818181818,2017-01-05,2017-12-11
345,97,105,3707.27,38.21927835051547,2017-01-04,2017-12-27
346,84,88,4232.68,50.38904761904762,2017-01-04,2017-12-29
347,4,4,143.32999999999998,35.832499999999996,2017-01-13,2017-12-31
348,72,105,2400.97,33.346805555555555,2017-01-09,2017-12-30
349,12,14,365.8,30.483333333333334,2017-01-03,2017-12-23
35,30,37,563.85,18.795,2017-01-27,2017-12-19
350,44,47,1611.4,36.622727272727275,2017-01-06,2017-12-24
351,142,180,5027.64,35.405915492957746,2017-01-02,2017-12-30
352,1,1,38.45,38.45,2017-12-14,2017-12-14
353,71,74,2593.14,36.52309859154929,2017-01-13,2017-12-26
354,72,75,4179.83,58.05319444444444,2017-01-02,2017-12-31
355,2,3,144.06,72.03,2017-01-16,2017-03-28
356,89,99,1627.95,18.291573033707866,2017-01-04,2017-12-31
357,16,16,1174.44,73.4025,2017-01-12,2017-12-30
358,191,232,7787.9800000000005,40.77476439790576,2017-01-02,2017-12-31
36,112,123,2823.16,25.20678571428571,2017-01-03,2017-12-30
360,20,22,179.44,8.972,2017-01-09,2017-11-20
361,93,99,4365.52,46.94107526881721,2017-01-02,2017-12-28
362,44,45,1615.93,36.72568181818182,2017-01-02,2017-12-27
363,3,3,41.4,13.799999999999999,2017-05-15,2017-10-24
364,30,33,901.86,30.062,2017-01-10,2017-12-23
365,63,74,3302.4700000000003,52.42015873015873,2017-01-01,2017-12-23
366,25,27,237.98,9.5192,2017-01-01,2017-12-02
367,55,61,3996.93,72.67145454545454,2017-01-01,2017-12-29
368,9,9,264.1,29.34444444444445,2017-01-07,2017-12-28
369,15,19,685.17,45.678,2017-01-07,2017-12-10
37,34,39,1797.3,52.86176470588235,2017-01-18,2017-12-28
370,68,77,1885.92,27.734117647058824,2017-04-08,2017-09-29
371,95,101,9635.74,101.42884210526316,2017-01-04,2017-12-30
372,3,4,197.78,65.92666666666666,2017-01-16,2017-07-31
373,3,3,19.77,6.59,2017-09-09,2017-10-06
374,71,90,4159.5,58.58450704225352,2017-01-06,2017-12-29
375,13,13,124.84,9.603076923076923,2017-01-27,2017-12-26
376,208,253,2445.62,11.75778846153846,2017-01-01,2017-12-31
377,66,67,1373.76,20.814545454545453,2017-01-08,2017-12-30
378,159,167,2288.71,14.39440251572327,2017-01-02,2017-12-28
38,14,14,250.32000000000002,17.880000000000003,2017-01-03,2017-09-24
380,78,80,4385.32,56.222051282051275,2017-01-04,2017-12-27
381,37,41,1366.65,36.93648648648649,2017-01-23,2017-12-31
382,8,8,113.97,14.24625,2017-01-21,2017-11-07
383,84,90,3438.59,40.93559523809524,2017-01-05,2017-12-15
384,41,48,2281.94,55.65707317073171,2017-01-04,2017-12-29
385,20,22,1705.94,85.297,2017-03-06,2017-12-24
386,107,152,2550.3,23.834579439252337,2017-01-16,2017-12-31
387,64,78,3204.9500000000003,50.077343750000004,2017-01-02,2017-12-03
388,28,28,648.85,23.173214285714288,2017-01-01,2017-12-28
389,134,158,8900.92,66.42477611940299,2017-01-02,2017-12-31
39,28,30,1938.99,69.24964285714286,2017-01-09,2017-12-26
390,53,55,897.04,16.925283018867923,2017-01-04,2017-12-29
391,38,47,1333.59,35.09447368421053,2017-04-17,2017-11-25
392,65,65,7015.56,107.93169230769232,2017-01-02,2017-12-28
393,100,118,2602.41,26.024099999999997,2017-01-03,2017-12-31
394,50,50,1305.8500000000001,26.117000000000004,2017-01-10,2017-12-29
395,38,41,481.56,12.67263157894737,2017-01-05,2017-12-30
396,64,71,1289.71,20.15171875,2017-01-17,2017-12-31
397,114,139,3334.53,29.25026315789474,2017-01-03,2017-12-29
398,67,91,1185.41,17.69268656716418,2017-01-10,2017-12-19
399,8,8,292.46,36.5575,2017-03-11,2017-08-30
4,18,18,442.14000000000004,24.563333333333336,2017-01-04,2017-12-09
40,173,239,7873.99,45.51439306358381,2017-01-02,2017-12-29
400,140,191,11801.64,84.29742857142857,2017-01-01,2017-12-31
401,52,59,1610.98,30.980384615384615,2017-01-30,2017-12-24
402,44,50,1414.75,32.15340909090909,2017-01-02,2017-12-26
403,24,24,507.28,21.136666666666667,2017-04-01,2017-12-24
404,116,125,2785.84,24.015862068965518,2017-01-01,2017-12-29
405,53,56,1950.66,36.80490566037736,2017-01-15,2017-12-24
406,27,33,1155.57,42.79888888888889,2017-04-02,2017-12-29
407,16,20,335.08,20.9425,2017-05-05,2017-11-21
408,34,35,1692.8500000000001,49.78970588235295,2017-01-09,2017-12-22
409,71,76,2390.3,33.666197183098596,2017-01-05,2017-12-23
41,45,46,2063.28,45.85066666666667,2017-01-13,2017-12-27
410,90,95,790.7,8.785555555555556,2017-01-02,2017-12-19
411,74,97,4649.22,62.8272972972973,2017-01-03,2017-12-29
412,57,65,1484.64,26.046315789473685,2017-01-05,2017-12-24
413,148,193,4036.73,27.275202702702703,2017-01-02,2017-12-31
414,73,100,1670.45,22.882876712328766,2017-01-03,2017-12-31
415,4,4,108.86000000000001,27.215000000000003,2017-01-05,2017-11-17
416,7,7,530.27,75.75285714285714,2017-02-10,2017-10-18
417,44,49,1648.17,37.45840909090909,2017-01-01,2017-12-31
418,117,136,4966.8,42.45128205128205,2017-01-02,2017-12-31
419,27,29,908.02,33.63037037037037,2017-01-29,2017-12-23
42,50,50,1085.56,21.711199999999998,2017-01-03,2017-12-28
420,15,16,416.24,27.749333333333333,2017-01-01,2017-12-30
421,77,92,2981.84,38.72519480519481,2017-01-02,2017-12-30
422,14,16,764.59,54.61357142857143,2017-02-10,2017-12-07
423,12,13,227.85,18.9875,2017-05-25,2017-11-01
424,20,20,2000.91,100.0455,2017-01-22,2017-12-28
425,61,67,2450.98,40.18,2017-01-01,2017-12-10
426,118,137,4866.13,41.238389830508474,2017-01-04,2017-12-29
427,26,27,465.09000000000003,17.888076923076923,2017-01-09,2017-12-24
428,50,52,1943.95,38.879,2017-01-03,2017-12-02
429,24,25,269.19,11.21625,2017-01-04,2017-11-20
43,55,69,624.66,11.357454545454544,2017-01-01,2017-12-24
430,39,47,1295.46,33.21692307692308,2017-01-08,2017-12-31
431,22,22,351.66,15.984545454545456,2017-01-04,2017-12-02
432,133,158,2044.65,15.373308270676693,2017-01-01,2017-12-28
433,29,31,281.55,9.708620689655174,2017-01-12,2017-12-31
434,61,68,2186.11,35.83786885245902,2017-01-01,2017-12-30
435,34,38,565.94,16.64529411764706,2017-02-09,2017-12-27
436,15,15,1150.85,76.72333333333333,2017-01-29,2017-12-21
437,41,47,2336.2200000000003,56.9809756097561,2017-01-05,2017-12-14
438,46,50,3317.64,72.12260869565218,2017-02-05,2017-12-30
439,7,8,109.86,15.694285714285714,2017-02-09,2017-12-11
44,19,22,718.41,37.811052631578946,2017-01-12,2017-12-10
440,1,2,28.77,28.77,2017-07-24,2017-07-24
441,50,50,1387.79,27.7558,2017-01-06,2017-12-27
442,108,136,1791.3,16.586111111111112,2017-01-11,2017-12-31
443,61,66,2014.81,33.02967213114754,2017-01-04,2017-12-28
444,17,24,699.11,41.124117647058824,2017-01-02,2017-10-14
445,107,142,1632.57,15.257663551401869,2017-01-02,2017-12-18
446,17,18,121.59,7.152352941176471,2017-02-18,2017-12-26
447,32,35,453.45,14.1703125,2017-01-03,2017-12-28
448,26,27,285.19,10.968846153846155,2017-01-05,2017-12-31
449,14,15,285.32,20.38,2017-03-30,2017-12-24
45,19,21,299.08,15.741052631578947,2017-01-06,2017-10-30
450,37,37,830.77,22.453243243243243,2017-01-08,2017-12-31
451,80,94,1501.54,18.76925,2017-01-05,2017-12-22
452,14,16,556.63,39.75928571428572,2017-02-04,2017-09-03
453,15,16,244.17000000000002,16.278000000000002,2017-02-07,2017-11-14
454,150,163,4258.01,28.386733333333336,2017-01-02,2017-12-30
455,8,8,673.2,84.15,2017-01-04,2017-10-08
456,52,53,3231.85,62.15096153846154,2017-01-09,2017-12-26
457,47,52,408.76,8.697021276595745,2017-01-09,2017-12-31
458,67,76,1021.72,15.24955223880597,2017-01-05,2017-12-17
459,40,40,805.3499999999999,20.13375,2017-01-10,2017-12-18
46,83,100,5917.4800000000005,71.29493975903615,2017-01-07,2017-12-31
460,50,59,389.68,7.7936000000000005,2017-01-02,2017-12-30
461,17,19,374.43,22.02529411764706,2017-01-16,2017-12-22
462,49,52,835.97,17.06061224489796,2017-01-02,2017-12-21
463,251,368,3217.43,12.818446215139442,2017-01-02,2017-12-31
464,74,91,2055.03,27.77067567567568,2017-01-04,2017-12-29
465,25,26,130.68,5.2272,2017-01-23,2017-12-16
466,15,15,403.43,26.895333333333333,2017-02-22,2017-12-29
467,90,111,1729.99,19.22211111111111,2017-01-06,2017-12-29
468,156,207,3480.41,22.31032051282051,2017-01-01,2017-12-30
469,78,93,3962.63,50.802948717948716,2017-01-01,2017-12-28
47,62,68,1337.79,21.57725806451613,2017-01-05,2017-12-29
470,78,81,1213.72,15.560512820512821,2017-01-04,2017-12-23
471,19,21,584.38,30.756842105263157,2017-01-06,2017-12-21
472,41,51,4148.13,101.17390243902439,2017-01-07,2017-11-04
473,35,44,1902.88,54.368,2017-01-03,2017-12-30
474,18,20,1080.97,60.05388888888889,2017-02-25,2017-12-29
475,28,29,812.89,29.031785714285714,2017-01-02,2017-12-23
476,19,19,813.9,42.83684210526316,2017-04-11,2017-12-27
477,22,25,335.43,15.246818181818183,2017-01-29,2017-12-28
478,8,8,94.61,11.82625,2017-01-05,2017-12-05
479,37,41,811.4,21.92972972972973,2017-01-01,2017-12-31
48,32,33,751.83,23.4946875,2017-02-17,2017-12-21
480,32,36,1371.15,42.8484375,2017-03-02,2017-12-12
481,13,13,771.5500000000001,59.35000000000001,2017-01-16,2017-12-31
482,26,33,592.91,22.804230769230767,2017-01-06,2017-12-23
483,59,65,1712.59,29.02694915254237,2017-01-07,2017-12-24
484,66,84,1881.75,28.511363636363637,2017-01-07,2017-12-23
485,81,91,2858.83,35.294197530864196,2017-01-01,2017-12-29
486,14,20,726.91,51.92214285714285,2017-01-04,2017-12-08
487,6,6,89.84,14.973333333333334,2017-05-06,2017-11-15
488,8,11,191.97,23.99625,2017-03-19,2017-12-26
489,110,141,3824.01,34.76372727272727,2017-01-04,2017-12-31
49,73,81,4579.65,62.73493150684931,2017-01-12,2017-12-30
490,38,39,2133.18,56.13631578947368,2017-01-08,2017-12-26
491,49,61,2417.46,49.33591836734694,2017-01-17,2017-12-28
492,60,86,5040.65,84.01083333333332,2017-01-07,2017-12-15
493,107,135,3085.48,28.83626168224299,2017-01-01,2017-12-30
495,46,53,1888.51,41.05456521739131,2017-01-06,2017-12-24
496,4,4,131.92000000000002,32.980000000000004,2017-10-07,2017-12-01
497,29,29,322.63,11.125172413793104,2017-01-02,2017-12-24
498,50,54,798.99,15.979800000000001,2017-03-14,2017-12-19
499,2,2,25.02,12.51,2017-09-09,2017-09-17
5,17,20,299.67,17.62764705882353,2017-01-16,2017-11-01
50,7,7,109.21,15.60142857142857,2017-03-16,2017-10-21
500,2,2,68.6,34.3,2017-04-28,2017-06-18
501,13,14,366.29,28.17615384615385,2017-01-06,2017-12-22
502,19,22,925.5500000000001,48.713157894736845,2017-01-22,2017-12-20
503,88,91,2753.88,31.29409090909091,2017-01-02,2017-12-31
504,6,6,391.64,65.27333333333333,2017-01-14,2017-12-02
505,10,10,121.92999999999999,12.193,2017-06-03,2017-12-26
506,18,20,683.22,37.95666666666667,2017-01-12,2017-12-19
507,25,27,696.62,27.8648,2017-01-09,2017-12-12
508,22,24,578.78,26.30818181818182,2017-01-01,2017-12-14
509,9,9,160.03,17.781111111111112,2017-02-13,2017-10-10
51,43,43,1917.15,44.584883720930236,2017-01-01,2017-12-10
510,144,201,4446.87,30.881041666666665,2017-01-03,2017-12-31
511,144,198,3005.52,20.871666666666666,2017-01-02,2017-12-31
513,83,85,6443.42,77.63156626506024,2017-01-03,2017-12-27
514,39,39,1477.01,37.87205128205128,2017-01-02,2017-12-31
515,34,37,1351.25,39.74264705882353,2017-01-15,2017-12-30
516,12,13,178.42,14.868333333333332,2017-01-17,2017-12-02
517,53,62,2406.52,45.406037735849054,2017-01-03,2017-12-29
518,93,108,3694.48,39.72559139784946,2017-01-01,2017-12-31
519,15,15,297.49,19.832666666666668,2017-01-26,2017-12-15
52,71,75,3176.89,44.74492957746479,2017-01-08,2017-12-30
520,44,47,872.92,19.83909090909091,2017-01-20,2017-12-26
521,28,30,536.96,19.177142857142858,2017-01-01,2017-12-27
522,1,1,13.760000000000002,13.760000000000002,2017-07-26,2017-07-26
523,127,161,3686.2400000000002,29.025511811023623,2017-03-16,2017-12-29
524,30,30,466.15,15.538333333333332,2017-01-21,2017-12-21
525,16,17,349.81,21.863125,2017-01-29,2017-12-31
526,85,96,2171.46,25.546588235294116,2017-01-02,2017-12-30
527,78,78,2340.7400000000002,30.009487179487184,2017-01-03,2017-12-27
528,11,12,259.53000000000003,23.593636363636367,2017-02-26,2017-12-27
529,16,19,796.1,49.75625,2017-02-10,2017-08-23
53,31,33,1112.17,35.87645161290323,2017-01-24,2017-12-14
530,23,23,620.0,26.956521739130434,2017-01-05,2017-12-11
531,17,17,505.23,29.71941176470588,2017-01-28,2017-11-08
532,4,5,55.54,13.885,2017-05-29,2017-12-31
533,32,37,1297.24,40.53875,2017-01-11,2017-12-06
534,202,283,794.94,3.9353465346534655,2017-01-01,2017-12-31
535,21,24,948.51,45.167142857142856,2017-01-25,2017-12-14
536,38,43,669.54,17.619473684210526,2017-01-03,2017-12-29
537,15,16,681.46,45.43066666666667,2017-01-14,2017-12-26
538,41,45,2914.92,71.09560975609756,2017-01-06,2017-12-23
539,31,44,887.97,28.644193548387097,2017-02-02,2017-12-30
54,5,5,51.37,10.274,2017-01-27,2017-07-30
540,58,65,2394.42,41.28310344827587,2017-01-07,2017-12-30
541,30,33,1131.17,37.705666666666666,2017-01-09,2017-12-11
542,57,62,1173.09,20.580526315789474,2017-01-06,2017-12-30
543,56,62,2258.4700000000003,40.329821428571435,2017-01-14,2017-12-30
544,55,85,963.59,17.51981818181818,2017-01-04,2017-12-10
545,32,33,1443.84,45.12,2017-01-12,2017-12-29
546,57,66,1812.07,31.790701754385964,2017-01-03,2017-12-15
547,27,29,767.3000000000001,28.41851851851852,2017-01-03,2017-11-15
548,51,55,2490.43,48.83196078431372,2017-01-08,2017-12-29
549,18,19,443.41,24.63388888888889,2017-02-27,2017-12-15
55,77,80,442.8,5.750649350649351,2017-01-02,2017-12-29
550,12,12,302.14,25.17833333333333,2017-03-22,2017-12-22
551,23,25,397.04,17.262608695652176,2017-01-19,2017-12-22
552,29,32,1492.73,51.47344827586207,2017-01-21,2017-12-12
553,136,153,4248.79,31.24110294117647,2017-01-02,2017-12-31
554,9,9,687.08,76.34222222222223,2017-02-22,2017-12-23
555,8,8,148.23,18.52875,2017-01-14,2017-11-13
556,3,3,135.68,45.22666666666667,2017-04-11,2017-05-02
557,18,18,456.94,25.385555555555555,2017-01-18,2017-11-18
558,67,75,1353.2,20.197014925373136,2017-01-01,2017-12-01
559,11,11,82.43,7.493636363636364,2017-01-30,2017-07-24
56,112,124,4115.6900000000005,36.74723214285715,2017-01-02,2017-12-29
560,120,149,3515.4700000000003,29.295583333333337,2017-01-03,2017-12-31
561,20,20,1072.88,53.644000000000005,2017-03-09,2017-12-30
562,45,47,1962.74,43.61644444444445,2017-01-04,2017-12-28
563,30,40,1405.29,46.842999999999996,2017-01-09,2017-12-04
564,32,35,645.1800000000001,20.161875000000002,2017-01-01,2017-12-31
565,11,11,187.46,17.041818181818183,2017-01-22,2017-11-03
566,27,31,376.37,13.93962962962963,2017-01-05,2017-08-20
567,154,188,2400.83,15.589805194805194,2017-01-02,2017-12-27
568,100,129,5705.32,57.0532,2017-01-13,2017-12-31
569,46,48,2642.84,57.453043478260874,2017-01-02,2017-12-05
57,83,104,1664.4,20.053012048192773,2017-01-02,2017-12-28
570,17,19,690.7,40.629411764705885,2017-01-11,2017-12-19
571,8,8,609.89,76.23625,2017-01-04,2017-11-17
572,6,6,154.14000000000001,25.69,2017-08-10,2017-08-20
573,61,64,1772.11,29.050983606557374,2017-01-07,2017-12-07
574,68,72,4382.98,64.45558823529412,2017-01-02,2017-12-30
575,152,190,6451.75,42.44572368421053,2017-01-05,2017-12-31
576,58,69,1998.57,34.458103448275864,2017-01-03,2017-12-10
577,19,19,2187.69,115.14157894736843,2017-01-23,2017-12-28
578,67,75,1674.01,24.985223880597015,2017-01-05,2017-12-31
579,9,9,162.94,18.104444444444443,2017-01-09,2017-12-23
58,127,146,5813.87,45.778503937007876,2017-01-01,2017-12-31
580,50,55,695.12,13.9024,2017-01-04,2017-12-30
581,104,118,4192.68,40.314230769230775,2017-01-01,2017-12-31
582,66,71,2316.96,35.10545454545455,2017-01-02,2017-12-30
583,94,103,1658.76,17.646382978723405,2017-01-05,2017-12-10
584,17,22,327.22,19.24823529411765,2017-01-10,2017-09-08
585,21,21,358.42,17.067619047619047,2017-01-12,2017-12-21
586,95,115,3571.3,37.59263157894737,2017-01-03,2017-12-31
587,16,16,134.71,8.419375,2017-01-06,2017-12-09
588,120,150,5640.62,47.00516666666667,2017-01-04,2017-12-30
589,13,13,225.68,17.36,2017-01-18,2017-11-07
59,17,18,926.8,54.51764705882353,2017-01-05,2017-12-27
590,19,23,447.64,23.56,2017-05-21,2017-12-24
591,156,199,8158.82,52.3001282051282,2017-01-02,2017-12-31
592,17,18,389.67,22.921764705882353,2017-01-08,2017-12-27
593,46,48,531.2,11.547826086956523,2017-02-12,2017-12-27
594,28,33,1211.19,43.25678571428572,2017-01-06,2017-12-26
595,81,92,1557.43,19.227530864197533,2017-01-01,2017-12-26
596,57,62,1741.73,30.55666666666667,2017-01-09,2017-12-27
597,41,46,2203.1,53.734146341463415,2017-01-03,2017-12-10
598,92,116,2134.31,23.199021739130433,2017-01-01,2017-12-29
599,2,2,34.42,17.21,2017-09-23,2017-12-26
6,138,155,3464.87,25.107753623188405,2017-01-05,2017-12-31
60,2,2,99.98,49.99,2017-12-28,2017-12-29
600,92,114,4017.87,43.6725,2017-01-04,2017-12-30
601,46,52,3232.68,70.27565217391304,2017-01-07,2017-12-16
602,32,45,1638.46,51.201875,2017-06-11,2017-12-29
603,32,35,504.61,15.7690625,2017-01-01,2017-12-29
604,25,27,939.09,37.5636,2017-01-13,2017-12-27
605,72,89,4318.42,59.97805555555556,2017-01-05,2017-12-27
606,48,54,1921.81,40.037708333333335,2017-01-06,2017-12-31
607,34,38,816.74,24.021764705882354,2017-01-03,2017-11-10
608,105,125,3176.33,30.250761904761905,2017-01-01,2017-12-26
609,90,106,1243.69,13.818777777777779,2017-01-02,2017-12-21
61,3,3,28.88,9.626666666666667,2017-03-02,2017-07-10
610,10,14,304.91,30.491000000000003,2017-03-12,2017-10-11
611,44,47,1529.75,34.76704545454545,2017-01-29,2017-12-24
612,73,89,2521.66,34.543287671232875,2017-01-08,2017-12-31
613,2,2,51.59,25.795,2017-09-03,2017-09-13
614,82,86,1979.36,24.138536585365852,2017-01-02,2017-12-29
615,10,10,225.03,22.503,2017-01-09,2017-12-20
616,3,3,31.43,10.476666666666667,2017-10-08,2017-11-17
617,15,15,707.96,47.19733333333333,2017-02-27,2017-12-21
618,194,340,5570.21,28.71242268041237,2017-01-01,2017-12-30
619,3,3,146.23000000000002,48.74333333333334,2017-07-09,2017-11-17
62,20,25,270.31,13.5155,2017-02-25,2017-12-16
620,8,8,117.21000000000001,14.651250000000001,2017-04-02,2017-10-14
621,82,85,2090.03,25.48817073170732,2017-01-02,2017-12-30
622,93,103,1694.76,18.223225806451612,2017-01-04,2017-12-31
623,57,71,1657.97,29.08719298245614,2017-01-02,2017-12-20
624,62,73,3386.29,54.61758064516129,2017-01-04,2017-12-29
625,16,16,386.07,24.129375,2017-01-24,2017-12-13
626,17,20,425.27,25.015882352941176,2017-01-27,2017-12-03
627,23,24,1075.7,46.7695652173913,2017-01-16,2017-12-23
628,7,7,653.74,93.39142857142858,2017-01-02,2017-12-22
629,14,14,147.48999999999998,10.534999999999998,2017-01-06,2017-12-12
63,11,11,233.91,21.264545454545456,2017-01-06,2017-11-27
630,84,92,4092.7400000000002,48.72309523809524,2017-01-02,2017-12-30
631,207,264,5047.26,24.38289855072464,2017-01-03,2017-12-31
632,37,38,1537.33,41.549459459459456,2017-01-18,2017-11-17
633,75,93,2964.26,39.52346666666667,2017-01-06,2017-12-28
634,21,22,923.65,43.983333333333334,2017-01-13,2017-07-04
635,6,8,158.45,26.40833333333333,2017-01-02,2017-12-07
636,129,149,6293.93,48.79015503875969,2017-01-02,2017-12-28
637,71,86,1879.04,26.465352112676054,2017-01-06,2017-12-30
638,91,111,5190.11,57.03417582417582,2017-01-01,2017-12-31
639,62,74,666.03,10.74241935483871,2017-01-22,2017-12-02
64,137,180,2445.2200000000003,17.848321167883213,2017-01-06,2017-12-31
640,22,23,554.69,25.21318181818182,2017-01-10,2017-07-08
641,149,180,7067.8,47.43489932885906,2017-01-02,2017-12-31
642,24,25,1287.02,53.62583333333333,2017-01-07,2017-10-30
643,16,17,787.8,49.2375,2017-01-02,2017-11-24
644,93,104,1955.69,21.028924731182798,2017-01-05,2017-12-30
645,20,24,227.15,11.3575,2017-01-16,2017-09-15
646,16,17,742.57,46.410625,2017-02-05,2017-12-02
647,59,71,3493.5,59.21186440677966,2017-01-01,2017-12-26
648,42,43,1220.3700000000001,29.056428571428576,2017-01-03,2017-12-29
649,18,19,663.86,36.88111111111111,2017-02-10,2017-09-29
65,65,84,1355.52,20.854153846153846,2017-01-03,2017-12-26
650,28,30,500.89,17.888928571428572,2017-01-03,2017-12-24
651,2,2,139.63,69.815,2017-03-03,2017-09-04
652,20,22,739.6,36.980000000000004,2017-01-23,2017-12-23
653,88,103,5502.66,62.530227272727274,2017-01-01,2017-12-24
654,85,94,1159.84,13.645176470588234,2017-01-23,2017-12-30
655,23,30,988.58,42.98173913043478,2017-01-06,2017-12-31
656,53,57,3630.47,68.49943396226415,2017-01-09,2017-12-21
657,13,13,68.61,5.277692307692307,2017-01-18,2017-10-20
658,29,30,715.2,24.662068965517243,2017-01-06,2017-12-29
659,9,9,459.11,51.01222222222222,2017-03-07,2017-12-23
66,9,11,144.22,16.024444444444445,2017-01-04,2017-11-22
660,86,106,4700.26,54.65418604651163,2017-01-01,2017-12-31
661,230,262,5243.34,22.79713043478261,2017-01-01,2017-12-31
662,19,20,791.21,41.64263157894737,2017-03-20,2017-12-19
663,59,64,2008.06,34.03491525423729,2017-01-13,2017-12-31
664,16,17,475.81,29.738125,2017-01-12,2017-12-31
665,15,15,224.59,14.972666666666667,2017-02-14,2017-12-22
666,55,67,728.4,13.243636363636364,2017-01-05,2017-12-11
667,48,51,759.14,15.815416666666666,2017-02-18,2017-12-24
668,31,31,630.95,20.353225806451615,2017-02-04,2017-12-24
669,59,62,4336.49,73.49983050847457,2017-01-05,2017-12-12
67,107,132,5088.27,47.55392523364486,2017-01-03,2017-12-29
670,106,113,3220.1,30.378301886792453,2017-01-03,2017-12-29
671,59,63,2532.58,42.92508474576271,2017-01-14,2017-12-30
672,49,53,961.8100000000001,19.628775510204083,2017-02-02,2017-12-30
673,26,31,420.42,16.17,2017-01-09,2017-12-24
674,59,80,3160.81,53.57305084745763,2017-01-05,2017-12-24
675,101,137,2917.55,28.88663366336634,2017-01-03,2017-12-31
676,205,258,7432.5,36.25609756097561,2017-01-01,2017-12-30
677,19,21,638.2,33.58947368421053,2017-01-18,2017-10-15
678,16,21,229.72,14.3575,2017-01-21,2017-09-17
679,124,181,3731.97,30.096532258064514,2017-01-01,2017-12-31
68,190,357,3372.52,17.750105263157895,2017-01-01,2017-12-31
680,49,57,2261.27,46.14836734693878,2017-01-06,2017-12-29
681,32,32,1343.91,41.9971875,2017-01-02,2017-12-24
682,75,113,2597.55,34.634,2017-03-10,2017-10-12
683,3,3,23.28,7.760000000000001,2017-05-03,2017-11-09
684,52,58,1265.24,24.33153846153846,2017-01-03,2017-12-21
685,134,143,3724.8,27.797014925373137,2017-01-17,2017-12-31
686,10,12,387.87,38.787,2017-01-01,2017-11-11
687,30,34,1844.18,61.47266666666667,2017-02-08,2017-12-23
688,20,20,2519.78,125.989,2017-02-04,2017-12-09
689,2,2,12.63,6.315,2017-03-31,2017-04-13
69,112,139,3729.4700000000003,33.29883928571429,2017-01-05,2017-12-27
690,113,152,2903.92,25.698407079646017,2017-01-03,2017-12-31
691,26,27,1210.1299999999999,46.543461538461536,2017-01-15,2017-12-15
692,72,82,2493.71,34.634861111111114,2017-01-04,2017-12-23
693,112,127,3492.29,31.181160714285713,2017-01-04,2017-12-23
694,25,25,341.7,13.668,2017-01-12,2017-12-29
695,121,146,5967.74,49.320165289256195,2017-01-02,2017-12-31
696,165,210,9422.98,57.108969696969694,2017-01-01,2017-12-30
697,31,38,1238.53,39.95258064516129,2017-01-07,2017-11-30
698,34,37,403.1,11.855882352941178,2017-01-03,2017-12-24
699,60,81,5772.25,96.20416666666667,2017-01-06,2017-12-19
7,32,32,1952.3700000000001,61.011562500000004,2017-01-17,2017-12-26
70,21,21,48.04,2.2876190476190477,2017-01-01,2017-12-31
700,13,16,1633.49,125.65307692307692,2017-01-08,2017-12-31
701,28,28,1790.92,63.96142857142858,2017-01-01,2017-12-29
702,146,177,5269.86,36.09493150684931,2017-01-03,2017-12-30
703,107,135,5591.88,52.260560747663554,2017-01-02,2017-12-22
704,7,8,66.53,9.504285714285714,2017-04-16,2017-08-28
705,59,61,831.88,14.099661016949153,2017-01-03,2017-12-30
706,70,77,2585.58,36.93685714285714,2017-01-02,2017-12-29
707,203,295,11491.56,56.608669950738914,2017-01-01,2017-12-29
708,33,37,1474.78,44.69030303030303,2017-01-03,2017-12-20
709,75,80,2798.37,37.3116,2017-01-01,2017-12-26
71,42,43,1367.23,32.55309523809524,2017-01-30,2017-12-30
710,106,132,2135.52,20.146415094339623,2017-01-04,2017-12-31
711,26,27,338.71,13.02730769230769,2017-03-05,2017-12-31
712,117,136,6201.54,53.004615384615384,2017-01-01,2017-12-29
713,14,15,329.07,23.505,2017-02-12,2017-12-21
714,132,171,2386.2,18.077272727272724,2017-01-02,2017-12-29
715,74,99,2102.44,28.411351351351353,2017-01-03,2017-12-29
716,45,48,732.29,16.27311111111111,2017-01-03,2017-12-16
717,26,28,341.05,13.117307692307692,2017-01-01,2017-12-08
718,209,353,10687.43,51.13602870813397,2017-01-01,2017-12-28
719,15,15,348.49,23.232666666666667,2017-01-07,2017-12-23
72,49,52,4314.55,88.05204081632654,2017-01-03,2017-12-23
720,40,40,974.93,24.37325,2017-01-05,2017-12-29
721,28,28,297.61,10.628928571428572,2017-01-28,2017-12-08
722,75,81,3956.19,52.7492,2017-01-03,2017-12-31
723,18,18,900.99,50.055,2017-02-21,2017-12-29
724,12,12,234.3,19.525000000000002,2017-07-10,2017-12-16
725,67,73,3130.81,46.728507462686565,2017-01-06,2017-12-31
726,41,42,1332.8,32.50731707317073,2017-02-06,2017-12-31
727,49,55,2475.27,50.51571428571429,2017-01-01,2017-12-18
728,150,227,4563.7,30.424666666666667,2017-01-02,2017-12-31
729,12,12,616.03,51.33583333333333,2017-01-02,2017-12-20
73,73,97,1994.6100000000001,27.323424657534247,2017-01-02,2017-12-30
730,53,54,616.05,11.623584905660376,2017-01-22,2017-12-31
731,89,139,2072.73,23.289101123595504,2017-01-03,2017-12-24
732,53,65,2486.48,46.914716981132074,2017-01-02,2017-12-30
733,41,45,1623.43,39.59585365853658,2017-01-06,2017-12-21
734,44,53,882.68,20.06090909090909,2017-01-08,2017-12-15
735,35,46,496.2,14.177142857142856,2017-03-04,2017-12-27
736,34,36,1788.92,52.61529411764706,2017-01-21,2017-12-26
737,26,27,843.99,32.46115384615385,2017-01-06,2017-12-31
738,39,46,1207.74,30.967692307692307,2017-01-01,2017-11-25
739,1,1,8.47,8.47,2017-01-05,2017-01-05
74,56,60,1076.71,19.226964285714285,2017-01-03,2017-12-28
740,71,72,4056.58,57.13492957746479,2017-01-02,2017-12-27
741,57,62,2249.67,39.467894736842105,2017-01-09,2017-12-31
742,141,171,2180.65,15.465602836879434,2017-01-01,2017-12-27
743,39,46,1158.87,29.71461538461538,2017-01-06,2017-12-30
744,97,105,3276.78,33.781237113402064,2017-01-05,2017-12-30
745,97,99,3977.55,41.00567010309278,2017-01-04,2017-12-29
746,15,15,306.26,20.417333333333332,2017-02-28,2017-10-31
747,70,81,705.69,10.081285714285714,2017-01-13,2017-12-31
748,35,46,1402.8799999999999,40.08228571428571,2017-04-17,2017-11-14
749,43,51,636.36,14.79906976744186,2017-01-01,2017-09-30
75,38,41,767.0,20.18421052631579,2017-01-11,2017-12-22
750,28,30,363.5,12.982142857142858,2017-04-06,2017-12-28
751,11,13,221.57,20.14272727272727,2017-01-22,2017-12-24
752,48,51,1738.21,36.21270833333333,2017-01-06,2017-12-08
753,24,25,1197.67,49.90291666666667,2017-03-01,2017-12-31
754,19,19,802.2,42.22105263157895,2017-01-12,2017-12-06
755,124,155,5767.72,46.51387096774194,2017-01-03,2017-12-26
756,9,10,349.52000000000004,38.83555555555556,2017-01-09,2017-12-23
757,24,25,1244.68,51.86166666666667,2017-02-11,2017-12-17
758,11,11,154.03,14.002727272727272,2017-03-22,2017-12-22
759,14,14,433.91,30.993571428571432,2017-01-26,2017-12-31
76,9,9,164.88,18.32,2017-03-25,2017-12-31
760,36,38,1076.11,29.89194444444444,2017-01-03,2017-09-22
761,99,114,5600.25,56.56818181818182,2017-01-16,2017-12-31
762,282,612,5999.99,21.276560283687942,2017-01-02,2017-12-31
763,15,15,1428.72,95.248,2017-01-03,2017-12-01
764,66,78,2122.53,32.15954545454546,2017-01-09,2017-12-30
765,9,9,475.14000000000004,52.79333333333334,2017-01-23,2017-12-23
766,63,80,5354.58,84.99333333333333,2017-01-04,2017-12-23
767,7,7,325.9,46.55714285714286,2017-03-07,2017-12-09
768,219,297,4222.2,19.27945205479452,2017-01-01,2017-12-31
769,26,28,679.2,26.123076923076926,2017-01-01,2017-12-27
77,35,35,2350.71,67.16314285714286,2017-02-25,2017-12-24
770,28,34,1647.8799999999999,58.85285714285714,2017-01-15,2017-12-28
771,262,367,5646.1900000000005,21.550343511450382,2017-01-03,2017-12-31
772,22,26,174.09,7.913181818181818,2017-01-10,2017-12-06
773,11,13,414.81,37.71,2017-02-05,2017-12-06
774,7,7,425.6,60.800000000000004,2017-02-05,2017-12-24
775,14,14,398.82,28.487142857142857,2017-01-15,2017-08-18
776,37,38,1161.44,31.39027027027027,2017-01-23,2017-12-27
777,29,30,1945.24,67.07724137931035,2017-08-07,2017-12-11
778,23,25,402.34000000000003,17.49304347826087,2017-01-29,2017-11-22
779,43,47,1794.9,41.74186046511628,2017-01-09,2017-12-23
78,133,146,1746.26,13.129774436090225,2017-01-07,2017-12-30
780,17,18,106.34,6.255294117647059,2017-01-04,2017-06-02
781,37,39,1159.23,31.33054054054054,2017-01-07,2017-12-30
782,38,44,918.91,24.181842105263158,2017-01-02,2017-12-24
783,6,6,116.92999999999999,19.488333333333333,2017-01-24,2017-10-29
784,48,57,1448.98,30.187083333333334,2017-01-02,2017-12-29
785,42,47,771.91,18.378809523809522,2017-01-30,2017-12-31
786,82,90,4111.33,50.13817073170732,2017-01-01,2017-12-23
787,106,113,1456.42,13.739811320754718,2017-01-01,2017-12-26
788,97,160,4041.13,41.661134020618555,2017-01-06,2017-12-31
789,11,11,169.72,15.42909090909091,2017-06-11,2017-12-27
79,89,99,2548.51,28.63494382022472,2017-01-01,2017-12-24
790,42,44,2280.32,54.29333333333334,2017-01-11,2017-12-23
791,11,12,241.67,21.97,2017-08-22,2017-12-04
792,8,9,182.58,22.8225,2017-06-25,2017-12-24
793,58,66,990.98,17.08586206896552,2017-01-09,2017-12-31
794,15,19,1107.05,73.80333333333333,2017-01-24,2017-12-19
795,13,15,434.28000000000003,33.40615384615385,2017-01-05,2017-12-21
796,21,22,205.22,9.772380952380953,2017-01-03,2017-12-20
797,58,60,1893.23,32.64189655172414,2017-01-02,2017-12-28
798,38,40,1089.34,28.666842105263157,2017-01-25,2017-12-27
799,31,38,1269.37,40.94741935483871,2017-01-19,2017-12-19
8,58,65,3080.81,53.117413793103445,2017-01-03,2017-12-28
80,54,61,2006.28,37.153333333333336,2017-01-01,2017-12-31
800,197,227,5839.02,29.639695431472084,2017-01-01,2017-12-30
801,16,16,767.04,47.94,2017-01-21,2017-12-20
802,29,29,873.9,30.13448275862069,2017-01-07,2017-12-29
803,39,40,1127.39,28.9074358974359,2017-01-06,2017-12-30
804,101,123,1628.58,16.124554455445544,2017-01-03,2017-12-30
805,123,166,2915.86,23.70617886178862,2017-01-03,2017-12-31
806,61,77,3537.61,57.99360655737705,2017-01-05,2017-12-22
807,49,60,2304.27,47.02591836734694,2017-01-09,2017-12-31
808,90,105,1361.27,15.125222222222222,2017-01-02,2017-12-30
809,32,44,498.27000000000004,15.570937500000001,2017-01-01,2017-12-31
81,52,62,1528.06,29.38576923076923,2017-01-04,2017-12-14
810,18,19,275.62,15.312222222222223,2017-01-14,2017-12-02
811,18,25,449.33,24.962777777777777,2017-01-19,2017-12-31
812,19,20,428.5,22.55263157894737,2017-03-06,2017-12-24
813,13,14,929.76,71.52,2017-03-30,2017-11-18
814,3,3,148.98,49.66,2017-12-11,2017-12-26
815,8,9,372.56,46.57,2017-07-09,2017-11-04
816,47,52,1591.23,33.85595744680851,2017-01-04,2017-12-28
817,93,96,2984.71,32.093655913978495,2017-01-02,2017-12-31
818,27,31,1187.64,43.98666666666667,2017-02-21,2017-11-29
819,3,3,82.16,27.386666666666667,2017-03-18,2017-10-21
82,26,26,253.44,9.747692307692308,2017-01-01,2017-12-30
820,58,67,1321.0,22.775862068965516,2017-03-03,2017-12-28
821,10,12,330.74,33.074,2017-02-26,2017-12-02
822,12,14,246.73000000000002,20.560833333333335,2017-01-10,2017-12-22
823,55,60,1606.1100000000001,29.202,2017-01-03,2017-12-31
824,31,31,687.26,22.169677419354837,2017-01-09,2017-12-26
825,81,98,5561.12,68.6558024691358,2017-01-01,2017-12-17
826,10,10,85.82000000000001,8.582,2017-04-13,2017-12-29
827,5,5,76.45,15.290000000000001,2017-01-14,2017-11-01
828,19,21,601.36,31.650526315789474,2017-01-09,2017-08-04
829,20,20,1027.92,51.396,2017-05-02,2017-12-18
83,54,62,601.03,11.130185185185185,2017-01-01,2017-12-27
830,30,40,475.7,15.856666666666666,2017-01-08,2017-12-02
831,92,99,5291.92,57.52086956521739,2017-01-01,2017-12-31
832,7,7,251.15,35.878571428571426,2017-03-06,2017-10-18
833,16,17,938.79,58.674375,2017-01-19,2017-11-17
834,5,5,36.01,7.202,2017-01-19,2017-11-06
835,10,10,174.92000000000002,17.492,2017-01-02,2017-10-31
836,44,50,1072.8700000000001,24.383409090909094,2017-01-01,2017-12-11
837,18,18,502.38,27.91,2017-01-21,2017-12-15
838,16,16,186.97,11.685625,2017-01-30,2017-12-29
839,5,6,574.92,114.984,2017-05-06,2017-12-27
84,36,38,848.27,23.563055555555554,2017-01-10,2017-12-24
840,121,136,7026.82,58.072892561983465,2017-01-03,2017-12-31
841,61,99,1600.6499999999999,26.240163934426228,2017-01-10,2017-12-28
842,184,332,5635.96,30.63021739130435,2017-01-05,2017-12-28
843,36,45,1705.33,47.37027777777777,2017-01-05,2017-12-17
844,71,77,2725.32,38.38478873239437,2017-01-02,2017-12-15
845,65,72,3021.96,46.49169230769231,2017-01-13,2017-12-31
846,26,26,797.14,30.659230769230767,2017-03-28,2017-12-22
847,30,35,999.1,33.303333333333335,2017-02-03,2017-12-27
848,13,18,1706.32,131.2553846153846,2017-01-30,2017-12-07
849,33,33,2658.69,80.56636363636363,2017-01-04,2017-12-18
85,95,103,2039.13,21.464526315789474,2017-01-02,2017-12-30
850,47,50,845.28,17.98468085106383,2017-01-01,2017-12-20
851,2,2,8.370000000000001,4.1850000000000005,2017-02-25,2017-03-30
852,52,55,1205.99,23.192115384615384,2017-01-10,2017-12-30
853,251,288,7194.3,28.662549800796814,2017-01-01,2017-12-22
854,15,15,174.77,11.651333333333334,2017-01-06,2017-11-29
855,94,109,2631.15,27.990957446808512,2017-01-01,2017-12-31
856,92,111,3143.62,34.16978260869565,2017-01-01,2017-12-23
857,27,27,2675.25,99.08333333333333,2017-01-09,2017-12-18
858,24,25,231.52,9.646666666666667,2017-01-02,2017-12-24
859,74,83,3594.16,48.56972972972973,2017-01-04,2017-12-28
86,19,24,2568.81,135.20052631578946,2017-01-21,2017-12-17
860,2,2,15.059999999999999,7.529999999999999,2017-09-29,2017-12-18
861,12,16,534.01,44.50083333333333,2017-01-13,2017-09-19
862,46,59,1329.6200000000001,28.904782608695655,2017-02-01,2017-12-17
863,70,104,1563.76,22.33942857142857,2017-01-12,2017-12-30
864,62,64,4782.57,77.13822580645162,2017-01-04,2017-12-31
865,15,18,950.52,63.368,2017-03-16,2017-12-28
866,67,86,3504.71,52.30910447761194,2017-01-01,2017-12-31
867,72,83,3071.77,42.663472222222225,2017-01-04,2017-12-29
868,73,98,4281.64,58.652602739726035,2017-01-05,2017-12-29
869,71,79,850.6800000000001,11.981408450704226,2017-01-13,2017-12-29
87,28,28,856.6800000000001,30.595714285714287,2017-02-09,2017-12-23
870,1,1,10.83,10.83,2017-05-14,2017-05-14
871,64,70,5586.18,87.2840625,2017-01-03,2017-12-26
872,1,1,68.7,68.7,2017-10-13,2017-10-13
873,34,57,1676.83,49.3185294117647,2017-01-08,2017-12-24
874,3,3,65.47,21.823333333333334,2017-02-07,2017-09-30
875,37,40,793.15,21.436486486486487,2017-01-11,2017-12-21
876,104,121,3838.7000000000003,36.910576923076924,2017-01-02,2017-12-30
877,32,37,1880.13,58.7540625,2017-01-02,2017-12-10
878,79,95,3127.77,39.5920253164557,2017-01-02,2017-12-31
879,67,74,1845.64,27.546865671641793,2017-03-04,2017-12-31
88,104,132,6711.66,64.53519230769231,2017-01-05,2017-12-27
880,3,3,19.9,6.633333333333333,2017-05-17,2017-11-16
881,81,82,2445.12,30.186666666666664,2017-01-05,2017-10-31
882,90,109,1404.18,15.602,2017-01-22,2017-12-31
883,140,178,5313.2,37.95142857142857,2017-01-01,2017-12-21
884,12,16,240.96,20.080000000000002,2017-01-13,2017-11-02
885,44,52,1401.7,31.856818181818184,2017-01-08,2017-12-29
886,93,103,2247.82,24.170107526881722,2017-01-05,2017-12-31
887,23,25,334.31,14.535217391304348,2017-01-10,2017-11-26
888,48,49,5502.97,114.64520833333334,2017-01-01,2017-12-26
889,98,108,6919.79,70.61010204081633,2017-01-02,2017-12-31
89,8,8,158.13,19.76625,2017-01-19,2017-12-20
890,10,10,309.77,30.976999999999997,2017-01-21,2017-11-23
891,55,69,4064.78,73.90509090909092,2017-01-05,2017-12-22
892,10,10,215.91,21.591,2017-03-25,2017-11-17
893,68,78,3601.4,52.96176470588235,2017-01-14,2017-12-30
894,11,14,577.11,52.46454545454546,2017-07-02,2017-12-15
895,95,112,4628.51,48.72115789473684,2017-01-02,2017-12-30
896,54,58,2919.58,54.066296296296294,2017-01-04,2017-12-22
897,33,37,412.36,12.495757575757576,2017-01-01,2017-12-24
898,155,181,4874.2300000000005,31.446645161290327,2017-01-01,2017-12-23
899,6,7,129.47,21.578333333333333,2017-03-07,2017-12-20
9,11,11,620.73,56.43,2017-01-13,2017-12-28
90,2,2,148.12,74.06,2017-07-17,2017-10-26
900,302,674,9549.6,31.621192052980135,2017-01-01,2017-12-31
901,39,48,1599.59,41.0151282051282,2017-01-03,2017-12-26
902,2,2,39.11,19.555,2017-02-20,2017-11-18
903,40,42,1900.16,47.504000000000005,2017-01-05,2017-12-24
904,16,16,500.89000000000004,31.305625000000003,2017-02-03,2017-12-30
905,11,11,233.3,21.20909090909091,2017-01-25,2017-12-29
906,157,211,3820.59,24.334968152866242,2017-01-01,2017-12-22
907,43,48,916.2,21.30697674418605,2017-01-04,2017-12-30
908,92,102,3176.42,34.52630434782609,2017-01-02,2017-12-23
909,176,364,7061.14,40.12011363636364,2017-01-01,2017-12-28
91,101,121,2134.79,21.136534653465347,2017-02-22,2017-12-31
910,13,13,866.6700000000001,66.66692307692308,2017-08-03,2017-12-24
911,45,48,2694.83,59.88511111111111,2017-01-07,2017-12-30
912,5,6,643.63,128.726,2017-02-10,2017-11-28
913,34,34,692.1700000000001,20.35794117647059,2017-01-09,2017-12-22
914,35,36,1254.11,35.831714285714284,2017-01-05,2017-12-30
915,74,76,586.13,7.9206756756756755,2017-01-05,2017-12-30
916,81,106,1745.82,21.55333333333333,2017-01-04,2017-12-30
917,5,5,210.15,42.03,2017-03-27,2017-10-11
918,13,17,626.73,48.21,2017-01-05,2017-11-17
919,53,59,730.63,13.785471698113207,2017-01-04,2017-12-29
92,32,33,967.26,30.226875,2017-01-06,2017-12-19
920,113,148,3818.97,33.79619469026549,2017-01-18,2017-12-31
921,5,5,66.38000000000001,13.276000000000002,2017-06-24,2017-11-17
922,66,81,1704.93,25.832272727272727,2017-01-07,2017-12-24
923,53,85,1815.71,34.25867924528302,2017-01-07,2017-12-30
924,42,43,1173.29,27.93547619047619,2017-01-04,2017-12-26
925,38,42,189.3,4.981578947368422,2017-01-02,2017-12-27
926,109,130,3421.95,31.394036697247707,2017-01-02,2017-12-23
927,30,34,1124.16,37.472,2017-01-04,2017-12-28
928,58,65,1560.03,26.897068965517242,2017-01-03,2017-12-31
929,115,142,3312.7400000000002,28.806434782608697,2017-01-02,2017-12-29
93,49,49,1727.64,35.25795918367347,2017-01-02,2017-09-24
930,22,23,534.6,24.3,2017-01-08,2017-11-21
931,21,25,2738.51,130.4052380952381,2017-01-07,2017-12-22
932,61,71,3053.89,50.063770491803275,2017-01-04,2017-12-23
933,38,55,1826.29,48.06026315789474,2017-01-14,2017-12-13
934,87,153,6595.14,75.80620689655173,2017-01-04,2017-12-31
935,18,18,589.8100000000001,32.76722222222222,2017-01-11,2017-12-28
936,192,332,5120.67,26.67015625,2017-01-01,2017-12-31
937,36,38,903.45,25.095833333333335,2017-01-07,2017-12-29
938,14,14,750.26,53.589999999999996,2017-01-24,2017-12-24
939,60,85,2942.17,49.03616666666667,2017-01-02,2017-12-28
94,25,26,275.15,11.005999999999998,2017-01-08,2017-12-22
940,39,40,647.66,16.606666666666666,2017-01-01,2017-12-23
941,54,69,1205.74,22.328518518518518,2017-01-02,2017-12-30
942,148,174,4709.77,31.822770270270272,2017-01-03,2017-12-18
943,80,124,2852.32,35.654,2017-01-29,2017-12-30
944,48,56,1572.45,32.759375,2017-01-15,2017-12-16
945,30,33,1293.98,43.132666666666665,2017-01-02,2017-12-24
946,71,79,1539.36,21.68112676056338,2017-01-07,2017-12-31
947,99,106,1138.65,11.501515151515152,2017-01-02,2017-12-30
948,1,1,14.35,14.35,2017-03-29,2017-03-29
949,70,77,3319.09,47.41557142857143,2017-01-01,2017-12-30
95,136,158,4061.65,29.865073529411767,2017-01-01,2017-12-31
950,35,40,1414.93,40.42657142857143,2017-01-14,2017-11-22
951,8,9,288.75,36.09375,2017-06-10,2017-12-10
952,70,75,1428.45,20.406428571428574,2017-01-01,2017-12-27
953,54,67,1462.26,27.078888888888887,2017-01-04,2017-12-28
954,24,27,1322.55,55.106249999999996,2017-01-06,2017-12-28
955,111,152,2462.25,22.18243243243243,2017-01-04,2017-12-29
956,231,333,5606.09,24.26878787878788,2017-01-05,2017-12-24
957,216,329,2237.06,10.35675925925926,2017-01-02,2017-12-28
958,5,5,160.03,32.006,2017-04-29,2017-08-20
959,43,50,901.04,20.954418604651163,2017-01-03,2017-12-28
96,10,11,318.95,31.895,2017-01-07,2017-05-01
960,47,50,1241.05,26.40531914893617,2017-01-05,2017-12-18
961,33,34,1750.8,53.054545454545455,2017-01-14,2017-12-04
962,34,37,959.04,28.20705882352941,2017-01-10,2017-12-23
963,22,23,1153.53,52.433181818181815,2017-01-09,2017-10-31
964,44,55,1231.1,27.979545454545452,2017-01-05,2017-12-26
965,21,23,1138.77,54.22714285714286,2017-01-13,2017-11-19
966,7,7,120.13000000000001,17.161428571428573,2017-01-02,2017-11-17
967,1,1,2.0,2.0,2017-08-14,2017-08-14
968,67,72,4823.04,71.98567164179104,2017-01-05,2017-12-29
969,2,2,58.64,29.32,2017-09-22,2017-11-23
97,104,117,3098.03,29.78875,2017-01-02,2017-12-31
970,8,8,468.23,58.52875,2017-01-27,2017-12-07
971,76,82,2457.35,32.33355263157895,2017-01-17,2017-12-23
972,90,99,1497.11,16.634555555555554,2017-01-03,2017-12-29
973,40,50,9416.83,235.42075,2017-01-03,2017-12-22
974,17,20,871.76,51.28,2017-03-01,2017-10-06
975,106,121,3109.64,29.336226415094337,2017-01-02,2017-12-21
976,44,47,4085.76,92.85818181818182,2017-01-03,2017-12-28
977,21,22,667.9,31.804761904761904,2017-01-07,2017-12-30
978,39,39,1143.82,29.328717948717948,2017-01-10,2017-12-31
979,94,110,7610.05,80.95797872340425,2017-01-02,2017-12-30
98,95,127,1816.91,19.12536842105263,2017-01-09,2017-12-29
980,16,19,954.63,59.664375,2017-01-18,2017-12-30
981,15,17,797.16,53.144,2017-03-13,2017-12-31
982,154,199,9432.98,61.25311688311688,2017-01-03,2017-12-31
983,101,113,2265.16,22.427326732673265,2017-01-02,2017-12-30
984,21,23,844.5,40.214285714285715,2017-01-26,2017-12-27
985,65,73,1448.6,22.286153846153844,2017-01-08,2017-12-27
986,43,46,994.02,23.11674418604651,2017-01-15,2017-12-27
987,43,48,1144.14,26.60790697674419,2017-01-08,2017-12-29
988,68,94,2436.37,35.82897058823529,2017-01-01,2017-12-18
989,89,101,2874.25,32.29494382022472,2017-01-06,2017-12-31
99,107,118,3492.31,32.63841121495327,2017-01-04,2017-12-27
990,7,7,72.71,10.387142857142857,2017-01-25,2017-10-13
991,14,19,982.09,70.14928571428571,2017-02-24,2017-11-20
992,54,68,431.94,7.998888888888889,2017-01-06,2017-12-27
993,75,81,2177.92,29.038933333333333,2017-01-01,2017-12-29
994,12,13,463.73,38.64416666666667,2017-01-01,2017-12-29
995,6,6,456.93,76.155,2017-02-28,2017-07-17
996,67,74,1172.57,17.501044776119404,2017-01-02,2017-12-31
997,44,47,2476.95,56.29431818181818,2017-01-01,2017-12-17
998,113,152,4840.55,42.83672566371681,2017-01-02,2017-12-26
999,22,26,957.67,43.530454545454546,2017-01-04,2017-12-22
