household_id,date,split,eligible,candidates,basket_items,candidate_actual_items
1,2017-04-26,train,1,120,34,16
1,2017-05-18,train,1,120,1,0
1,2017-06-17,train,1,120,24,17
1,2017-07-16,train,1,120,10,9
1,2017-08-04,train,1,120,1,1
1,2017-08-20,train,1,120,16,8
1,2017-09-13,train,1,120,30,17
1,2017-10-11,validation,1,120,38,20
1,2017-10-24,validation,1,120,9,6
1,2017-10-31,validation,1,120,27,13
1,2017-11-09,test,1,120,51,27
1,2017-11-18,test,1,120,1,0
1,2017-11-20,test,1,120,4,1
1,2017-11-22,test,1,120,12,7
1,2017-12-02,test,1,120,29,14
1,2017-12-04,test,1,120,2,1
1,2017-12-14,test,1,120,20,10
1,2017-12-21,test,1,120,33,12
1,2017-12-29,test,1,120,11,6
1000,2017-04-04,train,1,120,24,21
1000,2017-04-19,train,1,120,14,8
1000,2017-05-08,train,1,120,16,11
1000,2017-05-17,train,1,120,3,2
1000,2017-05-26,train,1,120,20,13
1000,2017-06-07,train,1,120,14,11
1000,2017-06-25,train,1,120,15,9
1000,2017-07-07,train,1,120,12,9
1000,2017-07-18,train,1,120,17,11
1000,2017-07-31,train,1,120,29,19
1000,2017-08-15,train,1,120,14,8
1000,2017-08-29,train,1,120,27,18
1000,2017-09-20,train,1,120,30,18
1000,2017-10-01,validation,1,120,6,5
1000,2017-10-11,validation,1,120,15,8
1000,2017-10-13,validation,1,120,11,9
1000,2017-10-18,validation,1,120,14,11
1000,2017-10-23,validation,1,120,11,7
1000,2017-10-28,validation,1,120,20,11
1000,2017-11-01,test,1,120,15,13
1000,2017-11-05,test,1,120,16,12
1000,2017-11-13,test,1,120,20,17
1000,2017-11-17,test,1,120,16,14
1000,2017-11-27,test,1,120,15,11
1000,2017-12-02,test,1,120,22,12
1000,2017-12-06,test,1,120,14,9
1000,2017-12-09,test,1,120,14,10
1000,2017-12-14,test,1,120,13,8
1000,2017-12-19,test,1,120,15,12
1000,2017-12-21,test,1,120,5,5
1000,2017-12-26,test,1,120,11,10
1000,2017-12-31,test,1,120,15,12
1001,2017-04-25,train,0,75,7,1
1001,2017-05-17,train,1,98,18,4
1001,2017-05-31,train,1,120,2,0
1001,2017-06-22,train,1,120,20,9
1001,2017-08-30,train,1,120,11,7
1001,2017-09-13,train,1,120,6,5
1001,2017-09-27,train,1,120,15,9
1001,2017-10-05,validation,1,120,25,7
1001,2017-10-11,validation,1,120,5,3
1001,2017-10-17,validation,1,120,8,7
1001,2017-10-18,validation,1,120,2,0
1001,2017-10-23,validation,1,120,16,10
1001,2017-10-26,validation,1,120,8,6
1001,2017-11-02,test,1,120,12,4
1001,2017-11-04,test,1,120,3,0
1001,2017-11-07,test,1,120,6,3
1001,2017-11-08,test,1,120,15,3
1001,2017-11-15,test,1,120,20,12
1001,2017-11-21,test,1,120,13,2
1001,2017-11-28,test,1,120,11,7
1001,2017-11-29,test,1,120,10,3
1001,2017-12-04,test,1,120,1,1
1001,2017-12-12,test,1,120,4,4
1001,2017-12-15,test,1,120,29,9
1001,2017-12-28,test,1,120,28,0
1005,2017-04-01,train,1,120,18,14
1005,2017-04-11,train,1,120,13,9
1005,2017-04-24,train,1,120,2,1
1005,2017-05-06,train,1,120,4,3
1005,2017-05-16,train,1,120,14,11
1005,2017-05-26,train,1,120,5,3
1005,2017-06-02,train,1,120,9,8
1005,2017-06-16,train,1,120,22,12
1005,2017-06-23,train,1,120,5,4
1005,2017-06-30,train,1,120,15,12
1005,2017-07-08,train,1,120,1,0
1005,2017-07-16,train,1,120,7,4
1005,2017-07-23,train,1,120,9,6
1005,2017-08-04,train,1,120,6,4
1005,2017-08-13,train,1,120,2,2
1005,2017-08-18,train,1,120,28,20
1005,2017-08-25,train,1,120,5,3
1005,2017-09-01,train,1,120,19,14
1005,2017-09-05,train,1,120,4,0
1005,2017-09-11,train,1,120,1,0
1005,2017-09-23,train,1,120,5,3
1005,2017-09-30,train,1,120,8,5
1005,2017-10-01,validation,1,120,7,2
1005,2017-10-04,validation,1,120,4,2
1005,2017-10-07,validation,1,120,3,3
1005,2017-10-08,validation,1,120,9,7
1005,2017-10-15,validation,1,120,11,10
1005,2017-10-16,validation,1,120,4,3
1005,2017-10-20,validation,1,120,18,9
1005,2017-10-23,validation,1,120,5,1
1005,2017-10-27,validation,1,120,5,5
1005,2017-10-31,validation,1,120,3,2
1005,2017-11-01,test,1,120,12,9
1005,2017-11-03,test,1,120,1,1
1005,2017-11-06,test,1,120,8,7
1005,2017-11-10,test,1,120,5,4
1005,2017-11-12,test,1,120,4,4
1005,2017-11-14,test,1,120,2,1
1005,2017-11-16,test,1,120,7,5
1005,2017-11-18,test,1,120,12,9
1005,2017-11-19,test,1,120,11,7
1005,2017-11-21,test,1,120,5,3
1005,2017-11-26,test,1,120,3,1
1005,2017-12-01,test,1,120,7,5
1005,2017-12-08,test,1,120,8,8
1005,2017-12-11,test,1,120,4,4
1005,2017-12-17,test,1,120,33,26
1005,2017-12-21,test,1,120,1,0
1018,2017-04-10,train,1,57,3,2
1018,2017-04-20,train,1,60,2,1
1018,2017-05-16,train,1,68,3,1
1018,2017-06-06,train,1,81,1,1
1018,2017-07-07,train,1,80,5,1
1018,2017-09-09,train,1,54,5,1
1018,2017-09-29,train,1,51,2,1
1018,2017-10-05,validation,1,52,1,0
1018,2017-10-22,validation,1,48,8,3
1018,2017-10-30,validation,1,52,1,0
1018,2017-11-13,test,1,45,1,0
1018,2017-11-23,test,1,32,2,0
1018,2017-11-26,test,1,34,5,0
1018,2017-11-30,test,1,39,6,3
1018,2017-12-03,test,1,42,10,3
1018,2017-12-06,test,1,48,7,3
1018,2017-12-09,test,1,52,4,1
1018,2017-12-20,test,1,50,21,6
1018,2017-12-26,test,1,65,16,5
1020,2017-04-08,train,1,120,52,9
1020,2017-04-20,train,1,120,1,0
1020,2017-05-23,train,1,120,38,17
1020,2017-06-18,train,1,120,10,5
1020,2017-06-25,train,1,120,21,9
1020,2017-07-07,train,1,120,59,24
1020,2017-07-15,train,1,120,11,6
1020,2017-07-24,train,1,120,6,1
1020,2017-07-29,train,1,120,13,1
1020,2017-08-06,train,1,120,17,8
1020,2017-08-19,train,1,120,2,2
1020,2017-09-15,train,1,120,5,1
1020,2017-09-28,train,1,120,50,21
1020,2017-10-01,validation,1,120,2,0
1020,2017-10-02,validation,1,120,13,2
1020,2017-10-07,validation,1,120,8,5
1020,2017-10-13,validation,1,120,66,21
1020,2017-10-17,validation,1,120,8,0
1020,2017-10-30,validation,1,120,55,26
1020,2017-11-01,test,1,120,3,0
1020,2017-11-05,test,1,120,1,1
1020,2017-11-09,test,1,120,7,2
1020,2017-11-10,test,1,120,39,20
1020,2017-11-14,test,1,120,1,1
1020,2017-11-20,test,1,120,70,30
1020,2017-11-22,test,1,120,16,4
1020,2017-11-24,test,1,120,3,2
1020,2017-11-28,test,1,120,41,20
1020,2017-12-02,test,1,120,2,0
1020,2017-12-03,test,1,120,46,19
1020,2017-12-09,test,1,120,6,1
1020,2017-12-12,test,1,120,7,2
1020,2017-12-13,test,1,120,2,0
1020,2017-12-14,test,1,120,8,3
1020,2017-12-17,test,1,120,3,2
1020,2017-12-19,test,1,120,10,4
1020,2017-12-22,test,1,120,58,16
1020,2017-12-23,test,1,120,3,0
1020,2017-12-24,test,1,120,7,0
1020,2017-12-26,test,1,120,35,9
1020,2017-12-28,test,1,120,15,6
1020,2017-12-31,test,1,120,11,0
1029,2017-04-02,train,1,120,11,8
1029,2017-04-14,train,1,120,14,11
1029,2017-04-25,train,1,120,28,22
1029,2017-05-04,train,1,120,1,0
1029,2017-05-22,train,1,120,28,19
1029,2017-06-05,train,1,120,69,39
1029,2017-06-19,train,1,120,17,12
1029,2017-07-04,train,1,120,50,32
1029,2017-07-20,train,1,120,3,0
1029,2017-07-28,train,1,120,2,1
1029,2017-08-09,train,1,120,58,26
1029,2017-08-21,train,1,120,12,8
1029,2017-09-05,train,1,120,12,8
1029,2017-09-14,train,1,120,10,9
1029,2017-09-25,train,1,120,5,5
1029,2017-10-03,validation,1,120,11,11
1029,2017-10-06,validation,1,120,82,39
1029,2017-10-11,validation,1,120,8,6
1029,2017-10-14,validation,1,120,4,4
1029,2017-10-15,validation,1,120,3,1
1029,2017-10-20,validation,1,120,69,37
1029,2017-10-22,validation,1,120,4,2
1029,2017-10-29,validation,1,120,20,11
1029,2017-11-02,test,1,120,7,5
1029,2017-11-14,test,1,120,39,30
1029,2017-11-18,test,1,120,9,1
1029,2017-11-21,test,1,120,2,1
1029,2017-11-24,test,1,120,23,11
1029,2017-11-27,test,1,120,6,5
1029,2017-11-29,test,1,120,4,2
1029,2017-12-02,test,1,120,72,46
1029,2017-12-13,test,1,120,6,3
1029,2017-12-15,test,1,120,49,33
1029,2017-12-18,test,1,120,1,1
1029,2017-12-22,test,1,120,29,9
1029,2017-12-24,test,1,120,1,1
1029,2017-12-26,test,1,120,5,3
1029,2017-12-30,test,1,120,22,16
1029,2017-12-31,test,1,120,1,0
1034,2017-05-29,train,1,40,2,0
1034,2017-06-15,train,1,44,2,1
1034,2017-08-19,train,1,18,2,1
1034,2017-12-26,test,1,8,1,0
1036,2017-04-18,train,1,50,6,4
1036,2017-04-30,train,1,66,4,1
1036,2017-12-26,test,0,0,10,0
1037,2017-05-01,train,1,31,1,0
1037,2017-08-04,train,1,18,6,0
1037,2017-10-25,validation,1,13,3,0
1037,2017-11-02,test,1,15,1,0
1038,2017-04-08,train,1,105,4,2
1038,2017-04-23,train,1,111,1,1
1038,2017-05-04,train,1,113,1,1
1038,2017-05-09,train,1,117,2,2
1038,2017-05-19,train,1,118,10,6
1038,2017-05-26,train,1,120,1,1
1038,2017-06-07,train,1,120,2,0
1038,2017-06-19,train,1,120,4,3
1038,2017-06-26,train,1,120,1,1
1038,2017-07-01,train,1,120,3,1
1038,2017-07-08,train,1,120,1,1
1038,2017-07-18,train,1,113,3,2
1038,2017-07-26,train,1,117,2,2
1038,2017-07-31,train,1,117,3,3
1038,2017-08-06,train,1,120,3,3
1038,2017-08-13,train,1,120,6,6
1038,2017-08-18,train,1,120,3,3
1038,2017-08-24,train,1,108,2,2
1038,2017-09-05,train,1,111,7,3
1038,2017-09-09,train,1,112,2,2
1038,2017-09-14,train,1,110,11,3
1038,2017-09-17,train,1,118,1,1
1038,2017-09-20,train,1,118,1,1
1038,2017-10-04,validation,1,120,1,1
1038,2017-10-05,validation,1,120,19,5
1038,2017-10-06,validation,1,120,3,0
1038,2017-10-08,validation,1,120,3,3
1038,2017-10-09,validation,1,120,2,1
1038,2017-10-10,validation,1,120,1,1
1038,2017-10-11,validation,1,120,3,2
1038,2017-10-15,validation,1,120,1,1
1038,2017-10-17,validation,1,120,9,7
1038,2017-10-21,validation,1,120,3,2
1038,2017-10-22,validation,1,120,6,2
1038,2017-10-24,validation,1,120,13,5
1038,2017-10-25,validation,1,120,5,4
1038,2017-10-26,validation,1,120,3,1
1038,2017-10-28,validation,1,120,5,4
1038,2017-10-29,validation,1,120,3,3
1038,2017-10-31,validation,1,120,1,0
1038,2017-11-10,test,1,120,5,3
104,2017-04-02,train,1,120,28,6
104,2017-04-16,train,1,120,8,3
104,2017-05-01,train,1,120,4,1
104,2017-05-16,train,1,120,1,1
104,2017-05-30,train,1,120,3,2
104,2017-06-13,train,1,120,8,5
104,2017-07-04,train,1,120,69,28
104,2017-08-03,train,1,120,3,2
104,2017-08-28,train,1,120,1,0
104,2017-09-18,train,1,120,2,0
104,2017-10-08,validation,1,120,3,2
104,2017-10-09,validation,1,120,1,1
104,2017-10-16,validation,1,120,2,0
104,2017-10-17,validation,1,120,4,0
104,2017-10-24,validation,1,120,9,2
104,2017-10-27,validation,1,120,1,1
104,2017-10-29,validation,1,120,95,28
104,2017-11-07,test,1,120,2,0
104,2017-11-12,test,1,120,72,24
104,2017-11-20,test,1,120,4,1
104,2017-11-26,test,1,120,47,26
104,2017-11-30,test,1,120,10,1
104,2017-12-04,test,1,120,3,3
104,2017-12-05,test,1,120,10,4
104,2017-12-09,test,1,120,109,43
104,2017-12-24,test,1,120,3,2
104,2017-12-27,test,1,120,15,5
104,2017-12-28,test,1,120,54,22
104,2017-12-31,test,1,120,1,0
1040,2017-04-09,train,1,120,3,2
1040,2017-04-24,train,1,120,3,0
1040,2017-05-02,train,1,120,2,1
1040,2017-05-07,train,1,120,20,10
1040,2017-05-15,train,1,120,3,1
1040,2017-05-20,train,1,120,2,1
1040,2017-05-29,train,1,120,15,6
1040,2017-06-06,train,1,120,3,2
1040,2017-06-15,train,1,120,3,3
1040,2017-06-24,train,1,120,7,1
1040,2017-06-30,train,1,120,2,1
1040,2017-07-07,train,1,120,3,0
1040,2017-07-13,train,1,120,24,13
1040,2017-07-23,train,1,120,21,14
1040,2017-08-06,train,1,120,2,2
1040,2017-08-18,train,1,120,2,2
1040,2017-08-24,train,1,120,2,0
1040,2017-09-04,train,1,120,23,13
1040,2017-09-09,train,1,120,3,1
1040,2017-09-17,train,1,120,19,10
1040,2017-09-26,train,1,120,2,0
1040,2017-10-17,validation,1,120,2,2
1040,2017-10-24,validation,1,120,2,0
1040,2017-10-26,validation,1,120,1,0
1040,2017-10-27,validation,1,120,23,13
1040,2017-10-30,validation,1,120,3,1
1040,2017-11-03,test,1,120,7,0
1040,2017-11-07,test,1,120,2,2
1040,2017-11-10,test,1,120,20,11
1040,2017-11-17,test,1,120,1,0
1040,2017-11-19,test,1,120,1,0
1040,2017-11-22,test,1,120,25,17
1040,2017-12-01,test,1,120,3,0
1040,2017-12-05,test,1,120,2,1
1040,2017-12-06,test,1,120,18,10
1040,2017-12-08,test,1,120,1,1
1040,2017-12-15,test,1,120,2,0
1040,2017-12-18,test,1,120,6,3
1040,2017-12-19,test,1,120,23,13
1040,2017-12-21,test,1,120,2,0
1041,2017-04-02,train,1,120,1,0
1041,2017-04-13,train,1,120,15,4
1041,2017-04-22,train,1,120,4,1
1041,2017-04-30,train,1,120,6,4
1041,2017-05-08,train,1,120,44,6
1041,2017-05-13,train,1,120,14,3
1041,2017-05-16,train,1,120,2,0
1041,2017-05-21,train,1,120,14,3
1041,2017-05-28,train,1,120,5,4
1041,2017-06-05,train,1,120,17,2
1041,2017-06-11,train,1,120,34,5
1041,2017-06-14,train,1,120,12,1
1041,2017-06-18,train,1,120,35,14
1041,2017-06-26,train,1,120,15,3
1041,2017-07-08,train,1,120,4,3
1041,2017-07-14,train,1,120,20,1
1041,2017-07-28,train,1,120,8,3
1041,2017-08-09,train,1,120,55,14
1041,2017-08-25,train,1,120,1,0
1041,2017-09-01,train,1,120,3,0
1041,2017-09-08,train,1,120,25,8
1041,2017-09-15,train,1,120,13,5
1041,2017-10-04,validation,1,120,1,0
1041,2017-10-05,validation,1,120,17,3
1041,2017-10-09,validation,1,120,22,3
1041,2017-10-14,validation,1,120,2,1
1041,2017-10-21,validation,1,120,7,1
1041,2017-10-23,validation,1,120,16,6
1041,2017-10-26,validation,1,120,6,0
1041,2017-10-28,validation,1,120,13,7
1041,2017-10-29,validation,1,120,23,9
1041,2017-11-01,test,1,120,2,0
1041,2017-11-03,test,1,120,6,2
1041,2017-11-04,test,1,120,24,6
1041,2017-11-05,test,1,120,12,4
1041,2017-11-07,test,1,120,6,1
1041,2017-11-09,test,1,120,17,6
1041,2017-11-10,test,1,120,25,7
1041,2017-11-11,test,1,120,25,8
1041,2017-11-12,test,1,120,7,3
1041,2017-11-14,test,1,120,4,2
1041,2017-11-18,test,1,120,2,1
1041,2017-11-22,test,1,120,24,3
1041,2017-11-23,test,1,120,8,1
1041,2017-11-24,test,1,120,1,0
1041,2017-12-01,test,1,120,19,4
1041,2017-12-07,test,1,120,5,0
1041,2017-12-08,test,1,120,28,10
1041,2017-12-09,test,1,120,1,0
1041,2017-12-13,test,1,120,27,6
1041,2017-12-15,test,1,120,4,3
1041,2017-12-16,test,1,120,16,4
1041,2017-12-18,test,1,120,10,2
1041,2017-12-21,test,1,120,1,0
1041,2017-12-26,test,1,120,26,5
1041,2017-12-30,test,1,120,6,2
1041,2017-12-31,test,1,120,2,0
1043,2017-07-14,train,0,73,40,1
1046,2017-04-08,train,1,76,1,1
1046,2017-04-13,train,1,78,1,1
1046,2017-04-20,train,1,94,4,4
1046,2017-05-01,train,1,103,3,3
1046,2017-05-12,train,1,112,2,2
1046,2017-05-17,train,1,114,4,2
1046,2017-05-26,train,1,116,2,2
1046,2017-06-04,train,1,120,3,2
1046,2017-06-11,train,1,120,6,4
1046,2017-06-24,train,1,120,2,2
1046,2017-07-01,train,1,120,5,2
1046,2017-07-06,train,1,120,11,5
1046,2017-07-17,train,1,120,7,3
1046,2017-08-01,train,1,120,16,10
1046,2017-08-12,train,1,120,2,1
1046,2017-08-25,train,1,120,6,3
1046,2017-08-31,train,1,120,2,2
1046,2017-09-13,train,1,120,4,2
1046,2017-09-26,train,1,120,3,1
1046,2017-10-02,validation,1,120,1,1
1046,2017-10-08,validation,1,120,17,5
1046,2017-10-17,validation,1,120,37,3
1046,2017-10-20,validation,1,120,3,2
1046,2017-10-24,validation,1,120,17,5
1046,2017-11-01,test,1,120,9,5
1046,2017-11-04,test,1,120,7,2
1046,2017-11-14,test,1,120,8,3
1046,2017-11-22,test,1,120,46,6
1046,2017-11-23,test,1,120,4,1
1046,2017-12-03,test,1,120,12,8
1046,2017-12-17,test,1,120,7,3
1046,2017-12-23,test,1,120,7,5
1046,2017-12-30,test,1,120,4,2
1049,2017-05-10,train,1,43,4,2
1049,2017-05-21,train,1,46,27,4
1049,2017-06-26,train,1,95,17,4
1049,2017-08-09,train,1,104,3,0
1049,2017-09-07,train,1,120,5,1
1049,2017-10-12,validation,1,106,1,0
1049,2017-10-15,validation,1,107,4,0
1049,2017-10-21,validation,1,111,24,3
1049,2017-10-29,validation,1,120,1,0
1049,2017-11-13,test,1,120,5,1
1049,2017-12-04,test,1,109,7,1
1049,2017-12-12,test,1,115,2,0
1049,2017-12-14,test,1,117,6,2
105,2017-04-04,train,1,120,10,1
105,2017-04-15,train,1,120,23,1
105,2017-05-26,train,1,120,24,8
105,2017-06-17,train,1,120,1,0
105,2017-06-23,train,1,120,7,3
105,2017-07-24,train,1,120,24,2
105,2017-08-09,train,1,120,8,2
105,2017-08-16,train,1,120,1,1
105,2017-09-13,train,1,120,3,2
105,2017-09-23,train,1,120,4,1
105,2017-10-04,validation,1,120,33,7
105,2017-11-03,test,1,120,55,12
105,2017-11-08,test,1,120,3,1
105,2017-11-09,test,1,120,3,2
105,2017-11-15,test,1,120,1,1
105,2017-11-20,test,1,120,2,1
105,2017-11-22,test,1,120,3,1
105,2017-12-03,test,1,120,29,6
105,2017-12-04,test,1,120,3,3
105,2017-12-06,test,1,120,4,3
105,2017-12-07,test,1,120,14,3
105,2017-12-11,test,1,120,3,3
105,2017-12-12,test,1,120,2,2
105,2017-12-20,test,1,120,3,2
105,2017-12-22,test,1,120,1,0
105,2017-12-28,test,1,120,3,2
1053,2017-04-02,train,1,120,9,7
1053,2017-04-26,train,1,120,17,11
1053,2017-05-17,train,1,120,16,9
1053,2017-06-05,train,1,120,22,17
1053,2017-06-15,train,1,120,10,3
1053,2017-06-30,train,1,120,11,9
1053,2017-07-28,train,1,120,24,15
1053,2017-08-14,train,1,120,26,18
1053,2017-09-10,train,1,120,25,13
1053,2017-09-26,train,1,120,9,7
1053,2017-10-02,validation,1,120,6,3
1053,2017-10-03,validation,1,120,9,7
1053,2017-10-10,validation,1,120,22,15
1053,2017-10-16,validation,1,120,7,6
1053,2017-10-19,validation,1,120,7,6
1053,2017-10-31,validation,1,120,21,13
1053,2017-11-10,test,1,120,10,3
1053,2017-11-14,test,1,120,9,4
1053,2017-11-28,test,1,120,4,1
1053,2017-12-05,test,1,120,16,9
1053,2017-12-06,test,1,120,14,11
1053,2017-12-13,test,1,120,16,11
1053,2017-12-15,test,1,120,5,0
1053,2017-12-19,test,1,120,8,3
1053,2017-12-22,test,1,120,27,12
1053,2017-12-28,test,1,120,16,12
1054,2017-04-21,train,1,37,2,0
1054,2017-06-25,train,1,60,3,1
1054,2017-11-04,test,1,41,17,3
1054,2017-12-02,test,1,47,4,0
1054,2017-12-08,test,1,39,3,0
1054,2017-12-14,test,1,42,6,0
1054,2017-12-30,test,1,45,4,0
1056,2017-04-15,train,1,120,18,6
1056,2017-05-16,train,1,120,4,3
1056,2017-06-13,train,1,120,4,0
1056,2017-08-17,train,1,120,13,7
1056,2017-10-01,validation,1,120,12,1
1056,2017-10-13,validation,1,120,60,16
1056,2017-10-18,validation,1,120,13,5
1056,2017-11-04,test,1,120,60,20
1056,2017-11-09,test,1,120,8,5
1056,2017-12-10,test,1,120,19,10
1056,2017-12-27,test,1,120,1,0
1057,2017-04-02,train,1,114,15,11
1057,2017-04-16,train,1,120,2,2
1057,2017-05-09,train,1,120,16,16
1057,2017-05-18,train,1,120,6,5
1057,2017-05-29,train,1,120,26,17
1057,2017-06-04,train,1,120,21,15
1057,2017-06-15,train,1,120,5,5
1057,2017-06-27,train,1,120,12,8
1057,2017-07-03,train,1,120,7,6
1057,2017-07-07,train,1,120,7,6
1057,2017-07-16,train,1,120,6,5
1057,2017-07-28,train,1,120,13,11
1057,2017-08-07,train,1,120,7,7
1057,2017-08-20,train,1,120,3,3
1057,2017-08-27,train,1,120,11,11
1057,2017-09-03,train,1,120,12,12
1057,2017-09-12,train,1,120,7,6
1057,2017-09-20,train,1,120,5,5
1057,2017-10-01,validation,1,120,5,4
1057,2017-10-02,validation,1,120,4,3
1057,2017-10-09,validation,1,120,9,8
1057,2017-10-15,validation,1,120,14,14
1057,2017-10-17,validation,1,120,10,10
1057,2017-10-22,validation,1,120,11,8
1057,2017-10-24,validation,1,120,7,6
1057,2017-10-29,validation,1,120,14,12
1057,2017-11-04,test,1,120,18,14
1057,2017-11-05,test,1,120,10,10
1057,2017-11-12,test,1,120,9,9
1057,2017-11-16,test,1,120,6,4
1057,2017-11-20,test,1,120,5,5
1057,2017-11-27,test,1,120,11,6
1057,2017-11-28,test,1,120,9,9
1057,2017-12-03,test,1,120,11,11
1057,2017-12-05,test,1,120,7,7
1057,2017-12-07,test,1,120,9,3
1057,2017-12-10,test,1,120,9,9
1057,2017-12-14,test,1,120,3,2
1057,2017-12-16,test,1,120,9,7
1057,2017-12-17,test,1,120,9,6
1057,2017-12-18,test,1,120,4,2
1057,2017-12-21,test,1,120,2,2
1057,2017-12-24,test,1,120,10,8
1057,2017-12-29,test,1,120,8,7
1060,2017-04-09,train,1,120,41,19
1060,2017-05-17,train,1,120,50,32
1060,2017-06-25,train,1,120,45,25
1060,2017-07-22,train,1,120,38,28
1060,2017-08-17,train,1,120,48,30
1060,2017-09-13,train,1,120,46,38
1060,2017-10-06,validation,1,120,38,23
1060,2017-10-15,validation,1,120,39,22
1060,2017-11-01,test,1,120,2,0
1062,2017-04-08,train,1,73,2,1
1062,2017-04-14,train,1,75,2,2
1062,2017-04-25,train,1,75,1,1
1062,2017-05-08,train,1,76,1,1
1062,2017-05-13,train,1,76,1,1
1062,2017-05-30,train,1,76,16,8
1062,2017-06-06,train,1,89,3,0
1062,2017-06-13,train,1,92,3,3
1062,2017-06-19,train,1,94,4,2
1062,2017-06-26,train,1,97,1,0
1062,2017-07-10,train,1,92,1,0
1062,2017-07-16,train,1,90,18,6
1062,2017-07-24,train,1,80,5,5
1062,2017-08-03,train,1,75,3,1
1062,2017-08-19,train,1,72,2,2
1062,2017-08-26,train,1,69,1,1
1062,2017-09-06,train,1,66,11,6
1062,2017-09-12,train,1,72,1,1
1062,2017-09-18,train,1,69,15,8
1062,2017-09-29,train,1,77,1,1
1062,2017-10-02,validation,1,77,4,4
1062,2017-10-08,validation,1,77,3,2
1062,2017-10-11,validation,1,77,3,2
1062,2017-10-13,validation,1,77,3,3
1062,2017-10-15,validation,1,77,1,1
1062,2017-10-16,validation,1,77,2,2
1062,2017-10-19,validation,1,77,2,2
1062,2017-10-20,validation,1,77,1,0
1062,2017-10-21,validation,1,78,4,1
1062,2017-10-22,validation,1,81,2,2
1062,2017-10-25,validation,1,81,2,2
1062,2017-10-27,validation,1,81,1,1
1062,2017-10-29,validation,1,79,3,3
1062,2017-11-03,test,1,79,2,2
1062,2017-11-15,test,1,79,3,2
1062,2017-11-22,test,1,80,2,2
1062,2017-11-25,test,1,80,4,3
1062,2017-12-04,test,1,66,1,0
1062,2017-12-09,test,1,67,2,2
1062,2017-12-12,test,1,65,2,2
1062,2017-12-19,test,1,61,3,3
1062,2017-12-22,test,1,60,1,1
1062,2017-12-27,test,1,59,11,4
1062,2017-12-31,test,1,66,3,3
1063,2017-06-03,train,1,10,19,0
1063,2017-08-04,train,1,35,2,0
1063,2017-12-03,test,1,16,14,0
1068,2017-08-17,train,0,0,7,0
1068,2017-11-12,test,1,10,3,0
1068,2017-12-04,test,1,13,5,0
1068,2017-12-06,test,1,18,40,4
1068,2017-12-19,test,1,54,1,0
1068,2017-12-27,test,1,55,1,0
1070,2017-04-10,train,1,120,6,1
1070,2017-04-21,train,1,120,17,4
1070,2017-06-02,train,1,120,22,3
1070,2017-06-23,train,1,120,2,0
1070,2017-06-30,train,1,120,27,5
1070,2017-07-27,train,1,120,3,0
1070,2017-08-12,train,1,120,21,7
1070,2017-09-06,train,1,120,9,3
1070,2017-10-20,validation,1,120,1,0
1070,2017-10-31,validation,1,120,13,3
1070,2017-11-04,test,1,120,34,10
1070,2017-11-25,test,1,120,5,0
1070,2017-11-29,test,1,120,14,5
1070,2017-12-13,test,1,120,18,9
1070,2017-12-23,test,1,120,2,0
1070,2017-12-26,test,1,120,29,9
1075,2017-04-10,train,1,62,7,1
1075,2017-04-26,train,1,69,15,2
1075,2017-06-25,train,1,88,4,1
1075,2017-08-02,train,1,55,19,3
1075,2017-09-13,train,1,62,2,0
1075,2017-10-24,validation,1,43,1,0
1075,2017-11-17,test,1,37,4,0
1075,2017-11-18,test,1,41,3,0
1075,2017-11-19,test,1,44,6,2
1075,2017-11-22,test,1,48,7,3
1075,2017-12-01,test,1,52,8,3
1075,2017-12-08,test,1,57,1,1
1075,2017-12-09,test,1,57,1,0
1075,2017-12-23,test,1,55,10,6
1075,2017-12-24,test,1,59,3,1
1075,2017-12-30,test,1,61,9,2
1080,2017-04-05,train,0,34,11,0
1080,2017-05-06,train,1,62,1,0
1080,2017-05-31,train,1,70,2,1
1080,2017-07-05,train,1,80,9,3
1080,2017-08-17,train,1,91,10,6
1080,2017-09-30,train,1,119,17,2
1080,2017-11-24,test,1,105,8,1
1080,2017-12-13,test,1,108,23,8
1080,2017-12-28,test,1,119,3,1
1080,2017-12-30,test,1,120,15,2
1080,2017-12-31,test,1,120,3,1
1081,2017-04-01,train,1,120,75,20
1081,2017-04-09,train,1,120,5,2
1081,2017-04-20,train,1,120,3,0
1081,2017-05-11,train,1,120,4,1
1081,2017-05-29,train,1,120,9,2
1081,2017-06-06,train,1,120,2,0
1081,2017-06-27,train,1,120,14,3
1081,2017-07-09,train,1,120,3,1
1081,2017-07-28,train,1,120,35,6
1081,2017-08-10,train,1,120,4,0
1081,2017-09-12,train,1,120,13,3
1081,2017-10-05,validation,1,120,45,17
1081,2017-10-10,validation,1,120,8,2
1081,2017-10-15,validation,1,120,54,25
1081,2017-10-22,validation,1,120,41,12
1081,2017-10-29,validation,1,120,32,16
1081,2017-10-31,validation,1,120,2,2
1081,2017-11-06,test,1,120,4,1
1081,2017-11-07,test,1,120,16,1
1081,2017-11-09,test,1,120,1,0
1081,2017-11-14,test,1,120,32,9
1081,2017-11-21,test,1,120,45,14
1081,2017-11-28,test,1,120,12,4
1081,2017-12-12,test,1,120,71,25
1081,2017-12-23,test,1,120,36,13
1081,2017-12-29,test,1,120,16,9
1081,2017-12-30,test,1,120,6,2
1082,2017-04-01,train,1,74,10,2
1082,2017-04-15,train,1,94,17,4
1082,2017-04-29,train,1,116,17,3
1082,2017-05-12,train,1,120,10,6
1082,2017-05-26,train,1,120,15,9
1082,2017-06-16,train,1,120,17,13
1082,2017-06-30,train,1,120,16,5
1082,2017-07-20,train,1,120,12,8
1082,2017-08-11,train,1,120,18,13
1082,2017-08-25,train,1,120,14,7
1082,2017-09-09,train,1,120,14,8
1082,2017-09-29,train,1,120,3,1
1082,2017-10-02,validation,1,120,3,1
1082,2017-10-07,validation,1,120,14,10
1082,2017-10-11,validation,1,120,2,1
1082,2017-10-14,validation,1,120,9,7
1082,2017-10-19,validation,1,120,2,1
1082,2017-10-20,validation,1,120,12,7
1082,2017-10-29,validation,1,120,9,7
1082,2017-11-03,test,1,120,14,10
1082,2017-11-10,test,1,120,12,5
1082,2017-11-17,test,1,120,3,3
1082,2017-11-18,test,1,120,2,0
1082,2017-11-28,test,1,120,11,7
1082,2017-12-01,test,1,120,10,2
1082,2017-12-06,test,1,120,2,1
1082,2017-12-08,test,1,120,15,9
1082,2017-12-11,test,1,120,3,2
1082,2017-12-15,test,1,120,16,11
1082,2017-12-21,test,1,120,2,1
1082,2017-12-22,test,1,120,15,6
1082,2017-12-29,test,1,120,11,7
1084,2017-04-04,train,1,87,1,1
1084,2017-04-11,train,1,89,3,2
1084,2017-05-03,train,1,93,3,2
1084,2017-05-10,train,1,99,1,1
1084,2017-05-14,train,1,101,21,13
1084,2017-05-20,train,1,112,5,4
1084,2017-05-26,train,1,120,2,2
1084,2017-06-06,train,1,120,4,4
1084,2017-06-16,train,1,120,11,9
1084,2017-07-11,train,1,120,3,0
1084,2017-07-23,train,1,120,5,4
1084,2017-08-09,train,1,106,1,0
1084,2017-08-21,train,1,110,12,11
1084,2017-10-01,validation,1,101,3,0
1084,2017-10-06,validation,1,102,1,1
1084,2017-10-08,validation,1,102,3,3
1084,2017-10-13,validation,1,101,4,2
1084,2017-10-15,validation,1,103,8,4
1084,2017-10-22,validation,1,105,1,1
1084,2017-10-26,validation,1,105,3,0
1084,2017-10-29,validation,1,107,2,1
1084,2017-11-06,test,1,102,1,1
1084,2017-11-08,test,1,101,6,3
1084,2017-11-10,test,1,103,1,1
1084,2017-11-14,test,1,95,1,1
1084,2017-11-18,test,1,93,2,1
1084,2017-12-01,test,1,81,5,2
1084,2017-12-12,test,1,72,6,4
1084,2017-12-19,test,1,66,2,1
1084,2017-12-21,test,1,67,3,1
1084,2017-12-31,test,1,69,5,3
109,2017-04-15,train,1,120,13,7
109,2017-04-26,train,1,120,14,4
109,2017-05-09,train,1,120,23,15
109,2017-05-16,train,1,120,12,3
109,2017-06-10,train,1,120,3,1
109,2017-06-18,train,1,120,9,2
109,2017-06-24,train,1,120,13,1
109,2017-07-02,train,1,120,24,3
109,2017-08-05,train,1,120,41,13
109,2017-08-22,train,1,120,6,5
109,2017-08-31,train,1,120,10,1
109,2017-09-16,train,1,120,3,1
109,2017-10-04,validation,1,120,9,7
109,2017-10-06,validation,1,120,18,7
109,2017-10-13,validation,1,120,4,4
109,2017-10-15,validation,1,120,7,4
109,2017-10-21,validation,1,120,3,0
109,2017-10-29,validation,1,120,17,9
109,2017-10-31,validation,1,120,8,5
109,2017-11-07,test,1,120,27,11
109,2017-11-09,test,1,120,9,4
109,2017-11-15,test,1,120,3,2
109,2017-11-28,test,1,120,27,14
109,2017-12-05,test,1,120,7,5
109,2017-12-11,test,1,120,10,6
109,2017-12-13,test,1,120,9,2
1092,2017-04-02,train,1,49,11,1
1092,2017-06-08,train,1,81,12,7
1092,2017-09-10,train,1,68,10,6
1092,2017-10-03,validation,1,58,17,5
1092,2017-10-08,validation,1,70,1,0
1092,2017-10-29,validation,1,58,17,7
1092,2017-11-21,test,1,61,5,4
1092,2017-12-03,test,1,62,18,3
1092,2017-12-19,test,1,71,9,6
1094,2017-05-02,train,1,120,28,3
1094,2017-06-13,train,1,120,47,13
1094,2017-07-18,train,1,120,7,0
1094,2017-08-06,train,1,120,90,21
1094,2017-08-27,train,1,120,22,13
1094,2017-09-19,train,1,120,54,21
1094,2017-10-08,validation,1,120,1,0
1094,2017-10-09,validation,1,120,22,8
1094,2017-10-20,validation,1,120,6,3
1094,2017-10-21,validation,1,120,1,0
1094,2017-10-22,validation,1,120,25,9
1094,2017-10-29,validation,1,120,22,12
1094,2017-10-31,validation,1,120,2,0
1094,2017-11-21,test,1,120,43,16
1094,2017-11-22,test,1,120,5,1
1094,2017-11-25,test,1,120,15,4
1094,2017-12-03,test,1,120,10,5
1094,2017-12-05,test,1,120,8,4
1094,2017-12-11,test,1,120,17,2
1094,2017-12-13,test,1,120,45,19
1095,2017-04-03,train,1,14,6,0
1095,2017-05-14,train,1,39,9,1
1095,2017-06-05,train,1,51,2,0
1095,2017-12-26,test,0,0,5,0
1096,2017-11-26,test,0,7,10,0
1098,2017-04-03,train,1,120,28,5
1098,2017-04-11,train,1,120,12,10
1098,2017-04-22,train,1,120,12,3
1098,2017-04-28,train,1,120,27,7
1098,2017-05-01,train,1,120,7,6
1098,2017-05-12,train,1,120,16,9
1098,2017-05-16,train,1,120,10,6
1098,2017-05-22,train,1,120,14,10
1098,2017-05-31,train,1,120,6,6
1098,2017-06-09,train,1,120,4,2
1098,2017-06-14,train,1,120,27,7
1098,2017-06-22,train,1,120,5,0
1098,2017-06-29,train,1,120,4,0
1098,2017-07-05,train,1,120,8,6
1098,2017-07-15,train,1,120,3,0
1098,2017-07-21,train,1,120,3,1
1098,2017-07-26,train,1,120,18,13
1098,2017-08-04,train,1,120,2,2
1098,2017-08-10,train,1,120,7,1
1098,2017-08-17,train,1,120,28,10
1098,2017-08-26,train,1,120,4,4
1098,2017-09-02,train,1,120,4,3
1098,2017-09-09,train,1,120,8,7
1098,2017-09-16,train,1,120,42,20
1098,2017-09-23,train,1,120,17,9
1098,2017-09-28,train,1,120,6,5
1098,2017-10-01,validation,1,120,6,5
1098,2017-10-02,validation,1,120,9,4
1098,2017-10-04,validation,1,120,8,7
1098,2017-10-07,validation,1,120,14,7
1098,2017-10-08,validation,1,120,2,2
1098,2017-10-09,validation,1,120,11,8
1098,2017-10-11,validation,1,120,13,6
1098,2017-10-13,validation,1,120,4,0
1098,2017-10-15,validation,1,120,11,6
1098,2017-10-18,validation,1,120,24,15
1098,2017-10-20,validation,1,120,4,4
1098,2017-10-21,validation,1,120,12,8
1098,2017-10-25,validation,1,120,20,13
1098,2017-10-28,validation,1,120,18,11
1098,2017-10-31,validation,1,120,11,6
1098,2017-11-02,test,1,120,19,11
1098,2017-11-04,test,1,120,2,2
1098,2017-11-05,test,1,120,4,4
1098,2017-11-08,test,1,120,5,4
1098,2017-11-09,test,1,120,22,11
1098,2017-11-10,test,1,120,4,2
1098,2017-11-12,test,1,120,7,7
1098,2017-11-17,test,1,120,7,5
1098,2017-11-21,test,1,120,27,17
1098,2017-11-23,test,1,120,4,2
1098,2017-11-24,test,1,120,6,6
1098,2017-11-26,test,1,120,12,8
1098,2017-11-30,test,1,120,4,3
1098,2017-12-02,test,1,120,15,10
1098,2017-12-04,test,1,120,15,9
1098,2017-12-09,test,1,120,32,23
1098,2017-12-13,test,1,120,24,15
1098,2017-12-16,test,1,120,3,2
1098,2017-12-17,test,1,120,12,8
1098,2017-12-18,test,1,120,13,5
1098,2017-12-20,test,1,120,11,7
1098,2017-12-23,test,1,120,6,6
1098,2017-12-24,test,1,120,10,5
1098,2017-12-26,test,1,120,9,4
1098,2017-12-28,test,1,120,13,6
1098,2017-12-29,test,1,120,13,7
1098,2017-12-30,test,1,120,9,4
1104,2017-04-02,train,1,120,2,0
1104,2017-04-09,train,1,120,13,10
1104,2017-04-19,train,1,120,1,1
1104,2017-05-04,train,1,120,3,0
1104,2017-05-17,train,1,120,3,3
1104,2017-05-31,train,1,120,10,3
1104,2017-06-04,train,1,120,4,3
1104,2017-06-19,train,1,120,7,4
1104,2017-07-01,train,1,120,7,2
1104,2017-07-29,train,1,120,2,1
1104,2017-08-23,train,1,120,2,0
1104,2017-09-21,train,1,120,3,0
1104,2017-10-22,validation,1,120,20,4
1104,2017-10-28,validation,1,120,28,11
1104,2017-12-06,test,1,120,6,1
1104,2017-12-10,test,1,120,3,0
1104,2017-12-12,test,1,120,4,1
1104,2017-12-15,test,1,120,19,4
1104,2017-12-17,test,1,120,6,1
1104,2017-12-19,test,1,120,2,1
1104,2017-12-26,test,1,120,33,8
1106,2017-06-28,train,0,29,4,0
1106,2017-08-22,train,1,29,6,1
1106,2017-10-15,validation,1,30,2,0
1106,2017-10-27,validation,1,32,2,0
1106,2017-10-30,validation,1,34,4,0
1106,2017-11-01,test,1,38,1,1
1106,2017-11-28,test,1,38,11,0
1106,2017-12-10,test,1,49,3,1
1106,2017-12-12,test,1,51,8,1
1106,2017-12-22,test,1,58,24,4
1106,2017-12-23,test,1,78,3,2
1107,2017-09-17,train,0,25,13,0
1107,2017-11-27,test,0,31,5,0
1107,2017-12-11,test,1,36,10,2
1107,2017-12-12,test,1,44,9,4
1107,2017-12-19,test,1,49,5,1
1107,2017-12-21,test,1,53,10,1
1107,2017-12-30,test,1,44,20,3
1110,2017-04-08,train,1,105,4,1
1110,2017-04-14,train,1,120,1,0
1110,2017-04-25,train,1,120,2,1
1110,2017-05-06,train,1,120,7,2
1110,2017-05-11,train,1,120,5,2
1110,2017-05-21,train,1,120,5,0
1110,2017-05-27,train,1,120,11,1
1110,2017-06-03,train,1,120,8,0
1110,2017-06-16,train,1,120,10,1
1110,2017-06-28,train,1,120,2,0
1110,2017-07-06,train,1,120,5,1
1110,2017-07-11,train,1,120,2,1
1110,2017-07-20,train,1,120,1,0
1110,2017-07-29,train,1,120,19,3
1110,2017-08-03,train,1,120,7,1
1110,2017-08-10,train,1,120,1,1
1110,2017-08-14,train,1,120,27,3
1110,2017-08-24,train,1,120,3,2
1110,2017-08-28,train,1,120,5,1
1110,2017-09-04,train,1,120,3,0
1110,2017-09-07,train,1,120,1,0
1110,2017-09-19,train,1,120,26,3
1110,2017-09-27,train,1,120,10,1
1110,2017-10-01,validation,1,120,19,0
1110,2017-10-09,validation,1,120,2,0
1110,2017-10-11,validation,1,120,6,0
1110,2017-10-17,validation,1,120,22,3
1110,2017-10-23,validation,1,120,2,0
1110,2017-10-27,validation,1,120,8,2
1110,2017-10-29,validation,1,120,1,0
1110,2017-10-31,validation,1,120,2,0
1110,2017-11-01,test,1,120,13,1
1110,2017-11-07,test,1,120,13,2
1110,2017-11-09,test,1,120,1,0
1110,2017-11-12,test,1,120,6,0
1110,2017-11-14,test,1,120,13,3
1110,2017-11-20,test,1,120,1,0
1110,2017-11-21,test,1,120,2,0
1110,2017-11-25,test,1,120,1,0
1110,2017-12-05,test,1,120,3,2
1110,2017-12-12,test,1,120,2,0
1110,2017-12-14,test,1,120,16,1
1110,2017-12-16,test,1,120,8,0
1110,2017-12-17,test,1,120,14,3
1110,2017-12-24,test,1,120,8,2
1110,2017-12-31,test,1,120,9,5
1111,2017-04-02,train,1,120,69,50
1111,2017-04-08,train,1,120,57,21
1111,2017-04-16,train,1,120,66,40
1111,2017-04-23,train,1,120,51,36
1111,2017-05-01,train,1,120,26,7
1111,2017-05-11,train,1,120,2,0
1111,2017-05-21,train,1,120,80,51
1111,2017-05-28,train,1,120,11,2
1111,2017-06-04,train,1,120,60,43
1111,2017-06-10,train,1,120,1,1
1111,2017-06-15,train,1,120,2,1
1111,2017-06-21,train,1,120,1,1
1111,2017-06-26,train,1,120,27,6
1111,2017-07-02,train,1,120,71,49
1111,2017-07-23,train,1,120,61,34
1111,2017-07-30,train,1,120,84,48
1111,2017-08-06,train,1,120,67,37
1111,2017-08-17,train,1,120,2,1
1111,2017-08-21,train,1,120,2,1
1111,2017-09-03,train,1,120,80,36
1111,2017-09-17,train,1,120,86,44
1111,2017-09-28,train,1,120,10,4
1111,2017-10-02,validation,1,120,49,35
1111,2017-10-08,validation,1,120,63,35
1111,2017-10-16,validation,1,120,55,30
1111,2017-10-17,validation,1,120,4,1
1111,2017-10-20,validation,1,120,1,0
1111,2017-10-21,validation,1,120,1,0
1111,2017-10-23,validation,1,120,62,34
1111,2017-10-30,validation,1,120,62,33
1111,2017-10-31,validation,1,120,8,1
1111,2017-11-01,test,1,120,2,0
1111,2017-11-04,test,1,120,1,0
1111,2017-11-05,test,1,120,53,30
1111,2017-11-12,test,1,120,64,36
1111,2017-11-19,test,1,120,47,22
1111,2017-11-20,test,1,120,1,1
1111,2017-11-26,test,1,120,48,33
1111,2017-11-27,test,1,120,4,0
1111,2017-11-30,test,1,120,1,1
1111,2017-12-02,test,1,120,2,0
1111,2017-12-03,test,1,120,57,32
1111,2017-12-10,test,1,120,58,34
1111,2017-12-11,test,1,120,4,3
1111,2017-12-17,test,1,120,58,30
1111,2017-12-26,test,1,120,63,36
1117,2017-04-26,train,1,120,1,1
1117,2017-05-13,train,1,120,5,0
1117,2017-06-03,train,1,120,3,1
1117,2017-06-10,train,1,120,10,4
1117,2017-06-18,train,1,120,17,2
1117,2017-07-14,train,1,120,1,1
1117,2017-08-01,train,1,120,2,0
1117,2017-08-18,train,1,120,1,0
1117,2017-09-22,train,1,92,10,3
1117,2017-10-05,validation,1,98,20,0
1117,2017-10-06,validation,1,118,14,4
1117,2017-10-07,validation,1,120,6,0
1117,2017-10-10,validation,1,120,19,1
1117,2017-10-18,validation,1,120,8,0
1117,2017-10-27,validation,1,120,1,0
1117,2017-11-17,test,1,120,14,1
1117,2017-11-22,test,1,120,29,7
1117,2017-12-02,test,1,120,3,1
1117,2017-12-06,test,1,120,7,3
1119,2017-04-23,train,1,120,9,7
1119,2017-05-22,train,1,120,7,1
1119,2017-06-04,train,1,120,4,0
1119,2017-07-02,train,1,120,2,0
1119,2017-08-12,train,1,120,11,2
1119,2017-10-02,validation,1,120,16,1
1119,2017-11-16,test,1,120,11,1
1119,2017-12-29,test,1,85,15,5
1119,2017-12-30,test,1,93,1,0
1121,2017-04-16,train,1,80,4,1
1121,2017-05-18,train,1,120,12,3
1121,2017-07-13,train,1,120,3,0
1121,2017-08-15,train,1,120,4,0
1121,2017-09-25,train,1,120,16,2
1121,2017-10-10,validation,1,120,10,4
1121,2017-10-13,validation,1,120,17,1
1121,2017-11-01,test,1,120,26,4
1121,2017-11-14,test,1,120,14,6
1121,2017-11-20,test,1,120,52,10
1121,2017-12-06,test,1,120,31,8
1121,2017-12-11,test,1,120,14,3
1121,2017-12-18,test,1,120,6,1
1122,2017-04-07,train,1,103,4,2
1122,2017-04-19,train,1,113,12,7
1122,2017-05-09,train,1,120,12,6
1122,2017-05-29,train,1,120,1,1
1123,2017-04-03,train,1,63,40,12
1123,2017-04-19,train,1,103,2,2
1123,2017-05-27,train,1,114,15,9
1123,2017-07-10,train,1,120,1,0
1123,2017-08-09,train,1,117,20,9
1123,2017-09-09,train,1,120,11,8
1123,2017-10-03,validation,1,117,16,10
1123,2017-10-15,validation,1,115,24,12
1123,2017-10-26,validation,1,120,16,10
1123,2017-11-07,test,1,120,2,2
1123,2017-11-16,test,1,120,21,9
1123,2017-11-28,test,1,120,6,5
1123,2017-12-20,test,1,120,25,17
1124,2017-04-16,train,1,120,14,3
1124,2017-05-24,train,1,120,2,1
1124,2017-07-11,train,1,120,12,5
1124,2017-08-04,train,1,120,36,9
1124,2017-11-04,test,1,120,4,2
1124,2017-11-11,test,1,120,21,1
1124,2017-11-12,test,1,120,9,2
1124,2017-12-05,test,1,120,1,0
1127,2017-05-29,train,0,64,39,4
1127,2017-06-21,train,1,120,64,10
1127,2017-08-31,train,1,120,11,4
1127,2017-09-27,train,1,120,7,2
1127,2017-10-10,validation,1,120,49,11
1127,2017-10-22,validation,1,120,1,0
1127,2017-12-10,test,1,120,3,0
1127,2017-12-19,test,1,120,2,0
1128,2017-04-02,train,1,120,3,0
1128,2017-04-11,train,1,120,1,1
1128,2017-04-21,train,1,120,1,0
1128,2017-05-05,train,1,120,4,1
1128,2017-05-23,train,1,120,1,0
1128,2017-07-02,train,1,120,2,0
1128,2017-08-26,train,1,120,2,0
1128,2017-09-24,train,1,91,1,0
1128,2017-10-05,validation,1,66,2,0
1128,2017-10-09,validation,1,62,5,0
1128,2017-10-15,validation,1,64,6,0
1128,2017-10-16,validation,1,70,6,2
1128,2017-10-17,validation,1,71,10,4
1128,2017-10-19,validation,1,76,5,0
1128,2017-10-25,validation,1,79,1,0
1128,2017-10-27,validation,1,80,1,0
1128,2017-10-30,validation,1,81,10,3
1128,2017-10-31,validation,1,88,1,0
1128,2017-11-01,test,1,84,3,2
1128,2017-11-02,test,1,81,2,0
1128,2017-11-08,test,1,81,3,1
1128,2017-11-12,test,1,83,11,0
1128,2017-11-14,test,1,94,9,5
1128,2017-11-15,test,1,98,4,0
1128,2017-11-16,test,1,98,6,0
1128,2017-11-19,test,1,104,5,1
1128,2017-11-21,test,1,107,2,0
1128,2017-11-24,test,1,109,4,0
1128,2017-11-25,test,1,113,3,0
1128,2017-11-28,test,1,116,2,1
1128,2017-12-04,test,1,114,3,0
1128,2017-12-07,test,1,117,33,7
1128,2017-12-08,test,1,120,1,0
1128,2017-12-13,test,1,120,5,0
1128,2017-12-17,test,1,120,5,1
1128,2017-12-19,test,1,120,9,1
1128,2017-12-20,test,1,120,11,2
1128,2017-12-26,test,1,120,9,2
1128,2017-12-29,test,1,120,15,2
1129,2017-04-12,train,0,16,4,1
1129,2017-05-19,train,1,25,5,1
1129,2017-06-20,train,1,37,7,3
1129,2017-07-27,train,1,43,11,4
1129,2017-08-08,train,1,54,5,1
1129,2017-08-27,train,1,50,3,3
1129,2017-09-20,train,1,50,4,1
1129,2017-10-01,validation,1,55,6,5
1129,2017-10-19,validation,1,47,2,2
1129,2017-10-22,validation,1,47,5,3
1129,2017-10-26,validation,1,49,4,3
1129,2017-10-27,validation,1,50,1,0
1129,2017-11-12,test,1,51,5,5
1129,2017-11-21,test,1,45,16,4
1129,2017-12-01,test,1,57,2,2
1129,2017-12-10,test,1,54,11,6
1129,2017-12-17,test,1,57,1,0
1129,2017-12-31,test,1,53,7,2
113,2017-04-14,train,1,120,52,15
113,2017-05-03,train,1,120,38,18
113,2017-05-17,train,1,120,8,0
113,2017-05-26,train,1,120,77,21
113,2017-06-13,train,1,120,22,6
113,2017-07-04,train,1,120,15,4
113,2017-07-14,train,1,120,18,7
113,2017-07-19,train,1,120,17,5
113,2017-08-01,train,1,120,35,9
113,2017-08-18,train,1,120,42,14
113,2017-09-06,train,1,120,45,18
113,2017-09-16,train,1,120,1,1
113,2017-10-04,validation,1,120,1,1
113,2017-10-05,validation,1,120,16,3
113,2017-10-13,validation,1,120,34,12
113,2017-10-20,validation,1,120,32,8
113,2017-10-24,validation,1,120,29,9
113,2017-10-30,validation,1,120,19,4
113,2017-11-02,test,1,120,13,7
113,2017-11-05,test,1,120,2,0
113,2017-11-08,test,1,120,47,16
113,2017-11-12,test,1,120,21,10
113,2017-11-16,test,1,120,32,7
113,2017-11-19,test,1,120,24,6
113,2017-11-26,test,1,120,52,20
113,2017-11-29,test,1,120,3,0
113,2017-12-03,test,1,120,56,13
113,2017-12-09,test,1,120,19,8
113,2017-12-13,test,1,120,39,15
113,2017-12-19,test,1,120,42,14
113,2017-12-23,test,1,120,42,2
113,2017-12-24,test,1,120,3,0
113,2017-12-27,test,1,120,40,11
113,2017-12-30,test,1,120,14,6
1135,2017-07-04,train,1,28,1,0
1135,2017-08-16,train,1,32,3,1
1135,2017-09-04,train,1,30,13,3
1135,2017-09-25,train,1,40,3,0
1135,2017-10-06,validation,1,43,2,2
1135,2017-10-18,validation,1,41,4,2
1135,2017-10-23,validation,1,43,1,0
1135,2017-11-01,test,1,44,10,4
1135,2017-11-02,test,1,50,1,1
1135,2017-11-04,test,1,50,24,1
1135,2017-12-10,test,1,73,2,0
1135,2017-12-15,test,1,75,2,2
1138,2017-04-10,train,1,71,5,5
1138,2017-05-08,train,1,73,1,1
1138,2017-05-15,train,1,84,6,5
1138,2017-05-31,train,1,86,10,9
1138,2017-06-08,train,1,93,4,1
1138,2017-06-13,train,1,101,3,2
1138,2017-06-19,train,1,103,4,3
1138,2017-06-23,train,1,105,4,4
1138,2017-06-29,train,1,105,6,5
1138,2017-07-05,train,1,104,4,2
1138,2017-07-16,train,1,104,4,2
1138,2017-07-25,train,1,108,3,1
1138,2017-08-02,train,1,111,3,2
1138,2017-08-13,train,1,116,2,1
1138,2017-08-30,train,1,110,6,3
1138,2017-09-08,train,1,120,8,8
1138,2017-09-17,train,1,120,6,6
1138,2017-09-27,train,1,120,10,8
1138,2017-10-02,validation,1,120,9,6
1138,2017-10-04,validation,1,120,3,3
1138,2017-10-06,validation,1,120,11,4
1138,2017-10-09,validation,1,120,4,4
1138,2017-10-10,validation,1,120,2,2
1138,2017-10-13,validation,1,120,4,4
1138,2017-10-14,validation,1,120,4,4
1138,2017-10-16,validation,1,120,4,3
1138,2017-10-23,validation,1,120,4,4
1138,2017-10-25,validation,1,120,2,2
1138,2017-10-27,validation,1,120,10,5
1138,2017-10-31,validation,1,120,8,7
1138,2017-11-01,test,1,120,5,3
1138,2017-11-02,test,1,120,11,10
1138,2017-11-03,test,1,120,7,3
1138,2017-11-07,test,1,120,4,4
1138,2017-11-11,test,1,120,4,2
1138,2017-11-14,test,1,120,3,3
1138,2017-11-26,test,1,120,5,3
1138,2017-12-01,test,1,120,3,3
1138,2017-12-07,test,1,120,4,2
1138,2017-12-10,test,1,120,3,3
1138,2017-12-16,test,1,120,5,5
1138,2017-12-21,test,1,120,4,3
1138,2017-12-24,test,1,120,3,2
1138,2017-12-29,test,1,120,7,5
1139,2017-04-02,train,1,120,28,14
1139,2017-04-17,train,1,120,25,10
1139,2017-05-08,train,1,120,18,12
1139,2017-05-25,train,1,120,32,15
1139,2017-06-10,train,1,120,4,1
1139,2017-07-31,train,1,120,14,10
1139,2017-10-01,validation,1,120,42,16
1139,2017-10-10,validation,1,120,20,13
1139,2017-10-21,validation,1,120,24,7
1139,2017-10-29,validation,1,120,8,6
1139,2017-10-31,validation,1,120,21,12
1139,2017-11-15,test,1,120,13,6
1139,2017-11-22,test,1,120,17,5
114,2017-04-30,train,1,38,6,1
114,2017-05-20,train,1,67,30,8
114,2017-06-08,train,1,107,21,8
114,2017-07-17,train,1,120,2,0
114,2017-08-14,train,1,120,2,0
114,2017-09-19,train,1,120,12,3
114,2017-10-22,validation,1,120,4,1
114,2017-11-11,test,1,120,17,5
114,2017-11-12,test,1,120,7,4
114,2017-11-18,test,1,120,2,2
114,2017-11-26,test,1,120,9,4
114,2017-12-02,test,1,120,2,0
114,2017-12-10,test,1,114,7,2
114,2017-12-15,test,1,114,4,1
114,2017-12-18,test,1,117,5,3
1143,2017-11-05,test,0,7,10,1
1143,2017-11-29,test,0,16,3,0
1143,2017-12-18,test,0,19,4,1
1147,2017-05-21,train,0,108,3,0
1147,2017-07-04,train,1,120,30,2
1147,2017-09-03,train,1,120,23,4
1147,2017-09-10,train,1,120,13,5
1147,2017-10-01,validation,1,120,28,3
1147,2017-10-03,validation,1,120,13,3
1147,2017-10-05,validation,1,120,13,3
1147,2017-10-07,validation,1,120,18,4
1147,2017-10-18,validation,1,120,2,1
1147,2017-11-01,test,1,120,43,7
1147,2017-11-04,test,1,120,10,3
1147,2017-11-11,test,1,120,32,1
1147,2017-11-19,test,1,120,10,3
1147,2017-12-01,test,1,120,35,3
1147,2017-12-02,test,1,120,36,9
1147,2017-12-10,test,1,120,24,2
1150,2017-04-14,train,0,77,4,0
1150,2017-06-04,train,1,96,23,9
1150,2017-08-27,train,1,120,7,3
1155,2017-05-07,train,1,120,24,2
1155,2017-06-25,train,1,120,19,2
1155,2017-08-09,train,1,120,6,2
1155,2017-11-03,test,1,108,55,5
1155,2017-11-18,test,1,120,6,1
1155,2017-12-22,test,1,115,15,1
1155,2017-12-30,test,1,112,13,1
1158,2017-04-05,train,1,114,31,5
1158,2017-05-07,train,1,120,13,7
1158,2017-05-21,train,1,120,2,1
1158,2017-06-06,train,1,120,1,0
1158,2017-06-15,train,1,120,1,1
1158,2017-06-27,train,1,120,3,0
1158,2017-06-30,train,1,120,10,1
1158,2017-07-14,train,1,120,1,0
1158,2017-07-25,train,1,120,1,0
1158,2017-08-03,train,1,120,5,1
1158,2017-08-06,train,1,120,17,7
1158,2017-08-19,train,1,120,20,7
1158,2017-08-26,train,1,120,2,1
1158,2017-09-02,train,1,120,1,1
1158,2017-09-05,train,1,120,1,1
1158,2017-09-13,train,1,120,4,1
1158,2017-10-03,validation,1,120,1,1
1158,2017-10-04,validation,1,120,2,2
1158,2017-10-07,validation,1,120,4,1
1158,2017-10-09,validation,1,120,2,0
1158,2017-10-11,validation,1,120,1,1
1158,2017-10-21,validation,1,120,14,6
1158,2017-10-25,validation,1,120,2,1
1158,2017-10-28,validation,1,120,1,1
1158,2017-10-29,validation,1,120,6,2
1158,2017-10-31,validation,1,120,2,1
1158,2017-11-03,test,1,120,18,12
1158,2017-11-07,test,1,120,1,0
1158,2017-11-10,test,1,120,15,8
1158,2017-11-12,test,1,120,9,3
1158,2017-11-18,test,1,120,1,1
1158,2017-11-19,test,1,120,1,1
1158,2017-11-21,test,1,120,1,1
1158,2017-11-24,test,1,120,2,2
1158,2017-11-26,test,1,120,2,1
1158,2017-12-01,test,1,120,1,1
1158,2017-12-02,test,1,120,10,3
1158,2017-12-03,test,1,120,1,1
1158,2017-12-06,test,1,120,1,1
1158,2017-12-09,test,1,120,1,1
1158,2017-12-10,test,1,120,27,10
1158,2017-12-15,test,1,120,11,3
1158,2017-12-16,test,1,120,2,1
1158,2017-12-18,test,1,120,1,1
1158,2017-12-20,test,1,120,1,1
1158,2017-12-22,test,1,120,1,0
1158,2017-12-23,test,1,120,13,4
1158,2017-12-24,test,1,120,2,1
1158,2017-12-26,test,1,120,2,2
1158,2017-12-27,test,1,120,1,1
1158,2017-12-30,test,1,120,1,1
1158,2017-12-31,test,1,120,9,6
1159,2017-08-21,train,1,95,2,0
1159,2017-08-29,train,1,88,8,4
1159,2017-09-10,train,1,78,20,7
1159,2017-09-27,train,1,102,10,4
1159,2017-10-13,validation,1,109,5,3
1159,2017-10-24,validation,1,111,3,2
1159,2017-10-27,validation,1,112,16,2
1159,2017-10-30,validation,1,120,2,2
1159,2017-11-01,test,1,120,3,1
1159,2017-11-06,test,1,120,7,2
1159,2017-11-07,test,1,120,9,3
1159,2017-11-08,test,1,120,4,2
1159,2017-11-10,test,1,120,12,7
1159,2017-11-11,test,1,120,9,4
1159,2017-11-14,test,1,120,33,10
1159,2017-11-15,test,1,120,2,2
1159,2017-11-18,test,1,120,6,3
1159,2017-11-20,test,1,120,3,2
1159,2017-11-22,test,1,120,20,9
1159,2017-12-05,test,1,120,8,5
1159,2017-12-07,test,1,120,4,4
1159,2017-12-08,test,1,120,1,1
1159,2017-12-31,test,1,120,6,2
1165,2017-05-12,train,0,46,9,0
1165,2017-07-05,train,1,102,1,0
1165,2017-07-16,train,1,91,4,0
1165,2017-09-12,train,1,77,6,1
1165,2017-10-16,validation,1,82,1,0
1165,2017-10-30,validation,1,83,2,1
1165,2017-10-31,validation,1,84,9,2
1165,2017-11-04,test,1,91,6,1
1165,2017-11-07,test,1,96,4,1
1165,2017-11-17,test,1,90,6,1
1165,2017-11-28,test,1,68,29,8
1165,2017-12-04,test,1,89,8,5
1165,2017-12-16,test,1,68,17,4
1165,2017-12-22,test,1,81,22,3
1165,2017-12-28,test,1,100,3,2
1166,2017-04-02,train,1,120,5,2
1166,2017-04-14,train,1,120,1,1
1166,2017-04-18,train,1,120,73,12
1166,2017-04-30,train,1,120,1,1
1166,2017-05-06,train,1,120,4,1
1166,2017-05-19,train,1,120,67,12
1166,2017-05-27,train,1,120,3,0
1166,2017-06-07,train,1,120,24,6
1166,2017-06-16,train,1,120,1,0
1166,2017-06-25,train,1,120,2,1
1166,2017-07-01,train,1,120,3,2
1166,2017-07-10,train,1,120,19,6
1166,2017-07-21,train,1,120,3,0
1166,2017-07-25,train,1,120,52,9
1166,2017-07-30,train,1,120,3,0
1166,2017-08-07,train,1,120,4,2
1166,2017-08-14,train,1,120,8,3
1166,2017-08-18,train,1,120,8,1
1166,2017-08-21,train,1,120,79,14
1166,2017-08-29,train,1,120,2,1
1166,2017-09-06,train,1,120,1,1
1166,2017-09-17,train,1,120,9,4
1166,2017-09-26,train,1,120,13,3
1166,2017-10-01,validation,1,120,1,0
1166,2017-10-06,validation,1,120,9,5
1166,2017-10-07,validation,1,120,2,1
1166,2017-10-10,validation,1,120,15,3
1166,2017-10-16,validation,1,120,69,16
1166,2017-10-23,validation,1,120,7,3
1166,2017-10-26,validation,1,120,12,2
1166,2017-10-29,validation,1,120,4,2
1166,2017-10-30,validation,1,120,60,7
1166,2017-11-03,test,1,120,3,1
1166,2017-11-07,test,1,120,1,0
1166,2017-11-08,test,1,120,4,1
1166,2017-11-10,test,1,120,2,2
1166,2017-11-13,test,1,120,63,12
1166,2017-11-14,test,1,120,3,0
1166,2017-11-18,test,1,120,3,1
1166,2017-11-21,test,1,120,2,1
1166,2017-11-23,test,1,120,4,4
1166,2017-11-26,test,1,120,7,2
1166,2017-11-27,test,1,120,6,2
1166,2017-11-29,test,1,120,42,19
1166,2017-12-03,test,1,120,1,1
1166,2017-12-04,test,1,120,4,2
1166,2017-12-08,test,1,120,4,2
1166,2017-12-11,test,1,120,12,4
1166,2017-12-16,test,1,120,14,3
1166,2017-12-17,test,1,120,1,1
1166,2017-12-19,test,1,120,56,17
1166,2017-12-23,test,1,120,5,0
1166,2017-12-30,test,1,120,5,3
1167,2017-04-21,train,1,120,5,0
1167,2017-05-01,train,1,120,21,9
1167,2017-05-10,train,1,120,2,1
1167,2017-05-26,train,1,120,2,1
1167,2017-06-23,train,1,120,14,5
1167,2017-07-06,train,1,120,1,0
1167,2017-07-17,train,1,120,4,1
1167,2017-07-31,train,1,120,8,3
1167,2017-08-20,train,1,120,27,15
1167,2017-09-20,train,1,120,9,3
1167,2017-10-02,validation,1,120,5,0
1167,2017-10-04,validation,1,120,14,6
1167,2017-10-14,validation,1,120,20,9
1167,2017-10-15,validation,1,120,6,0
1167,2017-10-18,validation,1,120,7,2
1167,2017-10-27,validation,1,120,25,6
1167,2017-10-31,validation,1,120,10,3
1167,2017-11-07,test,1,120,8,6
1167,2017-11-12,test,1,120,13,6
1167,2017-11-16,test,1,120,24,12
1167,2017-12-06,test,1,120,43,18
1167,2017-12-14,test,1,120,10,4
1167,2017-12-23,test,1,120,2,0
1167,2017-12-27,test,1,120,17,9
1168,2017-04-06,train,1,44,2,1
1168,2017-04-23,train,1,49,1,0
1168,2017-06-25,train,1,54,2,0
1168,2017-07-16,train,1,52,4,2
1168,2017-08-31,train,1,41,1,0
1168,2017-10-11,validation,1,29,2,1
1168,2017-10-21,validation,1,23,2,0
1168,2017-11-04,test,1,25,2,0
1168,2017-11-05,test,1,27,2,0
1168,2017-11-20,test,1,28,3,0
1168,2017-12-01,test,1,31,3,1
1168,2017-12-08,test,1,31,3,2
1168,2017-12-10,test,1,32,2,1
1168,2017-12-17,test,1,33,2,2
1168,2017-12-18,test,1,33,4,0
1172,2017-04-05,train,1,120,5,2
1172,2017-05-17,train,1,120,4,0
1172,2017-06-13,train,1,120,11,1
1172,2017-06-27,train,1,120,6,1
1172,2017-07-03,train,1,120,2,0
1172,2017-07-13,train,1,120,1,1
1172,2017-07-21,train,1,120,6,1
1172,2017-07-27,train,1,120,2,1
1172,2017-07-31,train,1,120,2,0
1172,2017-08-04,train,1,120,16,4
1172,2017-08-18,train,1,120,37,8
1172,2017-08-27,train,1,120,1,0
1172,2017-09-03,train,1,120,4,3
1172,2017-09-18,train,1,120,18,4
1172,2017-10-01,validation,1,120,6,2
1172,2017-10-08,validation,1,120,1,1
1172,2017-10-10,validation,1,120,7,3
1172,2017-10-11,validation,1,120,1,1
1172,2017-10-17,validation,1,120,2,1
1172,2017-10-20,validation,1,120,3,0
1172,2017-10-22,validation,1,120,3,0
1172,2017-10-25,validation,1,120,4,0
1172,2017-10-29,validation,1,120,1,0
1172,2017-11-14,test,1,120,1,0
1172,2017-11-18,test,1,120,3,0
1172,2017-11-23,test,1,120,18,2
1172,2017-11-27,test,1,120,6,0
1172,2017-11-28,test,1,120,1,0
1172,2017-12-02,test,1,120,3,2
1172,2017-12-03,test,1,120,1,1
1172,2017-12-08,test,1,120,1,0
1172,2017-12-09,test,1,120,2,0
1172,2017-12-13,test,1,120,6,0
1172,2017-12-16,test,1,120,17,2
1172,2017-12-21,test,1,120,2,0
1172,2017-12-22,test,1,120,3,3
1172,2017-12-29,test,1,120,4,1
1172,2017-12-30,test,1,120,1,1
1172,2017-12-31,test,1,120,11,3
1174,2017-04-15,train,1,120,4,2
1174,2017-05-16,train,1,120,3,0
1174,2017-06-28,train,1,120,9,0
1174,2017-07-23,train,1,120,3,1
1174,2017-07-30,train,1,120,5,2
1174,2017-08-11,train,1,120,2,1
1174,2017-08-27,train,1,120,22,7
1174,2017-09-15,train,1,120,5,2
1174,2017-09-23,train,1,120,3,0
1174,2017-10-11,validation,1,120,8,0
1174,2017-10-19,validation,1,120,5,2
1174,2017-10-28,validation,1,120,9,0
1174,2017-11-04,test,1,120,7,1
1174,2017-11-05,test,1,120,14,2
1174,2017-11-06,test,1,120,4,0
1174,2017-12-09,test,1,120,3,0
1174,2017-12-18,test,1,120,27,7
1174,2017-12-20,test,1,120,1,0
1174,2017-12-26,test,1,120,11,3
1174,2017-12-29,test,1,120,37,8
1174,2017-12-31,test,1,120,13,4
118,2017-04-22,train,1,107,23,17
118,2017-05-20,train,1,120,25,16
118,2017-06-10,train,1,120,5,4
118,2017-07-03,train,1,120,22,13
118,2017-08-03,train,1,120,3,0
118,2017-08-26,train,1,120,33,22
118,2017-10-05,validation,1,120,47,34
118,2017-10-14,validation,1,120,1,0
118,2017-10-21,validation,1,120,49,36
118,2017-11-07,test,1,120,39,27
118,2017-11-17,test,1,120,23,10
118,2017-12-01,test,1,120,39,19
118,2017-12-15,test,1,120,27,13
118,2017-12-26,test,1,120,22,14
1186,2017-05-02,train,1,110,38,3
1186,2017-05-25,train,1,120,13,6
1186,2017-06-06,train,1,120,5,1
1186,2017-06-15,train,1,120,7,4
1186,2017-07-15,train,1,120,23,5
1186,2017-08-11,train,1,120,4,0
1186,2017-09-12,train,1,120,2,2
1186,2017-10-07,validation,1,120,25,5
1186,2017-10-16,validation,1,120,18,3
1186,2017-10-21,validation,1,120,5,2
1186,2017-10-31,validation,1,120,10,3
1186,2017-11-08,test,1,120,3,0
1186,2017-11-16,test,1,120,34,6
1186,2017-11-21,test,1,120,3,1
1186,2017-11-27,test,1,120,2,1
1186,2017-12-05,test,1,120,65,9
1186,2017-12-08,test,1,120,16,1
1186,2017-12-22,test,1,120,7,1
1186,2017-12-28,test,1,120,55,13
1188,2017-04-14,train,1,98,2,0
1188,2017-05-13,train,1,120,20,7
1188,2017-06-19,train,1,120,19,2
1188,2017-07-22,train,1,120,8,1
1188,2017-08-06,train,1,120,30,11
1188,2017-08-29,train,1,120,10,2
1188,2017-09-11,train,1,120,10,2
1188,2017-09-20,train,1,120,4,2
1188,2017-09-25,train,1,120,2,0
1188,2017-10-01,validation,1,120,4,1
1188,2017-10-06,validation,1,120,2,1
1188,2017-10-07,validation,1,120,18,8
1188,2017-10-10,validation,1,120,19,5
1188,2017-10-12,validation,1,120,9,5
1188,2017-10-16,validation,1,120,20,5
1188,2017-10-21,validation,1,120,7,4
1188,2017-10-23,validation,1,120,18,7
1188,2017-10-24,validation,1,120,8,4
1188,2017-10-25,validation,1,120,5,2
1188,2017-11-01,test,1,120,3,1
1188,2017-11-03,test,1,120,6,2
1188,2017-11-05,test,1,120,5,2
1188,2017-11-11,test,1,120,15,5
1188,2017-11-12,test,1,120,3,0
1188,2017-11-13,test,1,120,1,0
1188,2017-11-18,test,1,120,39,9
1188,2017-11-20,test,1,120,11,2
1188,2017-11-24,test,1,120,12,1
1188,2017-11-27,test,1,120,18,6
1188,2017-12-06,test,1,120,3,1
1188,2017-12-09,test,1,120,33,9
1188,2017-12-10,test,1,120,10,6
1188,2017-12-11,test,1,120,10,3
1188,2017-12-12,test,1,120,7,3
1188,2017-12-19,test,1,120,20,5
1188,2017-12-21,test,1,120,4,1
1188,2017-12-23,test,1,120,41,8
1188,2017-12-24,test,1,120,3,1
1188,2017-12-27,test,1,120,14,3
1188,2017-12-30,test,1,120,20,7
1189,2017-05-07,train,0,13,2,1
1189,2017-07-02,train,1,19,3,1
1189,2017-09-03,train,1,29,2,0
1189,2017-10-19,validation,1,25,9,0
1189,2017-11-23,test,1,33,3,0
1189,2017-11-24,test,1,36,2,0
1189,2017-11-25,test,1,38,4,0
1189,2017-11-27,test,1,40,25,4
1189,2017-11-30,test,1,61,1,0
1189,2017-12-29,test,1,58,7,0
1189,2017-12-30,test,1,63,5,1
1192,2017-04-22,train,1,61,17,8
1192,2017-07-14,train,1,75,1,0
1192,2017-07-31,train,1,68,8,0
1192,2017-09-04,train,1,63,49,3
1192,2017-09-14,train,1,118,5,2
1192,2017-10-03,validation,1,120,3,0
1192,2017-10-11,validation,1,120,4,1
1192,2017-10-18,validation,1,120,3,2
1192,2017-11-14,test,1,120,2,0
1192,2017-11-25,test,1,120,3,0
1192,2017-11-28,test,1,120,3,1
1192,2017-12-03,test,1,120,11,0
1192,2017-12-12,test,1,120,1,0
1192,2017-12-14,test,1,120,1,1
1192,2017-12-15,test,1,120,3,0
1192,2017-12-31,test,1,120,7,2
1197,2017-04-10,train,1,120,17,2
1197,2017-05-01,train,1,120,51,9
1197,2017-05-21,train,1,120,39,7
1197,2017-06-04,train,1,120,17,7
1197,2017-07-03,train,1,120,5,2
1197,2017-07-13,train,1,120,14,4
1197,2017-08-01,train,1,120,17,5
1197,2017-08-26,train,1,120,76,15
1197,2017-09-11,train,1,120,9,5
1197,2017-10-02,validation,1,120,32,5
1197,2017-10-06,validation,1,120,2,0
1197,2017-10-10,validation,1,120,19,1
1197,2017-10-13,validation,1,120,7,1
1197,2017-10-15,validation,1,120,36,9
1197,2017-10-21,validation,1,120,1,1
1197,2017-10-24,validation,1,120,12,4
1197,2017-11-01,test,1,120,18,8
1197,2017-11-05,test,1,120,11,6
1197,2017-11-11,test,1,120,45,11
1197,2017-11-20,test,1,120,4,1
1197,2017-11-24,test,1,120,13,2
1197,2017-11-26,test,1,120,19,8
1197,2017-12-03,test,1,120,52,15
1197,2017-12-19,test,1,120,41,13
1197,2017-12-20,test,1,120,2,0
1197,2017-12-22,test,1,120,3,0
1197,2017-12-23,test,1,120,18,3
1197,2017-12-29,test,1,120,1,1
120,2017-04-13,train,0,9,1,0
1200,2017-04-15,train,0,53,42,0
1200,2017-06-15,train,1,115,29,7
1200,2017-08-03,train,1,120,25,5
1200,2017-10-10,validation,1,120,35,4
1200,2017-10-14,validation,1,120,1,1
1200,2017-11-14,test,1,120,3,0
1200,2017-12-03,test,1,110,70,16
1204,2017-05-25,train,1,76,14,4
1204,2017-06-19,train,1,112,5,1
1204,2017-07-16,train,1,111,14,6
1204,2017-08-02,train,1,120,1,0
1204,2017-08-21,train,1,120,3,1
1204,2017-09-20,train,1,120,3,0
1204,2017-10-19,validation,1,120,4,0
1204,2017-10-22,validation,1,120,16,4
1204,2017-11-23,test,1,120,13,3
1204,2017-11-24,test,1,120,19,5
1204,2017-12-18,test,1,120,4,0
1205,2017-04-08,train,1,120,9,2
1205,2017-04-26,train,1,120,18,3
1205,2017-05-14,train,1,120,5,1
1205,2017-05-23,train,1,120,17,0
1205,2017-06-10,train,1,120,4,1
1205,2017-07-08,train,1,120,9,2
1205,2017-07-20,train,1,120,1,0
1205,2017-08-01,train,1,120,1,0
1205,2017-08-07,train,1,120,30,6
1205,2017-08-24,train,1,120,7,2
1205,2017-09-07,train,1,120,67,12
1205,2017-10-01,validation,1,120,5,3
1205,2017-10-07,validation,1,120,3,2
1205,2017-10-12,validation,1,120,16,5
1205,2017-10-16,validation,1,120,50,15
1205,2017-10-17,validation,1,120,6,1
1205,2017-10-20,validation,1,120,11,4
1205,2017-10-22,validation,1,120,15,5
1205,2017-11-01,test,1,120,1,1
1205,2017-11-09,test,1,120,20,6
1205,2017-11-13,test,1,120,17,3
1205,2017-11-17,test,1,120,24,4
1205,2017-11-18,test,1,120,14,6
1205,2017-11-19,test,1,120,3,1
1205,2017-11-21,test,1,120,8,6
1205,2017-11-22,test,1,120,2,1
1205,2017-11-28,test,1,120,8,5
1205,2017-12-01,test,1,120,4,2
1205,2017-12-11,test,1,120,2,0
1205,2017-12-21,test,1,120,27,4
1207,2017-04-17,train,1,24,3,1
1207,2017-05-07,train,1,27,2,1
1207,2017-05-26,train,1,48,5,2
1207,2017-06-10,train,1,52,2,2
1207,2017-07-02,train,1,73,3,1
1207,2017-07-13,train,1,78,3,3
1207,2017-08-07,train,1,79,1,0
1207,2017-08-28,train,1,81,1,1
1207,2017-09-18,train,1,80,1,0
1207,2017-10-08,validation,1,77,1,1
1207,2017-11-18,test,1,55,6,1
1207,2017-11-26,test,1,60,3,0
1207,2017-12-10,test,1,60,5,3
1207,2017-12-24,test,1,42,5,0
121,2017-04-02,train,1,120,3,0
121,2017-04-14,train,1,120,1,1
121,2017-05-01,train,1,120,7,3
121,2017-05-10,train,1,120,28,4
121,2017-05-16,train,1,120,8,2
121,2017-05-28,train,1,120,1,0
121,2017-06-01,train,1,120,1,0
121,2017-06-29,train,1,120,2,0
121,2017-07-04,train,1,120,16,2
121,2017-07-28,train,1,120,5,2
121,2017-08-10,train,1,120,5,2
121,2017-09-05,train,1,120,1,1
121,2017-10-12,validation,1,120,19,9
121,2017-10-16,validation,1,120,1,0
121,2017-10-22,validation,1,120,2,0
121,2017-11-07,test,1,120,1,0
121,2017-11-13,test,1,120,1,0
121,2017-11-17,test,1,120,2,0
121,2017-12-21,test,1,104,4,1
1210,2017-06-05,train,0,21,5,0
1210,2017-08-01,train,1,84,4,1
1210,2017-08-22,train,1,115,2,0
1210,2017-09-13,train,1,120,3,0
1210,2017-10-14,validation,1,120,3,1
1210,2017-10-21,validation,1,120,3,0
1210,2017-10-28,validation,1,120,3,2
1210,2017-11-04,test,1,120,1,1
1210,2017-11-13,test,1,120,5,2
1210,2017-12-16,test,1,93,5,2
1213,2017-09-09,train,0,7,23,0
1213,2017-11-21,test,1,29,8,0
1213,2017-11-28,test,1,37,7,1
1213,2017-12-24,test,1,41,6,1
1217,2017-04-01,train,0,106,70,20
1217,2017-04-23,train,1,120,3,1
1217,2017-05-28,train,1,120,7,0
1217,2017-07-21,train,1,120,11,1
1217,2017-10-26,validation,1,120,19,1
1217,2017-10-28,validation,1,120,17,5
1217,2017-11-12,test,1,120,7,2
1217,2017-11-19,test,1,120,40,3
1217,2017-12-04,test,1,120,24,0
1217,2017-12-09,test,1,120,28,2
1217,2017-12-30,test,1,120,25,3
1218,2017-04-28,train,1,120,2,0
1218,2017-05-30,train,1,120,38,9
1218,2017-06-05,train,1,120,54,18
1218,2017-07-03,train,1,120,18,10
1218,2017-07-12,train,1,120,1,0
1218,2017-08-29,train,1,120,5,1
1218,2017-09-14,train,1,120,2,0
1218,2017-09-25,train,1,120,6,1
1218,2017-10-20,validation,1,120,6,1
1218,2017-10-27,validation,1,120,4,0
1218,2017-11-02,test,1,120,18,9
1218,2017-11-14,test,1,120,6,1
1218,2017-11-22,test,1,120,25,5
1218,2017-12-01,test,1,120,14,10
1218,2017-12-07,test,1,120,2,2
1218,2017-12-08,test,1,120,3,0
1218,2017-12-10,test,1,120,5,2
1218,2017-12-21,test,1,120,2,1
1218,2017-12-29,test,1,120,5,2
1220,2017-05-11,train,1,71,1,0
1220,2017-06-06,train,1,85,1,0
1220,2017-07-04,train,1,88,3,1
1220,2017-08-29,train,1,74,3,0
1220,2017-09-19,train,1,49,5,0
1220,2017-11-11,test,1,41,7,1
1220,2017-12-14,test,1,33,18,0
1222,2017-04-09,train,1,120,21,5
1222,2017-04-16,train,1,120,22,7
1222,2017-05-11,train,1,120,16,5
1222,2017-05-21,train,1,120,3,3
1222,2017-06-01,train,1,120,7,3
1222,2017-06-07,train,1,120,4,2
1222,2017-06-18,train,1,120,7,1
1222,2017-07-11,train,1,120,2,1
1222,2017-07-26,train,1,120,8,4
1222,2017-08-06,train,1,120,1,1
1222,2017-08-31,train,1,120,12,4
1222,2017-09-07,train,1,120,19,7
1222,2017-09-17,train,1,120,2,0
1222,2017-09-29,train,1,120,33,11
1222,2017-10-01,validation,1,120,9,4
1222,2017-10-03,validation,1,120,7,2
1222,2017-10-09,validation,1,120,16,5
1222,2017-10-13,validation,1,120,12,3
1222,2017-10-17,validation,1,120,3,0
1222,2017-10-24,validation,1,120,4,0
1222,2017-10-27,validation,1,120,6,2
1222,2017-11-11,test,1,120,12,5
1222,2017-11-13,test,1,120,2,0
1222,2017-11-16,test,1,120,6,3
1222,2017-11-30,test,1,120,15,5
1222,2017-12-05,test,1,120,13,4
1222,2017-12-06,test,1,120,4,2
1222,2017-12-19,test,1,120,9,4
1222,2017-12-23,test,1,120,4,0
1222,2017-12-27,test,1,120,8,1
1226,2017-04-15,train,1,120,9,0
1226,2017-05-08,train,1,120,35,8
1226,2017-05-21,train,1,120,11,1
1226,2017-06-11,train,1,120,31,6
1226,2017-06-26,train,1,120,36,6
1226,2017-07-25,train,1,120,38,11
1226,2017-09-03,train,1,120,35,5
1226,2017-10-01,validation,1,120,37,15
1226,2017-10-03,validation,1,120,7,2
1226,2017-10-05,validation,1,120,25,8
1226,2017-10-06,validation,1,120,4,0
1226,2017-10-07,validation,1,120,4,0
1226,2017-10-14,validation,1,120,24,12
1226,2017-10-23,validation,1,120,71,18
1226,2017-10-30,validation,1,120,40,13
1226,2017-11-06,test,1,120,59,20
1226,2017-11-19,test,1,120,13,2
1226,2017-11-26,test,1,120,53,17
1226,2017-12-06,test,1,120,60,17
1226,2017-12-12,test,1,120,19,8
1226,2017-12-20,test,1,120,58,19
1226,2017-12-23,test,1,120,16,5
1226,2017-12-30,test,1,120,19,6
123,2017-04-10,train,1,120,2,2
123,2017-04-22,train,1,120,15,8
123,2017-05-07,train,1,120,2,1
123,2017-05-20,train,1,120,12,5
123,2017-05-27,train,1,120,13,10
123,2017-06-12,train,1,120,13,7
123,2017-07-02,train,1,120,12,6
123,2017-07-17,train,1,120,9,4
123,2017-07-30,train,1,120,16,9
123,2017-08-14,train,1,120,4,1
123,2017-08-28,train,1,120,13,8
123,2017-09-16,train,1,120,10,5
123,2017-10-01,validation,1,120,13,5
123,2017-10-03,validation,1,120,3,2
123,2017-10-10,validation,1,120,19,14
123,2017-10-11,validation,1,120,1,0
123,2017-10-14,validation,1,120,13,6
123,2017-10-20,validation,1,120,2,0
123,2017-10-25,validation,1,120,5,3
123,2017-10-29,validation,1,120,8,5
123,2017-11-05,test,1,120,11,5
123,2017-11-06,test,1,120,2,1
123,2017-11-14,test,1,120,11,10
123,2017-11-16,test,1,120,1,0
123,2017-11-20,test,1,120,1,1
123,2017-11-26,test,1,120,9,3
123,2017-12-02,test,1,120,10,5
123,2017-12-09,test,1,120,5,1
123,2017-12-17,test,1,120,8,0
123,2017-12-21,test,1,120,4,1
123,2017-12-29,test,1,120,17,8
1231,2017-05-23,train,1,91,2,1
1231,2017-06-26,train,1,111,5,1
1231,2017-07-22,train,1,120,13,6
1231,2017-08-25,train,1,96,16,9
1231,2017-09-09,train,1,109,10,8
1231,2017-10-07,validation,1,109,8,7
1231,2017-10-21,validation,1,110,15,5
1231,2017-11-04,test,1,115,21,6
1231,2017-11-17,test,1,120,18,10
1231,2017-11-19,test,1,120,10,0
1231,2017-12-07,test,1,120,25,8
1231,2017-12-16,test,1,120,17,9
1231,2017-12-22,test,1,120,11,3
1232,2017-06-07,train,1,77,17,3
1232,2017-09-18,train,1,37,4,1
1239,2017-06-18,train,1,119,39,18
1239,2017-12-03,test,1,76,32,11
1240,2017-04-04,train,1,120,9,5
1240,2017-04-13,train,1,120,6,0
1240,2017-04-28,train,1,120,5,3
1240,2017-05-06,train,1,120,2,0
1240,2017-05-11,train,1,120,20,9
1240,2017-05-23,train,1,120,45,26
1240,2017-06-09,train,1,120,11,8
1240,2017-06-21,train,1,120,25,13
1240,2017-07-05,train,1,120,3,1
1240,2017-07-24,train,1,120,2,0
1240,2017-08-07,train,1,120,17,10
1240,2017-08-20,train,1,120,31,11
1240,2017-08-30,train,1,120,11,2
1240,2017-09-03,train,1,120,39,12
1240,2017-09-15,train,1,120,5,2
1240,2017-09-27,train,1,120,9,1
1240,2017-10-15,validation,1,120,1,0
1240,2017-10-22,validation,1,120,49,22
1240,2017-11-05,test,1,120,33,12
1240,2017-11-11,test,1,120,19,5
1240,2017-11-12,test,1,120,2,0
1240,2017-11-22,test,1,120,5,1
1240,2017-11-23,test,1,120,15,4
1240,2017-11-26,test,1,120,1,0
1240,2017-11-29,test,1,120,16,10
1240,2017-12-02,test,1,120,2,0
1240,2017-12-03,test,1,120,48,23
1240,2017-12-09,test,1,120,29,6
1240,2017-12-15,test,1,120,23,7
1240,2017-12-16,test,1,120,1,0
1240,2017-12-21,test,1,120,18,6
1240,2017-12-22,test,1,120,58,15
1240,2017-12-23,test,1,120,29,5
1240,2017-12-28,test,1,120,5,3
1240,2017-12-29,test,1,120,16,9
1240,2017-12-31,test,1,120,1,0
1247,2017-04-07,train,1,120,23,14
1247,2017-04-27,train,1,120,5,4
1247,2017-05-08,train,1,120,41,26
1247,2017-05-25,train,1,120,9,2
1247,2017-05-31,train,1,120,31,16
1247,2017-06-13,train,1,120,13,6
1247,2017-07-05,train,1,120,33,18
1247,2017-07-19,train,1,120,48,23
1247,2017-08-06,train,1,120,19,10
1247,2017-08-29,train,1,120,37,18
1247,2017-09-11,train,1,120,38,25
1247,2017-10-02,validation,1,120,18,14
1247,2017-10-17,validation,1,120,18,11
1247,2017-10-21,validation,1,120,11,5
1247,2017-10-22,validation,1,120,23,13
1247,2017-10-29,validation,1,120,39,24
1247,2017-11-10,test,1,120,23,16
1247,2017-11-16,test,1,120,36,18
1247,2017-11-19,test,1,120,23,15
1247,2017-11-21,test,1,120,5,0
1247,2017-11-27,test,1,120,31,19
1247,2017-12-04,test,1,120,31,16
1247,2017-12-05,test,1,120,7,2
1247,2017-12-17,test,1,120,26,16
1247,2017-12-22,test,1,120,8,6
1247,2017-12-28,test,1,120,18,10
1249,2017-05-06,train,0,22,6,1
1249,2017-08-08,train,1,35,5,3
1249,2017-11-04,test,1,12,25,4
1249,2017-12-16,test,1,28,17,3
1256,2017-04-06,train,1,120,8,4
1256,2017-04-12,train,1,120,4,1
1256,2017-04-25,train,1,120,4,3
1256,2017-05-06,train,1,120,1,0
1256,2017-05-15,train,1,120,6,6
1256,2017-05-27,train,1,120,1,1
1256,2017-06-01,train,1,120,4,1
1256,2017-06-19,train,1,120,11,3
1256,2017-07-23,train,1,120,14,10
1256,2017-08-09,train,1,120,8,4
1256,2017-08-21,train,1,120,5,4
1256,2017-09-09,train,1,120,7,5
1256,2017-09-25,train,1,120,12,6
1256,2017-10-02,validation,1,120,14,11
1256,2017-10-05,validation,1,120,19,11
1256,2017-10-09,validation,1,120,8,6
1256,2017-10-21,validation,1,120,5,0
1256,2017-10-25,validation,1,120,14,3
1256,2017-10-30,validation,1,120,20,4
1256,2017-11-02,test,1,120,7,5
1256,2017-11-06,test,1,120,25,9
1256,2017-11-13,test,1,120,3,3
1256,2017-11-22,test,1,120,17,12
1256,2017-11-24,test,1,120,4,2
1256,2017-11-26,test,1,120,12,2
1256,2017-11-28,test,1,120,10,8
1256,2017-12-04,test,1,120,28,10
1256,2017-12-06,test,1,120,5,3
1256,2017-12-11,test,1,120,13,10
1256,2017-12-18,test,1,120,22,14
1256,2017-12-19,test,1,120,8,4
1256,2017-12-23,test,1,120,8,4
126,2017-07-24,train,0,20,8,0
126,2017-09-09,train,1,33,58,4
126,2017-10-16,validation,1,92,2,0
126,2017-11-19,test,1,94,4,0
126,2017-12-02,test,1,80,8,1
1261,2017-04-13,train,1,71,18,6
1261,2017-04-24,train,1,87,3,2
1261,2017-05-04,train,1,99,26,12
1261,2017-05-15,train,1,120,1,0
1261,2017-05-25,train,1,120,15,9
1261,2017-06-14,train,1,120,15,7
1261,2017-06-22,train,1,120,11,4
1261,2017-07-05,train,1,120,4,0
1261,2017-07-09,train,1,120,2,1
1261,2017-07-15,train,1,120,5,3
1261,2017-07-25,train,1,120,10,6
1261,2017-07-29,train,1,120,8,4
1261,2017-08-03,train,1,120,1,1
1261,2017-08-07,train,1,120,5,5
1261,2017-08-10,train,1,120,6,5
1261,2017-08-14,train,1,120,1,1
1261,2017-08-18,train,1,120,1,1
1261,2017-08-25,train,1,120,1,0
1261,2017-09-05,train,1,120,1,0
1261,2017-09-10,train,1,120,17,9
1261,2017-09-18,train,1,120,2,1
1261,2017-09-24,train,1,120,1,0
1261,2017-09-29,train,1,120,2,0
1261,2017-10-01,validation,1,120,3,0
1261,2017-10-04,validation,1,120,1,1
1261,2017-10-08,validation,1,120,2,2
1261,2017-10-09,validation,1,120,3,0
1261,2017-10-11,validation,1,120,1,0
1261,2017-10-13,validation,1,120,1,1
1261,2017-10-14,validation,1,120,3,1
1261,2017-10-16,validation,1,120,1,1
1261,2017-10-18,validation,1,120,6,4
1261,2017-10-20,validation,1,120,1,1
1261,2017-10-29,validation,1,120,1,1
1261,2017-11-01,test,1,120,1,0
1261,2017-11-04,test,1,120,13,3
1261,2017-11-05,test,1,120,1,1
1261,2017-11-09,test,1,120,6,3
1261,2017-11-11,test,1,120,10,6
1261,2017-11-16,test,1,120,14,5
1261,2017-11-19,test,1,120,2,2
1261,2017-11-21,test,1,120,2,2
1261,2017-11-25,test,1,120,1,1
1261,2017-11-29,test,1,120,6,5
1261,2017-12-06,test,1,120,4,2
1261,2017-12-14,test,1,120,15,4
1261,2017-12-18,test,1,120,8,6
1261,2017-12-21,test,1,120,3,1
1261,2017-12-24,test,1,120,12,4
1261,2017-12-30,test,1,120,3,2
1262,2017-05-02,train,0,64,27,2
1263,2017-04-07,train,1,120,5,2
1263,2017-04-29,train,1,120,10,3
1263,2017-05-12,train,1,120,7,5
1263,2017-05-23,train,1,120,10,6
1263,2017-06-04,train,1,120,8,7
1263,2017-07-12,train,1,120,20,1
1263,2017-08-05,train,1,120,4,3
1263,2017-08-28,train,1,120,10,1
1263,2017-09-13,train,1,120,7,3
1263,2017-10-02,validation,1,120,9,2
1263,2017-10-03,validation,1,120,9,3
1263,2017-10-08,validation,1,120,8,2
1263,2017-10-14,validation,1,120,1,1
1263,2017-10-21,validation,1,120,10,1
1263,2017-10-29,validation,1,120,2,1
1263,2017-11-22,test,1,120,10,2
1266,2017-05-26,train,1,75,2,0
1266,2017-06-09,train,1,80,1,1
1266,2017-07-11,train,1,85,1,0
1266,2017-07-26,train,1,85,12,3
1266,2017-08-23,train,1,65,3,0
1266,2017-10-07,validation,1,53,5,2
1266,2017-10-18,validation,1,56,3,0
1266,2017-10-20,validation,1,59,1,0
1266,2017-11-05,test,1,59,2,0
1266,2017-11-11,test,1,61,3,2
1266,2017-11-15,test,1,62,2,2
1266,2017-11-25,test,1,57,3,0
1266,2017-12-01,test,1,59,2,0
1266,2017-12-03,test,1,59,20,6
1266,2017-12-31,test,1,65,5,0
1267,2017-04-17,train,1,75,10,6
1267,2017-05-23,train,1,98,11,4
1267,2017-06-30,train,1,120,9,4
1267,2017-08-18,train,1,91,8,3
1267,2017-09-21,train,1,102,7,3
1267,2017-09-29,train,1,114,12,2
1267,2017-10-05,validation,1,120,8,3
1267,2017-10-11,validation,1,120,10,5
1267,2017-10-16,validation,1,120,2,1
1267,2017-10-28,validation,1,120,5,3
1267,2017-11-02,test,1,119,5,4
1267,2017-11-07,test,1,120,13,2
1267,2017-11-14,test,1,120,11,7
1267,2017-11-16,test,1,120,1,1
1267,2017-11-27,test,1,120,7,2
1267,2017-12-08,test,1,120,5,1
1267,2017-12-12,test,1,119,11,5
1267,2017-12-16,test,1,120,6,3
1267,2017-12-20,test,1,120,3,0
1267,2017-12-28,test,1,120,8,4
1269,2017-04-25,train,1,120,3,0
1269,2017-05-15,train,1,120,3,0
1269,2017-05-25,train,1,120,5,1
1269,2017-05-29,train,1,120,8,1
1269,2017-06-21,train,1,120,21,1
1269,2017-07-14,train,1,120,6,2
1269,2017-07-23,train,1,120,3,2
1269,2017-08-05,train,1,120,2,1
1269,2017-08-29,train,1,120,29,2
1269,2017-10-06,validation,1,120,7,5
1269,2017-10-18,validation,1,120,2,0
1269,2017-10-28,validation,1,120,1,0
1269,2017-11-02,test,1,120,6,2
1269,2017-11-11,test,1,120,7,0
1269,2017-11-22,test,1,120,16,6
1269,2017-12-04,test,1,120,19,3
1269,2017-12-16,test,1,120,5,2
1269,2017-12-30,test,1,120,3,0
1271,2017-04-01,train,1,120,7,2
1271,2017-04-17,train,1,120,4,4
1271,2017-04-27,train,1,120,22,6
1271,2017-05-12,train,1,120,21,12
1271,2017-05-23,train,1,120,2,1
1271,2017-06-01,train,1,120,5,4
1271,2017-06-21,train,1,120,5,2
1271,2017-07-08,train,1,120,13,6
1271,2017-07-28,train,1,120,15,11
1271,2017-08-12,train,1,120,3,1
1271,2017-08-23,train,1,120,7,7
1271,2017-09-01,train,1,120,1,1
1271,2017-09-14,train,1,120,7,5
1271,2017-10-02,validation,1,120,8,3
1271,2017-10-03,validation,1,120,6,1
1271,2017-10-05,validation,1,120,5,4
1271,2017-10-09,validation,1,120,3,1
1271,2017-10-15,validation,1,120,59,24
1271,2017-10-22,validation,1,120,1,0
1271,2017-10-25,validation,1,120,5,5
1271,2017-10-26,validation,1,120,4,2
1271,2017-11-05,test,1,120,53,21
1271,2017-11-06,test,1,120,3,0
1271,2017-11-13,test,1,120,14,4
1271,2017-11-16,test,1,120,12,5
1271,2017-11-21,test,1,120,13,11
1271,2017-11-22,test,1,120,3,1
1271,2017-11-27,test,1,120,49,17
1271,2017-12-02,test,1,120,15,9
1271,2017-12-06,test,1,120,5,3
1271,2017-12-08,test,1,120,3,2
1271,2017-12-12,test,1,120,10,6
1271,2017-12-18,test,1,120,22,12
1271,2017-12-19,test,1,120,3,0
1271,2017-12-24,test,1,120,1,0
1271,2017-12-27,test,1,120,7,6
1271,2017-12-31,test,1,120,16,4
1274,2017-04-03,train,1,120,9,4
1274,2017-04-10,train,1,120,14,9
1274,2017-04-24,train,1,120,7,5
1274,2017-05-01,train,1,120,9,6
1274,2017-05-08,train,1,120,6,4
1274,2017-05-20,train,1,120,3,0
1274,2017-05-29,train,1,120,9,8
1274,2017-06-11,train,1,120,12,8
1274,2017-06-19,train,1,120,10,8
1274,2017-06-26,train,1,120,10,8
1274,2017-07-06,train,1,120,22,5
1274,2017-07-16,train,1,120,12,7
1274,2017-07-29,train,1,120,10,6
1274,2017-08-03,train,1,120,1,1
1274,2017-08-12,train,1,120,35,14
1274,2017-08-26,train,1,120,14,10
1274,2017-09-09,train,1,120,36,20
1274,2017-09-20,train,1,120,11,7
1274,2017-09-30,train,1,120,15,10
1274,2017-10-02,validation,1,120,11,5
1274,2017-10-07,validation,1,120,14,10
1274,2017-10-11,validation,1,120,13,7
1274,2017-10-14,validation,1,120,15,9
1274,2017-10-18,validation,1,120,13,7
1274,2017-10-25,validation,1,120,10,6
1274,2017-10-28,validation,1,120,2,1
1274,2017-10-29,validation,1,120,1,1
1274,2017-11-03,test,1,120,7,6
1274,2017-11-04,test,1,120,14,13
1274,2017-11-05,test,1,120,7,5
1274,2017-11-11,test,1,120,35,21
1274,2017-11-17,test,1,120,10,4
1274,2017-11-18,test,1,120,14,11
1274,2017-11-21,test,1,120,21,9
1274,2017-11-22,test,1,120,2,1
1274,2017-11-24,test,1,120,5,2
1274,2017-11-25,test,1,120,20,11
1274,2017-11-30,test,1,120,18,9
1274,2017-12-02,test,1,120,13,8
1274,2017-12-03,test,1,120,4,3
1274,2017-12-07,test,1,120,14,8
1274,2017-12-09,test,1,120,15,14
1274,2017-12-15,test,1,120,12,7
1274,2017-12-16,test,1,120,22,13
1274,2017-12-22,test,1,120,7,4
1274,2017-12-23,test,1,120,24,17
1274,2017-12-30,test,1,120,11,6
128,2017-08-06,train,0,20,5,3
128,2017-10-14,validation,1,32,15,5
128,2017-10-29,validation,1,42,10,4
128,2017-11-12,test,1,44,19,8
128,2017-11-26,test,1,55,13,8
128,2017-12-02,test,1,60,14,8
128,2017-12-03,test,1,66,2,0
128,2017-12-10,test,1,68,11,5
128,2017-12-15,test,1,74,13,10
128,2017-12-22,test,1,70,8,2
128,2017-12-23,test,1,76,11,5
128,2017-12-31,test,1,82,21,9
1284,2017-04-05,train,1,34,2,2
1284,2017-04-18,train,1,36,9,3
1284,2017-04-26,train,1,57,1,1
1284,2017-04-29,train,1,61,6,4
1284,2017-05-15,train,1,70,2,1
1284,2017-06-20,train,1,74,6,1
1284,2017-06-27,train,1,83,4,3
1284,2017-07-03,train,1,90,10,4
1284,2017-07-07,train,1,102,3,3
1284,2017-07-22,train,1,109,1,1
1284,2017-07-28,train,1,111,3,3
1284,2017-08-15,train,1,114,2,0
1284,2017-08-26,train,1,120,12,8
1284,2017-08-31,train,1,120,8,6
1284,2017-09-09,train,1,120,2,1
1284,2017-09-13,train,1,120,5,3
1284,2017-09-17,train,1,120,4,3
1284,2017-09-24,train,1,120,2,1
1284,2017-09-30,train,1,120,1,0
1284,2017-10-04,validation,1,120,9,7
1284,2017-10-06,validation,1,120,2,2
1284,2017-10-07,validation,1,120,2,2
1284,2017-10-10,validation,1,120,9,9
1284,2017-10-11,validation,1,120,4,1
1284,2017-10-12,validation,1,120,8,5
1284,2017-10-14,validation,1,120,7,5
1284,2017-10-16,validation,1,120,9,5
1284,2017-10-20,validation,1,120,8,6
1284,2017-10-21,validation,1,120,2,1
1284,2017-10-27,validation,1,120,2,0
1284,2017-11-01,test,1,120,4,3
1284,2017-11-02,test,1,120,8,5
1284,2017-11-03,test,1,120,6,5
1284,2017-11-05,test,1,120,11,4
1284,2017-11-11,test,1,120,2,2
1284,2017-11-15,test,1,120,4,3
1284,2017-11-27,test,1,120,5,4
1284,2017-11-28,test,1,120,6,4
1284,2017-11-30,test,1,120,3,2
1284,2017-12-01,test,1,120,8,4
1284,2017-12-04,test,1,120,47,3
1284,2017-12-06,test,1,120,2,2
1284,2017-12-07,test,1,120,2,0
1284,2017-12-12,test,1,120,28,14
1284,2017-12-16,test,1,120,1,1
1284,2017-12-28,test,1,120,3,2
1284,2017-12-29,test,1,120,22,11
1284,2017-12-30,test,1,120,4,1
1284,2017-12-31,test,1,120,3,1
1285,2017-04-10,train,1,120,36,24
1285,2017-04-27,train,1,120,1,0
1285,2017-05-15,train,1,120,23,7
1285,2017-05-25,train,1,120,5,3
1285,2017-06-20,train,1,120,19,7
1285,2017-06-29,train,1,120,1,1
1285,2017-07-11,train,1,120,32,20
1285,2017-07-24,train,1,120,4,4
1285,2017-08-06,train,1,120,1,1
1285,2017-08-21,train,1,120,34,14
1285,2017-09-06,train,1,120,11,11
1285,2017-09-23,train,1,120,6,6
1285,2017-10-01,validation,1,120,20,10
1285,2017-10-08,validation,1,120,37,20
1285,2017-10-11,validation,1,120,73,7
1285,2017-10-17,validation,1,120,23,15
1285,2017-10-22,validation,1,120,18,15
1285,2017-10-29,validation,1,120,27,17
1285,2017-11-03,test,1,120,6,5
1285,2017-11-07,test,1,120,40,27
1285,2017-11-12,test,1,120,16,9
1285,2017-11-14,test,1,120,19,13
1285,2017-11-19,test,1,120,12,4
1285,2017-11-25,test,1,120,23,18
1285,2017-12-04,test,1,120,18,13
1285,2017-12-07,test,1,120,29,11
1285,2017-12-15,test,1,120,11,9
1285,2017-12-21,test,1,120,35,22
1285,2017-12-27,test,1,120,17,11
1286,2017-07-21,train,0,5,1,0
1286,2017-10-29,validation,0,6,2,0
1286,2017-11-20,test,1,8,1,0
1289,2017-04-01,train,1,65,2,0
1289,2017-04-04,train,1,67,1,1
1289,2017-04-09,train,1,68,4,2
1289,2017-04-15,train,1,71,1,0
1289,2017-04-20,train,1,73,2,1
1289,2017-04-24,train,1,77,2,1
1289,2017-04-29,train,1,79,1,1
1289,2017-05-06,train,1,80,1,1
1289,2017-05-11,train,1,80,1,0
1289,2017-05-15,train,1,83,1,1
1289,2017-05-18,train,1,85,8,3
1289,2017-05-23,train,1,90,1,1
1289,2017-05-28,train,1,93,1,1
1289,2017-06-01,train,1,94,1,0
1289,2017-06-06,train,1,97,1,0
1289,2017-06-09,train,1,98,2,0
1289,2017-06-12,train,1,101,1,0
1289,2017-06-16,train,1,103,3,0
1289,2017-06-19,train,1,108,2,0
1289,2017-06-27,train,1,117,2,1
1289,2017-07-01,train,1,120,1,0
1289,2017-07-04,train,1,120,2,1
1289,2017-07-10,train,1,120,1,0
1289,2017-07-13,train,1,115,1,0
1289,2017-07-18,train,1,119,1,0
1289,2017-07-23,train,1,119,1,1
1289,2017-07-29,train,1,120,1,0
1289,2017-08-03,train,1,119,1,1
1289,2017-08-07,train,1,119,1,1
1289,2017-08-10,train,1,120,2,2
1289,2017-08-16,train,1,120,2,2
1289,2017-08-23,train,1,120,1,1
1289,2017-08-28,train,1,119,2,2
1289,2017-09-03,train,1,120,2,0
1289,2017-09-06,train,1,120,2,2
1289,2017-09-11,train,1,120,1,1
1289,2017-09-15,train,1,120,2,1
1289,2017-09-19,train,1,120,4,2
1289,2017-09-27,train,1,120,3,2
1289,2017-09-30,train,1,120,2,1
1289,2017-10-02,validation,1,120,1,1
1289,2017-10-03,validation,1,120,2,1
1289,2017-10-04,validation,1,120,2,2
1289,2017-10-05,validation,1,120,2,0
1289,2017-10-06,validation,1,120,2,2
1289,2017-10-07,validation,1,120,1,1
1289,2017-10-09,validation,1,120,2,1
1289,2017-10-10,validation,1,120,1,1
1289,2017-10-11,validation,1,120,1,0
1289,2017-10-14,validation,1,120,2,1
1289,2017-10-15,validation,1,120,3,1
1289,2017-10-16,validation,1,120,1,1
1289,2017-10-19,validation,1,120,4,2
1289,2017-10-20,validation,1,120,2,1
1289,2017-10-21,validation,1,120,2,1
1289,2017-10-22,validation,1,120,3,1
1289,2017-10-23,validation,1,120,4,3
1289,2017-10-24,validation,1,120,1,1
1289,2017-10-28,validation,1,120,1,1
1289,2017-11-03,test,1,120,1,0
1289,2017-11-08,test,1,120,1,1
1289,2017-11-09,test,1,120,1,0
1289,2017-11-10,test,1,120,5,3
1289,2017-11-12,test,1,120,1,1
1289,2017-11-13,test,1,120,2,1
1289,2017-11-14,test,1,120,1,1
1289,2017-11-16,test,1,120,3,2
1289,2017-11-17,test,1,120,8,2
1289,2017-11-18,test,1,120,4,3
1289,2017-11-19,test,1,120,1,0
1289,2017-11-21,test,1,120,2,2
1289,2017-11-24,test,1,120,2,2
1289,2017-11-27,test,1,120,1,1
1289,2017-11-28,test,1,120,2,1
1289,2017-11-29,test,1,120,2,1
1289,2017-12-01,test,1,120,1,1
1289,2017-12-05,test,1,120,1,1
1289,2017-12-06,test,1,120,1,1
1289,2017-12-08,test,1,120,3,3
1289,2017-12-10,test,1,120,5,3
1289,2017-12-12,test,1,120,2,2
1289,2017-12-13,test,1,120,1,1
1289,2017-12-15,test,1,120,5,0
1289,2017-12-23,test,1,120,2,1
1289,2017-12-26,test,1,120,1,1
1289,2017-12-27,test,1,120,1,1
1289,2017-12-29,test,1,117,1,1
1289,2017-12-30,test,1,114,2,1
1289,2017-12-31,test,1,111,1,0
129,2017-04-04,train,0,32,10,1
129,2017-04-28,train,1,54,2,0
129,2017-05-27,train,1,58,2,0
129,2017-07-11,train,1,54,4,1
129,2017-07-22,train,1,67,4,1
129,2017-08-14,train,1,72,1,1
129,2017-09-22,train,1,63,4,2
129,2017-10-04,validation,1,62,2,1
129,2017-10-05,validation,1,63,16,4
129,2017-10-17,validation,1,68,4,4
129,2017-11-08,test,1,63,22,7
129,2017-12-06,test,1,72,1,0
129,2017-12-11,test,1,73,3,1
1294,2017-04-04,train,1,120,5,2
1294,2017-05-05,train,1,120,21,2
1294,2017-05-29,train,1,120,25,6
1294,2017-07-07,train,1,120,52,14
1294,2017-08-06,train,1,120,54,13
1294,2017-09-04,train,1,120,43,18
1294,2017-10-17,validation,1,120,35,13
1294,2017-11-11,test,1,120,45,13
1294,2017-11-16,test,1,120,8,0
1294,2017-11-22,test,1,120,3,0
1294,2017-11-26,test,1,120,73,27
1294,2017-12-15,test,1,120,24,5
1294,2017-12-26,test,1,120,26,12
1295,2017-04-18,train,0,52,1,1
1295,2017-05-07,train,1,60,13,2
1295,2017-05-21,train,1,72,11,3
1295,2017-07-04,train,1,91,22,5
1295,2017-08-13,train,1,113,13,7
1295,2017-09-03,train,1,104,3,2
1295,2017-09-24,train,1,107,1,1
1295,2017-10-01,validation,1,106,3,1
1295,2017-10-06,validation,1,108,3,0
1295,2017-10-21,validation,1,107,3,3
1295,2017-10-27,validation,1,106,3,0
1295,2017-10-29,validation,1,109,3,1
1295,2017-11-11,test,1,97,4,2
1295,2017-11-12,test,1,99,1,0
1295,2017-11-18,test,1,93,1,1
1295,2017-11-19,test,1,93,1,0
1295,2017-11-20,test,1,94,1,1
1295,2017-11-26,test,1,82,7,2
1295,2017-12-09,test,1,86,1,0
1295,2017-12-15,test,1,87,6,2
1295,2017-12-23,test,1,91,1,1
1295,2017-12-28,test,1,91,2,0
1295,2017-12-29,test,1,93,14,5
13,2017-04-07,train,1,120,11,3
13,2017-04-16,train,1,120,1,0
13,2017-05-02,train,1,120,25,12
13,2017-05-11,train,1,120,3,1
13,2017-05-23,train,1,120,1,0
13,2017-06-20,train,1,120,17,10
13,2017-07-09,train,1,120,3,1
13,2017-07-16,train,1,120,3,0
13,2017-08-04,train,1,120,34,11
13,2017-08-16,train,1,120,34,13
13,2017-09-07,train,1,120,11,3
13,2017-09-26,train,1,120,2,2
13,2017-10-03,validation,1,120,6,0
13,2017-10-07,validation,1,120,13,8
13,2017-10-11,validation,1,120,3,1
13,2017-10-18,validation,1,120,29,15
13,2017-10-21,validation,1,120,10,3
13,2017-10-22,validation,1,120,1,1
13,2017-10-29,validation,1,120,16,9
13,2017-11-02,test,1,120,5,1
13,2017-11-03,test,1,120,23,6
13,2017-11-04,test,1,120,3,1
13,2017-11-05,test,1,120,2,1
13,2017-11-07,test,1,120,6,1
13,2017-11-10,test,1,120,35,8
13,2017-11-11,test,1,120,2,0
13,2017-11-14,test,1,120,13,8
13,2017-11-21,test,1,120,28,16
13,2017-11-28,test,1,120,11,4
13,2017-12-03,test,1,120,13,9
13,2017-12-05,test,1,120,3,1
13,2017-12-09,test,1,120,2,2
13,2017-12-11,test,1,120,4,1
13,2017-12-13,test,1,120,9,3
13,2017-12-18,test,1,120,22,9
13,2017-12-21,test,1,120,7,4
13,2017-12-24,test,1,120,7,3
13,2017-12-29,test,1,120,24,9
13,2017-12-31,test,1,120,1,0
1301,2017-04-06,train,1,94,10,4
1301,2017-05-14,train,1,102,2,0
1301,2017-06-13,train,1,105,1,0
1301,2017-07-21,train,1,93,1,0
1301,2017-10-21,validation,1,43,2,0
1302,2017-04-19,train,1,20,1,0
1302,2017-07-30,train,1,34,10,2
1302,2017-10-16,validation,1,36,6,2
1302,2017-10-21,validation,1,39,8,0
1302,2017-11-09,test,1,47,3,0
1302,2017-12-30,test,1,49,4,1
1303,2017-04-09,train,1,120,40,11
1303,2017-05-08,train,1,120,3,1
1303,2017-05-17,train,1,120,5,2
1303,2017-06-07,train,1,120,18,7
1303,2017-07-08,train,1,120,2,1
1303,2017-07-17,train,1,120,9,5
1303,2017-08-08,train,1,120,15,5
1303,2017-08-17,train,1,120,2,1
1303,2017-09-09,train,1,120,22,3
1303,2017-10-05,validation,1,120,17,5
1303,2017-10-12,validation,1,120,13,5
1303,2017-10-15,validation,1,120,10,3
1303,2017-10-18,validation,1,120,7,1
1303,2017-10-28,validation,1,120,12,4
1303,2017-10-30,validation,1,120,1,0
1303,2017-11-02,test,1,120,8,0
1303,2017-11-05,test,1,120,45,7
1303,2017-11-07,test,1,120,21,2
1303,2017-11-08,test,1,120,3,1
1303,2017-11-11,test,1,120,32,6
1303,2017-11-17,test,1,120,1,1
1303,2017-11-22,test,1,120,33,10
1303,2017-11-25,test,1,120,1,1
1303,2017-11-30,test,1,120,2,0
1303,2017-12-06,test,1,120,8,1
1303,2017-12-11,test,1,120,19,6
1303,2017-12-13,test,1,120,2,0
1303,2017-12-18,test,1,120,10,1
1303,2017-12-19,test,1,120,2,0
1303,2017-12-21,test,1,120,42,5
1303,2017-12-22,test,1,120,13,4
1303,2017-12-31,test,1,120,20,4
1304,2017-04-04,train,1,43,6,4
1304,2017-05-15,train,1,49,2,1
1304,2017-05-25,train,1,52,2,2
1304,2017-06-08,train,1,55,9,3
1304,2017-06-25,train,1,63,2,0
1304,2017-08-12,train,1,56,3,0
1304,2017-08-29,train,1,56,3,2
1304,2017-10-02,validation,1,47,4,2
1304,2017-10-05,validation,1,49,6,0
1304,2017-10-12,validation,1,54,1,0
1304,2017-10-16,validation,1,54,3,2
1304,2017-10-21,validation,1,55,3,2
1304,2017-11-11,test,1,56,6,1
1304,2017-11-17,test,1,60,6,2
1304,2017-11-28,test,1,58,5,2
1304,2017-12-05,test,1,59,1,1
1304,2017-12-07,test,1,50,2,2
1304,2017-12-10,test,1,50,5,0
1304,2017-12-21,test,1,53,2,1
1304,2017-12-22,test,1,54,2,1
1304,2017-12-23,test,1,53,5,1
1305,2017-04-06,train,1,120,8,4
1305,2017-04-10,train,1,120,12,4
1305,2017-04-16,train,1,120,8,3
1305,2017-04-24,train,1,120,2,1
1305,2017-04-30,train,1,120,12,8
1305,2017-05-07,train,1,120,34,19
1305,2017-05-26,train,1,120,6,5
1305,2017-06-05,train,1,120,2,2
1305,2017-06-17,train,1,120,11,9
1305,2017-06-29,train,1,120,7,6
1305,2017-07-11,train,1,120,1,1
1305,2017-07-20,train,1,120,7,3
1305,2017-07-27,train,1,120,9,7
1305,2017-08-02,train,1,120,23,10
1305,2017-08-06,train,1,120,7,6
1305,2017-08-11,train,1,120,2,2
1305,2017-08-22,train,1,120,3,1
1305,2017-09-22,train,1,120,2,2
1305,2017-10-07,validation,1,120,10,4
1305,2017-10-10,validation,1,120,5,3
1305,2017-10-23,validation,1,120,9,6
1305,2017-11-01,test,1,120,2,2
1305,2017-11-02,test,1,120,3,1
1305,2017-11-22,test,1,120,3,1
1305,2017-11-30,test,1,120,6,6
1305,2017-12-01,test,1,120,7,5
1305,2017-12-03,test,1,120,24,11
1305,2017-12-04,test,1,120,4,3
1305,2017-12-06,test,1,120,3,2
1305,2017-12-09,test,1,120,3,3
1305,2017-12-19,test,1,120,11,9
1305,2017-12-21,test,1,120,11,8
1305,2017-12-24,test,1,120,17,4
1305,2017-12-28,test,1,120,11,8
1312,2017-04-05,train,1,120,2,0
1312,2017-04-19,train,1,120,4,1
1312,2017-06-27,train,1,120,3,0
1312,2017-08-20,train,1,115,2,0
1312,2017-09-30,train,1,73,34,3
1312,2017-10-02,validation,1,104,1,0
1312,2017-10-13,validation,1,85,2,0
1312,2017-10-14,validation,1,87,11,2
1312,2017-10-20,validation,1,93,28,8
1312,2017-10-21,validation,1,113,1,0
1312,2017-11-06,test,1,103,2,0
1312,2017-12-24,test,1,104,4,0
1313,2017-07-30,train,1,76,36,5
1313,2017-10-02,validation,1,95,1,0
1313,2017-10-24,validation,1,96,1,0
1313,2017-11-21,test,1,97,9,0
1313,2017-11-28,test,1,106,3,1
1313,2017-12-19,test,1,108,1,0
1319,2017-05-13,train,1,73,4,1
1319,2017-07-05,train,1,83,7,1
1319,2017-09-27,train,1,53,10,1
1319,2017-10-13,validation,1,36,8,1
1319,2017-10-14,validation,1,43,3,0
1319,2017-12-06,test,1,34,17,0
1320,2017-04-05,train,0,9,3,1
1320,2017-11-16,test,1,22,6,5
1320,2017-12-17,test,0,6,2,0
1320,2017-12-26,test,1,8,14,5
133,2017-04-01,train,1,73,28,12
133,2017-04-20,train,1,120,13,4
133,2017-05-02,train,1,120,5,3
133,2017-06-06,train,1,120,7,3
133,2017-06-26,train,1,120,15,7
133,2017-07-18,train,1,120,8,4
133,2017-08-16,train,1,120,1,0
133,2017-09-10,train,1,120,8,2
133,2017-10-03,validation,1,120,8,2
133,2017-10-06,validation,1,120,7,1
133,2017-10-22,validation,1,120,30,9
133,2017-10-26,validation,1,120,13,1
133,2017-10-31,validation,1,120,1,0
133,2017-11-08,test,1,120,13,2
133,2017-11-11,test,1,120,46,8
133,2017-12-03,test,1,120,12,4
133,2017-12-22,test,1,120,27,3
1335,2017-06-13,train,1,87,32,9
1335,2017-07-02,train,1,120,9,1
1335,2017-07-30,train,1,120,19,5
1335,2017-09-02,train,1,120,4,0
1335,2017-10-27,validation,1,120,1,1
1335,2017-11-18,test,1,120,16,4
1335,2017-12-13,test,1,116,13,5
1337,2017-04-06,train,1,120,3,1
1337,2017-04-15,train,1,120,2,0
1337,2017-04-21,train,1,120,33,3
1337,2017-05-02,train,1,120,2,2
1337,2017-05-12,train,1,120,45,25
1337,2017-05-20,train,1,120,70,18
1337,2017-06-08,train,1,120,39,16
1337,2017-06-22,train,1,120,4,0
1337,2017-07-08,train,1,120,40,12
1337,2017-07-16,train,1,120,20,8
1337,2017-07-27,train,1,120,16,5
1337,2017-08-04,train,1,120,1,0
1337,2017-08-14,train,1,120,19,7
1337,2017-08-28,train,1,120,2,1
1337,2017-09-12,train,1,120,6,1
1337,2017-09-20,train,1,120,20,5
1337,2017-09-29,train,1,120,63,16
1337,2017-10-02,validation,1,120,3,0
1337,2017-10-03,validation,1,120,2,1
1337,2017-10-05,validation,1,120,6,1
1337,2017-10-06,validation,1,120,25,0
1337,2017-10-08,validation,1,120,2,0
1337,2017-10-11,validation,1,120,15,3
1337,2017-10-14,validation,1,120,52,17
1337,2017-10-16,validation,1,120,4,0
1337,2017-10-19,validation,1,120,2,0
1337,2017-10-20,validation,1,120,7,4
1337,2017-10-21,validation,1,120,38,12
1337,2017-10-26,validation,1,120,8,3
1337,2017-10-27,validation,1,120,4,2
1337,2017-10-29,validation,1,120,1,1
1337,2017-10-31,validation,1,120,5,3
1337,2017-11-05,test,1,120,14,4
1337,2017-11-10,test,1,120,1,0
1337,2017-11-11,test,1,120,28,10
1337,2017-11-17,test,1,120,48,19
1337,2017-11-20,test,1,120,2,0
1337,2017-11-21,test,1,120,10,3
1337,2017-11-22,test,1,120,3,0
1337,2017-11-28,test,1,120,2,0
1337,2017-12-01,test,1,120,7,5
1337,2017-12-03,test,1,120,2,1
1337,2017-12-13,test,1,120,14,6
1337,2017-12-17,test,1,120,51,15
1337,2017-12-21,test,1,120,21,4
1337,2017-12-24,test,1,120,22,7
1337,2017-12-26,test,1,120,8,2
1337,2017-12-30,test,1,120,18,5
134,2017-05-09,train,1,120,4,2
134,2017-05-12,train,1,120,6,1
134,2017-06-01,train,1,120,14,1
134,2017-06-23,train,1,120,33,3
134,2017-07-17,train,1,120,11,3
134,2017-08-18,train,1,120,28,11
134,2017-09-01,train,1,120,38,8
134,2017-10-14,validation,1,120,6,1
134,2017-10-30,validation,1,120,45,4
134,2017-11-11,test,1,120,6,1
134,2017-11-13,test,1,120,12,2
134,2017-11-16,test,1,120,21,6
134,2017-11-22,test,1,120,27,7
134,2017-12-08,test,1,120,58,11
1343,2017-04-23,train,0,9,2,1
1344,2017-05-21,train,1,120,40,11
1344,2017-10-04,validation,1,81,17,3
1344,2017-10-14,validation,1,95,14,3
1344,2017-10-28,validation,1,92,34,7
1344,2017-12-02,test,1,86,38,7
1345,2017-05-21,train,0,21,4,2
1345,2017-06-10,train,1,47,14,3
1345,2017-07-15,train,1,66,8,3
1345,2017-08-28,train,1,75,2,0
1345,2017-10-05,validation,1,64,9,3
1345,2017-11-04,test,1,69,15,3
1345,2017-11-05,test,1,81,1,0
1345,2017-11-08,test,1,82,4,2
1345,2017-11-17,test,1,84,7,4
1345,2017-12-19,test,1,46,5,1
1345,2017-12-22,test,1,50,6,2
1345,2017-12-30,test,1,54,16,4
1346,2017-04-10,train,1,20,6,2
1346,2017-05-02,train,1,26,1,1
1346,2017-05-26,train,1,32,1,0
1346,2017-06-24,train,1,40,1,0
1346,2017-07-10,train,1,51,1,1
1346,2017-07-21,train,1,59,6,3
1346,2017-08-02,train,1,75,1,1
1346,2017-09-21,train,1,68,14,1
1346,2017-10-24,validation,1,93,5,3
1346,2017-10-25,validation,1,95,2,2
1346,2017-10-26,validation,1,94,6,1
1346,2017-10-28,validation,1,99,10,5
1346,2017-10-29,validation,1,104,6,4
1346,2017-10-30,validation,1,106,10,6
1346,2017-11-05,test,1,110,24,13
1346,2017-11-06,test,1,120,3,3
1346,2017-12-22,test,1,107,1,0
1346,2017-12-23,test,1,108,6,0
1350,2017-04-11,train,1,55,3,1
1350,2017-04-26,train,1,58,2,2
1350,2017-05-31,train,1,64,36,1
1350,2017-06-12,train,1,109,3,0
1350,2017-08-05,train,1,111,3,2
1350,2017-08-08,train,1,120,5,0
1350,2017-10-05,validation,1,120,67,22
1350,2017-11-05,test,1,120,40,24
1350,2017-11-20,test,1,120,11,1
1350,2017-12-03,test,1,120,4,3
1350,2017-12-08,test,1,120,8,3
1350,2017-12-13,test,1,120,34,19
1350,2017-12-16,test,1,120,31,10
1350,2017-12-23,test,1,120,29,6
1350,2017-12-30,test,1,120,24,8
1350,2017-12-31,test,1,120,5,0
136,2017-04-16,train,1,120,41,12
136,2017-04-28,train,1,120,78,13
136,2017-05-16,train,1,120,6,3
136,2017-06-05,train,1,120,23,8
136,2017-06-18,train,1,120,12,4
136,2017-06-28,train,1,120,20,8
136,2017-07-05,train,1,120,34,10
136,2017-08-03,train,1,120,11,3
136,2017-08-25,train,1,120,4,2
136,2017-09-18,train,1,120,7,3
136,2017-10-01,validation,1,120,6,4
136,2017-10-13,validation,1,120,7,2
136,2017-10-20,validation,1,120,5,1
136,2017-10-25,validation,1,120,4,3
136,2017-10-28,validation,1,120,4,2
136,2017-12-01,test,1,120,18,6
1364,2017-04-13,train,1,73,1,0
1364,2017-04-23,train,1,77,1,0
1364,2017-05-03,train,1,82,4,1
1364,2017-05-17,train,1,95,8,1
1364,2017-05-30,train,1,106,4,1
1364,2017-06-05,train,1,114,9,0
1364,2017-06-25,train,1,120,4,2
1364,2017-07-09,train,1,120,3,2
1364,2017-07-16,train,1,120,7,1
1364,2017-08-21,train,1,120,16,2
1364,2017-08-30,train,1,120,13,3
1364,2017-09-07,train,1,120,14,4
1364,2017-09-17,train,1,120,8,2
1364,2017-10-01,validation,1,120,11,4
1364,2017-10-10,validation,1,120,10,4
1364,2017-10-12,validation,1,120,3,1
1364,2017-10-16,validation,1,120,6,3
1364,2017-10-22,validation,1,120,7,2
1364,2017-10-23,validation,1,120,2,0
1364,2017-10-27,validation,1,120,13,3
1364,2017-10-28,validation,1,120,4,0
1364,2017-11-05,test,1,120,2,2
1364,2017-11-08,test,1,120,2,2
1364,2017-11-20,test,1,120,4,1
1364,2017-11-22,test,1,120,4,0
1364,2017-11-23,test,1,120,5,0
1364,2017-11-29,test,1,120,10,3
1364,2017-12-04,test,1,120,11,3
1364,2017-12-15,test,1,120,2,2
1364,2017-12-17,test,1,120,1,1
1364,2017-12-23,test,1,120,9,0
1364,2017-12-24,test,1,120,4,1
1364,2017-12-29,test,1,120,3,1
1364,2017-12-31,test,1,120,4,0
1367,2017-04-14,train,1,120,36,13
1367,2017-04-22,train,1,120,27,12
1367,2017-05-17,train,1,120,5,0
1367,2017-05-27,train,1,120,20,3
1367,2017-06-05,train,1,120,8,0
1367,2017-06-16,train,1,120,8,1
1367,2017-07-01,train,1,120,43,7
1367,2017-07-09,train,1,120,7,0
1367,2017-07-22,train,1,120,12,1
1367,2017-07-26,train,1,120,19,3
1367,2017-08-12,train,1,120,15,4
1367,2017-08-20,train,1,120,18,5
1367,2017-08-24,train,1,120,6,2
1367,2017-09-04,train,1,120,35,6
1367,2017-09-16,train,1,120,19,3
1367,2017-09-23,train,1,120,7,2
1367,2017-10-03,validation,1,120,2,0
1367,2017-10-04,validation,1,120,16,3
1367,2017-10-08,validation,1,120,22,7
1367,2017-10-10,validation,1,120,18,7
1367,2017-10-15,validation,1,120,21,6
1367,2017-10-19,validation,1,120,21,7
1367,2017-10-22,validation,1,120,1,0
1367,2017-10-27,validation,1,120,11,0
1367,2017-10-29,validation,1,120,18,5
1367,2017-10-30,validation,1,120,12,3
1367,2017-11-01,test,1,120,12,4
1367,2017-11-02,test,1,120,8,1
1367,2017-11-05,test,1,120,26,3
1367,2017-11-06,test,1,120,13,4
1367,2017-11-12,test,1,120,3,3
1367,2017-11-14,test,1,120,2,0
1367,2017-11-15,test,1,120,30,3
1367,2017-11-16,test,1,120,3,2
1367,2017-11-17,test,1,120,4,3
1367,2017-11-18,test,1,120,4,3
1367,2017-11-19,test,1,120,44,3
1367,2017-11-23,test,1,120,3,0
1367,2017-11-25,test,1,120,4,1
1367,2017-11-26,test,1,120,37,8
1367,2017-11-28,test,1,120,3,2
1367,2017-11-30,test,1,120,4,1
1367,2017-12-01,test,1,120,2,2
1367,2017-12-02,test,1,120,14,4
1367,2017-12-04,test,1,120,2,0
1367,2017-12-05,test,1,120,2,2
1367,2017-12-07,test,1,120,4,2
1367,2017-12-08,test,1,120,4,1
1367,2017-12-10,test,1,120,7,5
1367,2017-12-14,test,1,120,4,2
1367,2017-12-15,test,1,120,1,1
1367,2017-12-16,test,1,120,2,1
1367,2017-12-17,test,1,120,5,1
1367,2017-12-19,test,1,120,2,2
1367,2017-12-20,test,1,120,17,5
1367,2017-12-22,test,1,120,1,1
1367,2017-12-24,test,1,120,1,1
1367,2017-12-26,test,1,120,14,4
1367,2017-12-27,test,1,120,2,2
1367,2017-12-30,test,1,120,11,7
1367,2017-12-31,test,1,120,19,7
1372,2017-04-17,train,0,26,24,4
1372,2017-09-07,train,1,67,30,15
1372,2017-11-08,test,1,51,32,9
1373,2017-04-25,train,0,9,3,0
1373,2017-05-25,train,1,16,4,0
1373,2017-07-08,train,1,26,10,2
1373,2017-10-17,validation,1,34,1,0
1373,2017-10-18,validation,1,35,4,1
1373,2017-11-22,test,1,29,7,0
1373,2017-12-07,test,1,34,1,1
1373,2017-12-15,test,1,34,4,0
1373,2017-12-28,test,1,34,1,0
1374,2017-04-16,train,1,113,9,8
1374,2017-05-05,train,1,120,19,4
1374,2017-05-20,train,1,120,3,0
1374,2017-05-27,train,1,120,10,2
1374,2017-06-04,train,1,120,2,2
1374,2017-06-16,train,1,120,3,3
1374,2017-06-27,train,1,120,4,1
1374,2017-07-05,train,1,120,9,1
1374,2017-07-27,train,1,120,2,1
1374,2017-08-19,train,1,120,23,11
1374,2017-10-01,validation,1,120,4,2
1374,2017-10-07,validation,1,120,4,4
1374,2017-10-09,validation,1,120,17,3
1374,2017-10-17,validation,1,120,10,3
1374,2017-11-05,test,1,120,11,3
1374,2017-11-09,test,1,120,10,5
1374,2017-11-19,test,1,120,4,2
1374,2017-12-09,test,1,120,22,14
1374,2017-12-18,test,1,120,4,0
1374,2017-12-30,test,1,120,9,3
1377,2017-05-11,train,1,43,7,0
1377,2017-08-14,train,1,67,2,0
138,2017-04-25,train,1,110,8,2
138,2017-05-21,train,1,120,15,3
138,2017-07-20,train,1,120,44,9
138,2017-08-04,train,1,120,3,1
138,2017-09-21,train,1,120,18,6
138,2017-10-08,validation,1,120,50,9
138,2017-10-15,validation,1,120,4,0
138,2017-10-18,validation,1,120,25,2
138,2017-10-21,validation,1,120,1,0
138,2017-10-22,validation,1,120,32,7
138,2017-10-24,validation,1,120,2,1
138,2017-10-28,validation,1,120,15,4
138,2017-11-06,test,1,120,43,9
138,2017-11-13,test,1,120,1,0
138,2017-11-15,test,1,120,3,0
138,2017-11-18,test,1,120,6,0
138,2017-11-22,test,1,120,12,0
138,2017-11-28,test,1,120,31,5
138,2017-11-29,test,1,120,4,0
138,2017-11-30,test,1,120,2,1
138,2017-12-12,test,1,120,13,3
138,2017-12-21,test,1,120,9,1
138,2017-12-22,test,1,120,15,4
1383,2017-04-25,train,1,12,3,1
1383,2017-06-08,train,1,19,1,1
1383,2017-07-03,train,1,21,1,0
1383,2017-07-14,train,1,26,2,0
1383,2017-07-25,train,1,28,2,2
1383,2017-08-15,train,1,26,1,1
1383,2017-08-31,train,1,26,1,1
1383,2017-09-22,train,1,27,2,0
1383,2017-10-03,validation,1,29,25,1
1383,2017-10-07,validation,1,53,4,0
1383,2017-10-24,validation,1,54,24,9
1383,2017-10-30,validation,1,65,2,2
1383,2017-11-04,test,1,65,5,0
1383,2017-11-06,test,1,70,5,5
1383,2017-11-08,test,1,70,5,2
1383,2017-11-11,test,1,73,1,0
1383,2017-11-13,test,1,74,5,0
1383,2017-11-15,test,1,79,2,2
1383,2017-11-19,test,1,79,1,0
1383,2017-11-26,test,1,80,5,0
1383,2017-11-28,test,1,85,4,3
1383,2017-12-06,test,1,85,12,8
1383,2017-12-08,test,1,89,4,1
1383,2017-12-11,test,1,92,1,0
1383,2017-12-18,test,1,91,1,1
1383,2017-12-19,test,1,91,36,16
1383,2017-12-21,test,1,111,8,3
1383,2017-12-26,test,1,116,1,0
1384,2017-04-01,train,1,64,18,4
1384,2017-05-18,train,1,78,21,7
1384,2017-08-01,train,1,71,2,1
1384,2017-09-16,train,1,66,34,11
1384,2017-10-02,validation,1,73,7,5
1384,2017-10-14,validation,1,75,3,2
1384,2017-10-21,validation,1,76,18,6
1384,2017-11-08,test,1,88,30,4
1384,2017-11-23,test,1,99,4,2
1384,2017-12-03,test,1,101,2,2
1384,2017-12-09,test,1,99,37,13
1384,2017-12-26,test,1,120,11,4
1384,2017-12-30,test,1,120,27,11
1386,2017-05-20,train,0,14,5,0
1389,2017-04-07,train,0,38,23,3
1389,2017-06-08,train,1,92,21,5
1389,2017-09-05,train,1,115,15,7
1389,2017-10-06,validation,1,87,18,2
1389,2017-10-09,validation,1,103,11,2
1389,2017-10-24,validation,1,112,31,9
1389,2017-10-31,validation,1,120,1,1
1389,2017-11-06,test,1,120,18,11
1389,2017-11-20,test,1,120,15,8
1389,2017-11-28,test,1,114,35,14
1389,2017-12-26,test,1,120,1,0
1390,2017-04-05,train,1,120,2,2
1390,2017-04-10,train,1,120,3,0
1390,2017-04-14,train,1,120,22,7
1390,2017-04-21,train,1,120,1,0
1390,2017-04-27,train,1,120,1,1
1390,2017-05-06,train,1,120,10,0
1390,2017-05-11,train,1,120,7,2
1390,2017-05-16,train,1,120,2,1
1390,2017-05-22,train,1,120,20,1
1390,2017-06-05,train,1,120,29,4
1390,2017-06-09,train,1,120,12,3
1390,2017-06-12,train,1,120,11,3
1390,2017-06-26,train,1,120,3,0
1390,2017-07-04,train,1,120,1,1
1390,2017-07-11,train,1,120,11,0
1390,2017-07-14,train,1,120,5,0
1390,2017-07-19,train,1,120,6,5
1390,2017-08-06,train,1,120,35,7
1390,2017-08-12,train,1,120,2,2
1390,2017-08-19,train,1,120,7,2
1390,2017-08-23,train,1,120,1,0
1390,2017-09-05,train,1,120,19,7
1390,2017-09-10,train,1,120,3,1
1390,2017-09-15,train,1,120,4,1
1390,2017-10-05,validation,1,120,16,3
1390,2017-10-09,validation,1,120,10,4
1390,2017-10-10,validation,1,120,6,3
1390,2017-10-11,validation,1,120,1,0
1390,2017-10-12,validation,1,120,6,3
1390,2017-10-14,validation,1,120,11,3
1390,2017-10-15,validation,1,120,7,0
1390,2017-10-19,validation,1,120,1,0
1390,2017-10-25,validation,1,120,3,1
1390,2017-10-26,validation,1,120,4,2
1390,2017-10-30,validation,1,120,2,1
1390,2017-11-01,test,1,120,2,0
1390,2017-11-05,test,1,120,49,9
1390,2017-11-10,test,1,120,6,1
1390,2017-11-11,test,1,120,6,1
1390,2017-11-12,test,1,120,6,0
1390,2017-11-15,test,1,120,3,2
1390,2017-11-20,test,1,120,7,1
1390,2017-11-28,test,1,120,1,0
1390,2017-12-05,test,1,120,19,4
1390,2017-12-12,test,1,120,3,0
1390,2017-12-15,test,1,120,3,3
1390,2017-12-17,test,1,120,2,1
1392,2017-04-09,train,1,112,12,2
1392,2017-05-08,train,1,120,9,0
1392,2017-06-02,train,1,120,9,3
1392,2017-06-13,train,1,120,2,2
1392,2017-06-25,train,1,120,8,4
1392,2017-07-06,train,1,120,2,1
1392,2017-07-23,train,1,120,3,0
1392,2017-10-24,validation,1,103,2,0
1392,2017-11-05,test,1,93,16,4
1392,2017-12-13,test,1,74,11,4
1393,2017-04-09,train,1,120,11,4
1393,2017-05-07,train,1,120,1,0
1393,2017-05-15,train,1,120,11,5
1393,2017-05-30,train,1,120,9,6
1393,2017-06-04,train,1,120,4,3
1393,2017-06-15,train,1,120,9,7
1393,2017-06-23,train,1,120,3,0
1393,2017-07-03,train,1,120,17,9
1393,2017-07-18,train,1,120,11,7
1393,2017-08-06,train,1,120,2,1
1393,2017-08-15,train,1,120,9,5
1393,2017-08-22,train,1,120,10,6
1393,2017-09-12,train,1,120,6,4
1393,2017-09-18,train,1,120,20,14
1393,2017-09-27,train,1,120,6,4
1393,2017-10-08,validation,1,120,21,16
1393,2017-10-15,validation,1,120,13,13
1393,2017-10-24,validation,1,120,11,5
1393,2017-10-26,validation,1,120,9,5
1393,2017-10-29,validation,1,120,11,6
1393,2017-10-31,validation,1,120,14,10
1393,2017-11-03,test,1,120,14,8
1393,2017-11-05,test,1,120,9,8
1393,2017-11-07,test,1,120,5,3
1393,2017-11-09,test,1,120,8,5
1393,2017-11-10,test,1,120,3,2
1393,2017-11-12,test,1,120,14,10
1393,2017-11-13,test,1,120,1,1
1393,2017-11-14,test,1,120,5,4
1393,2017-11-15,test,1,120,10,4
1393,2017-11-20,test,1,120,21,15
1393,2017-11-21,test,1,120,6,2
1393,2017-11-22,test,1,120,14,6
1393,2017-11-26,test,1,120,21,15
1393,2017-11-29,test,1,120,5,5
1393,2017-12-03,test,1,120,19,15
1393,2017-12-06,test,1,120,9,5
1393,2017-12-07,test,1,120,9,8
1393,2017-12-10,test,1,120,9,7
1393,2017-12-12,test,1,120,6,6
1393,2017-12-17,test,1,120,15,13
1393,2017-12-19,test,1,120,2,2
1398,2017-07-23,train,0,26,6,0
1398,2017-09-21,train,1,39,5,0
1398,2017-10-25,validation,1,44,1,0
1398,2017-11-12,test,1,45,1,0
1398,2017-11-18,test,1,46,10,0
1399,2017-06-23,train,1,82,1,0
1399,2017-09-05,train,1,53,15,2
1399,2017-10-17,validation,1,55,1,0
1399,2017-11-09,test,1,41,20,7
1399,2017-12-03,test,1,54,2,0
1399,2017-12-06,test,1,56,16,2
1399,2017-12-16,test,1,70,16,7
140,2017-05-09,train,1,119,1,1
140,2017-06-24,train,1,120,1,0
140,2017-08-07,train,1,120,18,6
140,2017-09-14,train,1,120,4,0
140,2017-10-03,validation,1,110,2,2
140,2017-10-05,validation,1,110,3,0
140,2017-10-15,validation,1,111,3,2
140,2017-10-26,validation,1,112,2,0
140,2017-11-18,test,1,103,1,0
140,2017-11-20,test,1,104,2,0
140,2017-12-06,test,1,106,1,1
1403,2017-04-13,train,1,33,1,0
1403,2017-06-02,train,1,81,59,16
1403,2017-06-17,train,1,120,2,0
1403,2017-07-01,train,1,120,1,1
1403,2017-07-31,train,1,120,1,0
1403,2017-09-13,train,1,120,4,3
1403,2017-10-29,validation,1,112,2,0
1403,2017-11-04,test,1,114,3,1
1407,2017-06-13,train,0,8,1,0
1407,2017-07-21,train,1,34,2,0
1407,2017-08-25,train,1,39,5,0
1407,2017-09-27,train,1,85,3,0
1407,2017-10-06,validation,1,88,45,11
1407,2017-10-08,validation,1,120,2,1
1407,2017-10-15,validation,1,120,11,1
1407,2017-10-20,validation,1,120,33,13
1407,2017-10-25,validation,1,120,3,1
1407,2017-11-06,test,1,120,2,0
1407,2017-11-17,test,1,120,53,19
1407,2017-12-08,test,1,120,7,2
1407,2017-12-17,test,1,120,71,22
1407,2017-12-29,test,1,120,2,0
1407,2017-12-30,test,1,120,22,12
1408,2017-04-08,train,0,23,3,0
1408,2017-05-12,train,1,37,2,0
1408,2017-05-26,train,1,65,4,1
1408,2017-06-12,train,1,72,10,6
1408,2017-06-28,train,1,88,4,1
1408,2017-07-08,train,1,99,7,3
1408,2017-07-22,train,1,102,1,0
1408,2017-08-08,train,1,107,1,1
1408,2017-08-29,train,1,109,1,1
1408,2017-09-23,train,1,106,4,0
1408,2017-10-19,validation,1,97,4,0
1408,2017-11-09,test,1,94,4,1
1410,2017-08-05,train,1,120,32,8
1410,2017-11-16,test,1,119,6,1
1414,2017-12-06,test,0,0,4,0
1422,2017-10-03,validation,0,0,4,0
1422,2017-10-08,validation,0,4,10,0
1422,2017-10-24,validation,0,14,2,0
1422,2017-11-25,test,0,16,43,0
1425,2017-04-05,train,1,110,6,5
1425,2017-04-13,train,1,120,4,2
1425,2017-05-06,train,1,120,67,10
1425,2017-06-11,train,1,120,1,0
1425,2017-07-09,train,1,120,37,20
1425,2017-07-23,train,1,120,12,7
1425,2017-08-08,train,1,120,2,0
1425,2017-08-14,train,1,120,1,0
1425,2017-08-28,train,1,120,15,8
1425,2017-09-19,train,1,120,65,18
1425,2017-10-26,validation,1,120,1,0
1425,2017-10-28,validation,1,120,16,7
1425,2017-11-01,test,1,120,8,5
1425,2017-11-05,test,1,120,5,3
1425,2017-11-22,test,1,120,5,4
1425,2017-11-26,test,1,120,15,11
1425,2017-12-03,test,1,120,7,4
1425,2017-12-10,test,1,120,34,15
1425,2017-12-23,test,1,120,7,2
1425,2017-12-26,test,1,120,55,27
1425,2017-12-28,test,1,120,2,0
1427,2017-06-18,train,0,26,19,1
1427,2017-08-06,train,1,28,4,2
1427,2017-10-03,validation,1,45,4,0
1427,2017-10-05,validation,1,49,13,0
1427,2017-10-09,validation,1,62,70,5
1427,2017-10-15,validation,1,120,6,0
1427,2017-10-18,validation,1,120,9,0
1427,2017-10-22,validation,1,120,21,6
1427,2017-10-25,validation,1,120,12,0
1427,2017-11-05,test,1,120,6,2
1427,2017-11-08,test,1,120,3,0
1427,2017-11-09,test,1,120,65,9
1427,2017-11-10,test,1,120,9,0
1427,2017-11-19,test,1,120,5,2
1427,2017-11-21,test,1,120,16,3
1427,2017-11-25,test,1,120,10,4
1427,2017-12-10,test,1,120,46,7
1427,2017-12-14,test,1,120,2,0
1427,2017-12-18,test,1,120,47,6
1427,2017-12-19,test,1,120,4,0
1427,2017-12-20,test,1,120,5,0
1427,2017-12-22,test,1,120,3,0
1429,2017-05-02,train,1,21,6,2
1429,2017-05-18,train,1,32,2,1
1429,2017-06-03,train,1,36,1,1
1429,2017-07-01,train,1,37,6,2
1429,2017-07-28,train,1,40,2,0
1429,2017-08-10,train,1,33,4,1
1429,2017-09-10,train,1,37,1,1
1429,2017-10-03,validation,1,36,3,2
1429,2017-10-04,validation,1,37,3,3
1429,2017-10-09,validation,1,37,3,2
1429,2017-10-20,validation,1,38,1,0
1429,2017-10-30,validation,1,36,1,0
1429,2017-11-01,test,1,32,4,1
1429,2017-11-04,test,1,35,4,3
1429,2017-11-21,test,1,33,1,0
1429,2017-11-29,test,1,34,1,1
1429,2017-11-30,test,1,34,9,5
1429,2017-12-24,test,1,36,2,1
1429,2017-12-26,test,1,37,2,1
1434,2017-04-07,train,1,120,1,0
1434,2017-04-15,train,1,120,16,4
1434,2017-04-23,train,1,120,33,4
1434,2017-05-01,train,1,120,2,0
1434,2017-05-07,train,1,120,20,3
1434,2017-05-24,train,1,120,3,1
1434,2017-06-14,train,1,120,11,3
1434,2017-07-03,train,1,120,8,1
1434,2017-07-12,train,1,120,8,3
1434,2017-07-20,train,1,120,3,1
1434,2017-07-31,train,1,120,29,5
1434,2017-08-06,train,1,120,26,1
1434,2017-08-21,train,1,120,1,0
1434,2017-08-31,train,1,120,29,9
1434,2017-09-10,train,1,120,4,2
1434,2017-09-22,train,1,120,6,2
1434,2017-10-02,validation,1,120,15,5
1434,2017-10-05,validation,1,120,3,1
1434,2017-10-06,validation,1,120,2,0
1434,2017-10-16,validation,1,120,5,2
1434,2017-10-19,validation,1,120,5,1
1434,2017-10-23,validation,1,120,9,2
1434,2017-10-27,validation,1,120,2,1
1434,2017-10-30,validation,1,120,7,1
1434,2017-10-31,validation,1,120,3,0
1434,2017-11-01,test,1,120,3,0
1434,2017-11-03,test,1,120,2,0
1434,2017-11-05,test,1,120,7,3
1434,2017-11-06,test,1,120,3,1
1434,2017-11-07,test,1,120,1,0
1434,2017-11-09,test,1,120,11,5
1434,2017-11-11,test,1,120,5,2
1434,2017-11-13,test,1,120,5,1
1434,2017-11-17,test,1,120,16,3
1434,2017-11-19,test,1,120,7,1
1434,2017-11-21,test,1,120,2,1
1434,2017-11-24,test,1,120,23,1
1434,2017-11-27,test,1,120,6,1
1434,2017-11-28,test,1,120,2,0
1434,2017-12-04,test,1,120,4,0
1434,2017-12-15,test,1,120,47,14
1434,2017-12-20,test,1,120,7,3
1434,2017-12-21,test,1,120,1,0
1434,2017-12-22,test,1,120,2,0
1434,2017-12-24,test,1,120,16,1
1434,2017-12-28,test,1,120,3,1
1437,2017-04-14,train,1,120,13,1
1437,2017-05-03,train,1,120,2,0
1437,2017-06-14,train,1,120,65,13
1437,2017-07-27,train,1,120,71,14
1437,2017-10-11,validation,1,120,80,22
1437,2017-11-14,test,1,120,58,20
1437,2017-11-21,test,1,120,14,5
1437,2017-11-24,test,1,120,3,0
1437,2017-11-27,test,1,120,15,6
1437,2017-12-20,test,1,120,71,18
1437,2017-12-31,test,1,120,13,2
1440,2017-05-11,train,0,33,7,1
1440,2017-05-22,train,1,48,8,2
1440,2017-06-20,train,1,71,8,1
1440,2017-07-08,train,1,83,10,4
1440,2017-07-25,train,1,105,5,0
1440,2017-08-06,train,1,120,9,4
1440,2017-08-27,train,1,120,4,1
1440,2017-09-16,train,1,120,4,2
1440,2017-10-01,validation,1,120,10,5
1440,2017-10-15,validation,1,120,11,1
1440,2017-10-19,validation,1,120,17,8
1440,2017-10-29,validation,1,120,7,4
1440,2017-11-08,test,1,120,1,0
1440,2017-11-17,test,1,120,2,0
1440,2017-11-22,test,1,120,20,4
1440,2017-12-03,test,1,120,51,11
1440,2017-12-26,test,1,120,2,0
1441,2017-09-21,train,0,1,3,0
1441,2017-12-16,test,0,3,33,2
1444,2017-09-05,train,1,44,3,0
1444,2017-09-16,train,1,55,7,0
1444,2017-10-05,validation,1,31,2,0
1444,2017-10-07,validation,1,24,5,0
1444,2017-11-30,test,1,29,1,0
1447,2017-06-14,train,0,11,1,0
1447,2017-07-29,train,1,16,13,0
1447,2017-10-13,validation,1,19,24,3
1447,2017-11-21,test,1,40,1,0
145,2017-04-13,train,1,30,8,5
145,2017-05-09,train,1,45,5,2
145,2017-07-04,train,1,59,9,3
145,2017-09-11,train,1,60,6,4
145,2017-10-06,validation,1,58,2,0
145,2017-10-13,validation,1,44,2,0
145,2017-10-29,validation,1,45,18,0
145,2017-11-26,test,1,60,6,2
145,2017-11-29,test,1,64,1,0
1453,2017-04-01,train,1,120,1,0
1453,2017-04-06,train,1,120,55,12
1453,2017-04-09,train,1,120,3,3
1453,2017-04-14,train,1,120,5,1
1453,2017-04-18,train,1,120,2,1
1453,2017-04-22,train,1,120,28,2
1453,2017-04-28,train,1,120,1,0
1453,2017-05-02,train,1,120,4,1
1453,2017-05-05,train,1,120,1,1
1453,2017-05-08,train,1,120,2,1
1453,2017-05-12,train,1,120,2,1
1453,2017-05-16,train,1,120,2,2
1453,2017-05-21,train,1,120,1,0
1453,2017-05-25,train,1,120,1,1
1453,2017-05-30,train,1,120,47,12
1453,2017-06-02,train,1,120,1,1
1453,2017-06-05,train,1,120,44,14
1453,2017-06-15,train,1,120,13,4
1453,2017-06-18,train,1,120,1,1
1453,2017-06-22,train,1,120,5,5
1453,2017-06-26,train,1,120,2,1
1453,2017-07-01,train,1,120,3,2
1453,2017-07-05,train,1,120,1,1
1453,2017-07-10,train,1,120,2,2
1453,2017-07-16,train,1,120,3,0
1453,2017-07-19,train,1,120,65,16
1453,2017-07-23,train,1,120,2,2
1453,2017-07-26,train,1,120,9,4
1453,2017-07-30,train,1,120,3,3
1453,2017-08-03,train,1,120,6,0
1453,2017-08-06,train,1,120,1,1
1453,2017-08-11,train,1,120,3,3
1453,2017-08-14,train,1,120,5,4
1453,2017-08-23,train,1,120,57,12
1453,2017-08-28,train,1,120,2,2
1453,2017-08-31,train,1,120,1,1
1453,2017-09-04,train,1,120,28,10
1453,2017-09-08,train,1,120,15,3
1453,2017-09-13,train,1,120,54,12
1453,2017-09-19,train,1,120,2,0
1453,2017-09-23,train,1,120,2,0
1453,2017-09-27,train,1,120,4,2
1453,2017-10-02,validation,1,120,48,16
1453,2017-10-04,validation,1,120,1,1
1453,2017-10-05,validation,1,120,6,0
1453,2017-10-07,validation,1,120,2,2
1453,2017-10-09,validation,1,120,50,8
1453,2017-10-10,validation,1,120,3,2
1453,2017-10-11,validation,1,120,4,2
1453,2017-10-12,validation,1,120,12,3
1453,2017-10-14,validation,1,120,2,2
1453,2017-10-16,validation,1,120,13,5
1453,2017-10-18,validation,1,120,26,10
1453,2017-10-20,validation,1,120,26,4
1453,2017-10-22,validation,1,120,3,2
1453,2017-10-23,validation,1,120,2,2
1453,2017-10-24,validation,1,120,6,1
1453,2017-10-26,validation,1,120,57,14
1453,2017-10-27,validation,1,120,3,2
1453,2017-10-28,validation,1,120,6,3
1453,2017-10-30,validation,1,120,3,2
1453,2017-10-31,validation,1,120,58,14
1453,2017-11-01,test,1,120,2,2
1453,2017-11-03,test,1,120,3,3
1453,2017-11-04,test,1,120,2,2
1453,2017-11-05,test,1,120,2,1
1453,2017-11-06,test,1,120,2,2
1453,2017-11-07,test,1,120,54,13
1453,2017-11-08,test,1,120,4,3
1453,2017-11-09,test,1,120,3,0
1453,2017-11-10,test,1,120,3,2
1453,2017-11-11,test,1,120,1,1
1453,2017-11-12,test,1,120,55,9
1453,2017-11-13,test,1,120,3,2
1453,2017-11-14,test,1,120,4,2
1453,2017-11-15,test,1,120,2,2
1453,2017-11-17,test,1,120,2,2
1453,2017-11-18,test,1,120,1,1
1453,2017-11-19,test,1,120,4,3
1453,2017-11-20,test,1,120,3,2
1453,2017-11-22,test,1,120,6,3
1453,2017-11-26,test,1,120,2,2
1453,2017-11-28,test,1,120,36,9
1453,2017-11-29,test,1,120,5,3
1453,2017-12-01,test,1,120,1,0
1453,2017-12-02,test,1,120,3,3
1453,2017-12-03,test,1,120,1,0
1453,2017-12-04,test,1,120,52,7
1453,2017-12-05,test,1,120,4,0
1453,2017-12-06,test,1,120,3,2
1453,2017-12-08,test,1,120,2,1
1453,2017-12-11,test,1,120,1,1
1453,2017-12-13,test,1,120,55,8
1453,2017-12-14,test,1,120,5,2
1453,2017-12-15,test,1,120,3,1
1453,2017-12-16,test,1,120,17,2
1453,2017-12-19,test,1,120,56,8
1453,2017-12-20,test,1,120,8,4
1453,2017-12-21,test,1,120,5,4
1453,2017-12-22,test,1,120,25,6
1453,2017-12-23,test,1,120,4,3
1453,2017-12-24,test,1,120,32,7
1453,2017-12-26,test,1,120,42,13
1453,2017-12-27,test,1,120,7,4
1453,2017-12-30,test,1,120,2,1
1453,2017-12-31,test,1,120,10,2
1457,2017-06-09,train,1,94,24,5
1457,2017-08-20,train,1,120,3,2
1457,2017-09-30,train,1,120,28,10
1457,2017-10-07,validation,1,120,29,17
1457,2017-11-11,test,1,120,22,10
1457,2017-11-22,test,1,120,21,9
1457,2017-12-06,test,1,120,19,11
1457,2017-12-14,test,1,120,5,0
1457,2017-12-23,test,1,120,25,13
1457,2017-12-30,test,1,120,22,6
1458,2017-04-11,train,1,97,21,7
1458,2017-05-03,train,1,113,16,3
1458,2017-05-20,train,1,120,26,3
1458,2017-06-23,train,1,120,3,0
1458,2017-07-14,train,1,120,2,0
1458,2017-07-31,train,1,120,3,2
1458,2017-08-13,train,1,120,14,3
1458,2017-08-27,train,1,120,4,1
1458,2017-09-10,train,1,120,5,0
1458,2017-09-27,train,1,120,1,0
1458,2017-10-05,validation,1,120,2,0
1458,2017-10-08,validation,1,120,5,4
1458,2017-10-16,validation,1,120,2,0
1458,2017-10-22,validation,1,120,19,3
1458,2017-10-23,validation,1,120,32,6
1458,2017-10-27,validation,1,120,4,0
1458,2017-10-29,validation,1,120,11,1
1458,2017-11-05,test,1,120,6,1
1458,2017-11-06,test,1,120,4,2
1458,2017-11-14,test,1,120,10,6
1458,2017-11-21,test,1,120,10,5
1458,2017-11-26,test,1,120,6,4
1458,2017-12-04,test,1,120,12,2
1458,2017-12-11,test,1,120,11,1
1458,2017-12-14,test,1,120,1,0
1458,2017-12-15,test,1,120,3,0
1458,2017-12-26,test,1,120,4,1
1458,2017-12-30,test,1,120,31,6
1464,2017-05-18,train,1,120,19,6
1464,2017-06-16,train,1,120,25,10
1464,2017-07-07,train,1,120,29,11
1464,2017-07-25,train,1,120,28,12
1464,2017-08-20,train,1,120,40,1
1464,2017-09-12,train,1,120,4,0
1464,2017-10-06,validation,1,120,4,2
1464,2017-10-08,validation,1,120,15,5
1464,2017-10-11,validation,1,120,10,3
1464,2017-10-15,validation,1,120,8,1
1464,2017-10-21,validation,1,120,4,1
1464,2017-10-22,validation,1,120,11,3
1464,2017-12-08,test,1,120,32,6
1464,2017-12-17,test,1,120,23,6
1467,2017-04-01,train,1,29,2,2
1467,2017-04-05,train,1,31,3,3
1467,2017-04-09,train,1,37,3,2
1467,2017-04-14,train,1,38,1,1
1467,2017-04-17,train,1,38,4,4
1467,2017-04-22,train,1,44,1,1
1467,2017-04-27,train,1,44,1,1
1467,2017-04-30,train,1,44,1,1
1467,2017-05-03,train,1,47,14,2
1467,2017-05-06,train,1,60,2,2
1467,2017-05-11,train,1,60,1,1
1467,2017-05-14,train,1,61,5,5
1467,2017-05-20,train,1,61,2,2
1467,2017-05-24,train,1,62,4,4
1467,2017-05-28,train,1,64,6,4
1467,2017-06-01,train,1,67,14,1
1467,2017-06-04,train,1,80,2,2
1467,2017-06-08,train,1,81,4,4
1467,2017-06-12,train,1,82,4,4
1467,2017-06-17,train,1,82,1,1
1467,2017-06-21,train,1,82,2,2
1467,2017-06-25,train,1,82,1,1
1467,2017-06-29,train,1,83,1,1
1467,2017-07-02,train,1,83,5,1
1467,2017-07-05,train,1,87,2,2
1467,2017-07-08,train,1,87,3,1
1467,2017-07-11,train,1,89,2,2
1467,2017-07-15,train,1,88,3,3
1467,2017-07-18,train,1,91,2,2
1467,2017-07-21,train,1,97,4,4
1467,2017-07-25,train,1,97,9,1
1467,2017-07-28,train,1,103,3,3
1467,2017-07-31,train,1,103,5,2
1467,2017-08-03,train,1,106,4,2
1467,2017-08-06,train,1,115,4,4
1467,2017-08-10,train,1,120,1,1
1467,2017-08-14,train,1,120,3,2
1467,2017-08-19,train,1,120,1,1
1467,2017-08-22,train,1,120,1,1
1467,2017-08-25,train,1,120,2,2
1467,2017-08-28,train,1,120,2,2
1467,2017-09-01,train,1,120,2,2
1467,2017-09-05,train,1,120,1,1
1467,2017-09-08,train,1,120,3,0
1467,2017-09-11,train,1,120,1,1
1467,2017-09-14,train,1,120,4,4
1467,2017-09-17,train,1,120,3,2
1467,2017-09-21,train,1,120,2,2
1467,2017-09-26,train,1,120,10,9
1467,2017-09-29,train,1,120,2,2
1467,2017-10-01,validation,1,120,1,1
1467,2017-10-02,validation,1,120,2,2
1467,2017-10-03,validation,1,120,3,3
1467,2017-10-04,validation,1,120,7,3
1467,2017-10-05,validation,1,120,4,2
1467,2017-10-06,validation,1,120,2,2
1467,2017-10-07,validation,1,120,3,3
1467,2017-10-08,validation,1,120,5,4
1467,2017-10-09,validation,1,120,2,2
1467,2017-10-10,validation,1,120,5,4
1467,2017-10-11,validation,1,120,5,5
1467,2017-10-12,validation,1,120,2,2
1467,2017-10-13,validation,1,120,2,2
1467,2017-10-15,validation,1,120,4,2
1467,2017-10-16,validation,1,120,1,0
1467,2017-10-17,validation,1,120,5,5
1467,2017-10-18,validation,1,120,3,3
1467,2017-10-19,validation,1,120,5,4
1467,2017-10-20,validation,1,120,2,2
1467,2017-10-21,validation,1,120,11,6
1467,2017-10-22,validation,1,120,10,4
1467,2017-10-23,validation,1,120,2,1
1467,2017-10-25,validation,1,120,4,3
1467,2017-10-27,validation,1,120,4,4
1467,2017-10-28,validation,1,120,4,3
1467,2017-10-30,validation,1,120,3,0
1467,2017-10-31,validation,1,120,6,6
1467,2017-11-01,test,1,120,4,3
1467,2017-11-02,test,1,120,5,5
1467,2017-11-03,test,1,120,3,3
1467,2017-11-04,test,1,120,5,4
1467,2017-11-06,test,1,120,1,1
1467,2017-11-07,test,1,120,2,2
1467,2017-11-08,test,1,120,2,1
1467,2017-11-10,test,1,120,2,2
1467,2017-11-11,test,1,120,5,2
1467,2017-11-12,test,1,120,4,3
1467,2017-11-13,test,1,120,6,1
1467,2017-11-14,test,1,120,4,2
1467,2017-11-16,test,1,120,4,3
1467,2017-11-17,test,1,120,1,1
1467,2017-11-18,test,1,120,2,2
1467,2017-11-19,test,1,120,9,8
1467,2017-11-20,test,1,120,1,1
1467,2017-11-21,test,1,120,2,2
1467,2017-11-22,test,1,120,2,2
1467,2017-11-23,test,1,120,2,1
1467,2017-11-26,test,1,120,11,1
1467,2017-11-28,test,1,120,4,0
1467,2017-12-01,test,1,120,1,1
1467,2017-12-02,test,1,120,4,2
1467,2017-12-03,test,1,120,5,5
1467,2017-12-05,test,1,120,4,4
1467,2017-12-06,test,1,120,6,5
1467,2017-12-07,test,1,120,2,2
1467,2017-12-08,test,1,120,2,2
1467,2017-12-09,test,1,120,1,1
1467,2017-12-10,test,1,120,2,1
1467,2017-12-11,test,1,120,3,3
1467,2017-12-13,test,1,120,4,3
1467,2017-12-14,test,1,120,5,5
1467,2017-12-17,test,1,120,1,0
1467,2017-12-18,test,1,120,1,1
1467,2017-12-19,test,1,120,1,1
1467,2017-12-20,test,1,120,3,3
1467,2017-12-21,test,1,120,2,2
1467,2017-12-22,test,1,120,1,1
1467,2017-12-24,test,1,120,1,1
1467,2017-12-27,test,1,120,4,2
1467,2017-12-28,test,1,120,1,1
1467,2017-12-29,test,1,120,1,1
1467,2017-12-30,test,1,120,1,0
1467,2017-12-31,test,1,120,2,2
147,2017-05-05,train,0,61,18,5
147,2017-08-05,train,1,92,15,5
147,2017-09-23,train,1,101,10,3
147,2017-11-27,test,1,97,24,1
147,2017-12-14,test,1,120,15,5
147,2017-12-22,test,1,120,8,4
1475,2017-04-02,train,1,120,31,19
1475,2017-04-12,train,1,120,1,0
1475,2017-04-22,train,1,120,5,1
1475,2017-05-03,train,1,120,5,3
1475,2017-05-09,train,1,120,21,7
1475,2017-05-20,train,1,120,5,2
1475,2017-05-29,train,1,120,6,3
1475,2017-06-10,train,1,120,2,2
1475,2017-06-14,train,1,120,1,0
1475,2017-06-19,train,1,120,1,0
1475,2017-06-27,train,1,120,13,6
1475,2017-07-04,train,1,120,4,1
1475,2017-07-09,train,1,120,44,29
1475,2017-07-14,train,1,120,21,6
1475,2017-07-19,train,1,120,8,5
1475,2017-07-25,train,1,120,1,1
1475,2017-08-01,train,1,120,3,1
1475,2017-08-06,train,1,120,41,20
1475,2017-08-11,train,1,120,3,0
1475,2017-08-18,train,1,120,1,1
1475,2017-08-27,train,1,120,42,21
1475,2017-09-04,train,1,120,39,25
1475,2017-09-17,train,1,120,45,25
1475,2017-09-24,train,1,120,34,22
1475,2017-09-30,train,1,120,49,26
1475,2017-10-05,validation,1,120,1,0
1475,2017-10-08,validation,1,120,40,24
1475,2017-10-14,validation,1,120,44,26
1475,2017-10-18,validation,1,120,10,2
1475,2017-10-22,validation,1,120,43,21
1475,2017-10-24,validation,1,120,3,1
1475,2017-10-29,validation,1,120,43,27
1475,2017-10-31,validation,1,120,4,4
1475,2017-11-01,test,1,120,9,3
1475,2017-11-05,test,1,120,50,33
1475,2017-11-07,test,1,120,3,2
1475,2017-11-10,test,1,120,1,0
1475,2017-11-12,test,1,120,58,28
1475,2017-11-16,test,1,120,4,2
1475,2017-11-19,test,1,120,40,18
1475,2017-11-21,test,1,120,10,6
1475,2017-11-23,test,1,120,9,1
1475,2017-11-26,test,1,120,42,21
1475,2017-11-28,test,1,120,1,1
1475,2017-12-01,test,1,120,2,1
1475,2017-12-03,test,1,120,43,22
1475,2017-12-08,test,1,120,3,2
1475,2017-12-10,test,1,120,51,23
1475,2017-12-11,test,1,120,12,2
1475,2017-12-16,test,1,120,42,26
1475,2017-12-17,test,1,120,6,0
1475,2017-12-23,test,1,120,26,8
1475,2017-12-26,test,1,120,35,23
1475,2017-12-31,test,1,120,2,1
1476,2017-04-09,train,1,120,6,2
1476,2017-04-14,train,1,120,3,2
1476,2017-04-23,train,1,120,5,3
1476,2017-05-01,train,1,120,3,2
1476,2017-05-11,train,1,120,8,5
1476,2017-05-20,train,1,120,6,4
1476,2017-06-08,train,1,120,9,3
1476,2017-06-15,train,1,120,3,3
1476,2017-06-22,train,1,120,2,1
1476,2017-06-29,train,1,120,23,9
1476,2017-07-08,train,1,120,4,3
1476,2017-07-12,train,1,120,2,0
1476,2017-07-20,train,1,120,3,0
1476,2017-07-28,train,1,120,3,2
1476,2017-08-04,train,1,120,14,12
1476,2017-08-09,train,1,120,9,4
1476,2017-08-14,train,1,120,10,4
1476,2017-08-21,train,1,120,3,3
1476,2017-08-29,train,1,120,11,7
1476,2017-10-03,validation,1,120,3,2
1476,2017-10-05,validation,1,120,9,7
1476,2017-10-08,validation,1,120,3,1
1476,2017-10-12,validation,1,120,14,4
1476,2017-10-15,validation,1,120,7,4
1476,2017-10-19,validation,1,120,12,8
1476,2017-10-20,validation,1,120,1,1
1476,2017-10-23,validation,1,120,8,5
1476,2017-10-26,validation,1,120,7,3
1476,2017-10-28,validation,1,120,7,7
1476,2017-11-01,test,1,120,8,3
1476,2017-11-03,test,1,120,3,2
1476,2017-11-04,test,1,120,2,2
1476,2017-11-10,test,1,120,2,2
1476,2017-11-12,test,1,120,10,6
1476,2017-11-15,test,1,120,20,9
1476,2017-11-20,test,1,120,5,5
1476,2017-11-24,test,1,120,8,5
1476,2017-11-25,test,1,120,2,2
1476,2017-11-26,test,1,120,4,1
1476,2017-11-30,test,1,120,6,3
1476,2017-12-02,test,1,120,8,5
1476,2017-12-11,test,1,120,4,3
1476,2017-12-12,test,1,120,5,3
1476,2017-12-14,test,1,120,7,3
1476,2017-12-16,test,1,120,6,4
1476,2017-12-21,test,1,120,14,5
1476,2017-12-24,test,1,120,11,4
1476,2017-12-26,test,1,120,2,1
1476,2017-12-27,test,1,120,7,2
1476,2017-12-29,test,1,120,8,3
1476,2017-12-30,test,1,120,5,0
148,2017-05-30,train,0,29,2,0
148,2017-06-26,train,1,56,3,0
148,2017-09-04,train,1,43,4,2
148,2017-10-02,validation,1,54,1,1
148,2017-10-04,validation,1,54,2,1
148,2017-10-15,validation,1,55,4,3
148,2017-10-25,validation,1,56,1,0
148,2017-10-28,validation,1,57,1,0
148,2017-10-30,validation,1,58,41,6
148,2017-11-07,test,1,93,13,4
148,2017-11-25,test,1,102,3,1
148,2017-12-06,test,1,87,6,5
148,2017-12-11,test,1,83,3,0
148,2017-12-20,test,1,86,15,8
1480,2017-06-22,train,1,12,6,5
1480,2017-08-20,train,1,13,1,1
1480,2017-09-18,train,1,18,3,1
1480,2017-11-28,test,1,16,1,0
1481,2017-04-05,train,1,117,28,9
1481,2017-04-18,train,1,120,8,3
1481,2017-04-27,train,1,120,6,3
1481,2017-05-05,train,1,120,7,4
1481,2017-05-15,train,1,120,2,0
1481,2017-06-04,train,1,120,1,1
1481,2017-06-23,train,1,120,1,0
1481,2017-07-06,train,1,120,3,2
1481,2017-07-18,train,1,120,4,2
1481,2017-08-02,train,1,120,9,2
1481,2017-08-05,train,1,120,29,3
1481,2017-08-13,train,1,120,44,8
1481,2017-08-25,train,1,120,5,0
1481,2017-09-09,train,1,120,7,1
1481,2017-09-27,train,1,120,6,0
1481,2017-10-02,validation,1,120,2,0
1481,2017-10-03,validation,1,120,1,0
1481,2017-10-06,validation,1,120,10,5
1481,2017-10-09,validation,1,120,7,0
1481,2017-10-13,validation,1,120,3,1
1481,2017-10-17,validation,1,120,35,3
1481,2017-10-21,validation,1,120,4,2
1481,2017-10-28,validation,1,120,14,2
1481,2017-10-29,validation,1,120,9,6
1481,2017-10-30,validation,1,120,19,4
1481,2017-11-01,test,1,120,6,2
1481,2017-11-07,test,1,120,50,11
1481,2017-11-12,test,1,120,5,1
1481,2017-11-15,test,1,120,3,1
1481,2017-11-16,test,1,120,5,4
1481,2017-11-20,test,1,120,23,8
1481,2017-11-21,test,1,120,5,0
1481,2017-11-22,test,1,120,5,2
1481,2017-11-27,test,1,120,3,1
1481,2017-11-28,test,1,120,25,6
1481,2017-11-30,test,1,120,13,2
1481,2017-12-05,test,1,120,26,8
1481,2017-12-12,test,1,120,2,1
1481,2017-12-18,test,1,120,13,6
1481,2017-12-31,test,1,120,7,2
1482,2017-11-07,test,0,0,11,0
1483,2017-04-02,train,1,120,1,0
1483,2017-05-19,train,1,120,10,1
1483,2017-06-22,train,1,120,6,3
1483,2017-07-13,train,1,120,17,1
1483,2017-08-06,train,1,120,23,4
1483,2017-09-10,train,1,120,8,2
1483,2017-09-26,train,1,120,3,0
1483,2017-10-01,validation,1,120,69,11
1483,2017-10-06,validation,1,120,40,9
1483,2017-10-08,validation,1,120,6,2
1483,2017-10-12,validation,1,120,29,13
1483,2017-10-15,validation,1,120,11,3
1483,2017-10-20,validation,1,120,5,3
1483,2017-11-01,test,1,120,67,14
1483,2017-11-05,test,1,120,16,10
1483,2017-11-07,test,1,120,31,13
1483,2017-11-11,test,1,120,1,0
1483,2017-12-05,test,1,120,38,8
1483,2017-12-29,test,1,120,2,0
1486,2017-11-11,test,0,0,20,0
1486,2017-11-23,test,1,20,8,1
1498,2017-05-27,train,0,20,21,3
1498,2017-08-13,train,1,40,18,4
1498,2017-10-23,validation,1,52,7,4
1498,2017-11-09,test,1,54,15,5
1498,2017-11-25,test,1,51,8,1
150,2017-11-20,test,0,0,1,0
1501,2017-04-11,train,1,120,13,5
1501,2017-04-25,train,1,120,8,2
1501,2017-05-05,train,1,120,30,10
1501,2017-05-19,train,1,120,16,11
1501,2017-06-03,train,1,120,4,0
1501,2017-06-17,train,1,120,2,0
1501,2017-07-09,train,1,120,5,3
1501,2017-07-17,train,1,120,7,3
1501,2017-07-29,train,1,120,20,6
1501,2017-08-22,train,1,120,2,0
1501,2017-08-27,train,1,120,11,7
1501,2017-09-04,train,1,120,14,10
1501,2017-09-15,train,1,120,9,2
1501,2017-09-27,train,1,120,12,8
1501,2017-10-05,validation,1,120,11,8
1501,2017-10-11,validation,1,120,20,8
1501,2017-10-13,validation,1,120,14,8
1501,2017-10-14,validation,1,120,6,3
1501,2017-10-18,validation,1,120,18,9
1501,2017-10-22,validation,1,120,12,7
1501,2017-10-25,validation,1,120,2,0
1501,2017-11-07,test,1,120,17,9
1501,2017-11-10,test,1,120,14,5
1501,2017-11-14,test,1,120,25,12
1501,2017-11-15,test,1,120,29,14
1501,2017-11-20,test,1,120,3,0
1501,2017-11-25,test,1,120,9,5
1501,2017-11-28,test,1,120,24,11
1501,2017-11-30,test,1,120,3,1
1501,2017-12-01,test,1,120,14,7
1501,2017-12-06,test,1,120,13,4
1501,2017-12-09,test,1,120,28,8
1501,2017-12-13,test,1,120,5,2
1501,2017-12-16,test,1,120,13,9
1501,2017-12-18,test,1,120,1,0
1501,2017-12-19,test,1,120,4,0
1501,2017-12-21,test,1,120,4,1
1501,2017-12-23,test,1,120,38,14
1501,2017-12-24,test,1,120,11,4
1501,2017-12-30,test,1,120,15,8
1502,2017-04-22,train,1,71,12,0
1502,2017-05-12,train,1,84,11,5
1502,2017-11-09,test,0,3,4,0
151,2017-09-15,train,0,7,2,0
151,2017-10-31,validation,0,2,10,0
151,2017-11-07,test,1,12,3,0
151,2017-12-01,test,1,15,5,0
151,2017-12-19,test,1,20,24,2
1512,2017-04-21,train,1,76,9,0
1512,2017-05-12,train,1,100,5,0
1512,2017-07-03,train,1,107,2,0
1512,2017-10-01,validation,1,37,22,0
1512,2017-11-27,test,1,29,6,1
1513,2017-04-30,train,1,45,18,1
1513,2017-05-19,train,1,62,1,0
1513,2017-06-29,train,1,74,1,0
1513,2017-09-10,train,1,47,27,5
1513,2017-10-11,validation,1,63,3,1
1513,2017-10-19,validation,1,65,1,1
1513,2017-11-10,test,1,50,3,0
1513,2017-11-17,test,1,52,1,1
1513,2017-11-18,test,1,52,1,0
1513,2017-11-19,test,1,53,7,0
1513,2017-12-08,test,1,58,3,0
1514,2017-04-10,train,1,36,55,7
1514,2017-05-03,train,1,91,46,21
1514,2017-06-01,train,1,120,10,3
1514,2017-06-20,train,1,120,2,2
1514,2017-07-18,train,1,120,1,1
1514,2017-08-05,train,1,120,7,0
1514,2017-08-30,train,1,120,19,11
1514,2017-09-25,train,1,120,7,3
1514,2017-10-11,validation,1,120,7,6
1514,2017-10-14,validation,1,120,10,2
1514,2017-10-26,validation,1,120,7,3
1514,2017-11-06,test,1,120,6,6
1514,2017-11-13,test,1,120,9,4
1514,2017-11-28,test,1,120,92,31
1514,2017-12-08,test,1,120,2,1
1516,2017-04-13,train,1,27,10,2
1519,2017-10-01,validation,0,5,42,0
1519,2017-10-08,validation,0,47,71,4
1519,2017-10-13,validation,1,114,1,0
1519,2017-10-15,validation,1,115,39,8
1519,2017-10-22,validation,1,120,43,14
1519,2017-10-28,validation,1,120,12,0
1519,2017-11-05,test,1,120,57,9
1519,2017-11-18,test,1,120,36,5
1519,2017-11-24,test,1,120,15,6
1519,2017-12-02,test,1,120,66,15
1519,2017-12-10,test,1,120,54,12
1519,2017-12-17,test,1,120,51,18
1519,2017-12-23,test,1,120,45,22
1519,2017-12-30,test,1,120,19,5
1533,2017-07-06,train,0,17,2,0
1533,2017-12-08,test,0,3,1,0
1533,2017-12-15,test,0,4,11,0
1533,2017-12-23,test,1,15,10,4
1537,2017-05-30,train,1,16,17,0
1537,2017-06-16,train,1,79,5,1
1537,2017-07-09,train,1,120,9,1
1537,2017-08-06,train,1,120,7,1
1537,2017-09-15,train,1,120,9,0
1537,2017-09-28,train,1,120,2,2
1537,2017-10-04,validation,1,120,7,4
1537,2017-10-12,validation,1,120,3,0
1537,2017-10-15,validation,1,120,4,3
1537,2017-10-19,validation,1,120,1,0
1537,2017-11-05,test,1,120,28,4
1537,2017-11-07,test,1,120,4,2
1537,2017-11-11,test,1,120,1,0
1537,2017-11-12,test,1,120,24,5
1537,2017-11-25,test,1,120,1,0
1537,2017-12-05,test,1,120,1,0
1537,2017-12-19,test,1,120,1,1
1537,2017-12-27,test,1,120,19,0
1537,2017-12-30,test,1,120,4,0
154,2017-08-07,train,0,26,13,0
154,2017-10-07,validation,0,33,5,0
154,2017-10-09,validation,1,38,13,1
154,2017-10-15,validation,1,50,7,0
154,2017-12-19,test,1,52,7,1
1547,2017-04-22,train,1,11,2,0
1547,2017-05-15,train,1,16,1,1
1547,2017-05-25,train,1,17,2,1
1547,2017-06-08,train,1,21,3,2
1547,2017-06-19,train,1,28,1,0
1547,2017-06-28,train,1,30,6,2
1547,2017-07-08,train,1,34,2,1
1547,2017-09-14,train,1,35,2,2
1547,2017-09-22,train,1,35,3,3
1547,2017-10-02,validation,1,37,1,0
1547,2017-10-04,validation,1,38,2,1
1547,2017-10-05,validation,1,39,15,0
1547,2017-10-07,validation,1,54,27,2
1547,2017-10-10,validation,1,77,1,1
1547,2017-10-12,validation,1,77,1,1
1547,2017-10-13,validation,1,77,6,0
1547,2017-10-16,validation,1,83,4,1
1547,2017-10-19,validation,1,86,4,2
1547,2017-10-20,validation,1,86,36,7
1547,2017-10-25,validation,1,115,1,0
1547,2017-10-29,validation,1,116,2,0
1547,2017-11-19,test,1,115,2,2
1547,2017-11-28,test,1,114,2,1
1547,2017-11-29,test,1,115,2,2
1547,2017-12-04,test,1,114,3,1
1547,2017-12-07,test,1,114,5,2
1547,2017-12-09,test,1,117,4,1
1547,2017-12-10,test,1,120,1,0
1547,2017-12-13,test,1,119,2,2
1547,2017-12-18,test,1,116,1,1
1547,2017-12-19,test,1,116,1,0
1547,2017-12-20,test,1,115,2,0
1547,2017-12-22,test,1,116,1,1
1547,2017-12-23,test,1,116,1,0
1547,2017-12-26,test,1,114,2,1
1547,2017-12-27,test,1,115,1,0
1547,2017-12-29,test,1,116,1,1
1547,2017-12-31,test,1,116,4,1
1555,2017-05-05,train,1,111,4,1
1555,2017-05-28,train,1,120,9,3
1555,2017-06-22,train,1,120,4,1
1555,2017-07-03,train,1,120,3,2
1555,2017-07-25,train,1,120,1,1
1555,2017-08-05,train,1,120,26,8
1555,2017-09-01,train,1,120,5,4
1555,2017-10-31,validation,1,119,1,0
1555,2017-11-17,test,1,108,1,0
1555,2017-11-25,test,1,103,3,0
1555,2017-11-29,test,1,106,4,1
1555,2017-12-30,test,1,82,3,1
1558,2017-04-02,train,1,109,33,6
1558,2017-05-24,train,1,120,4,1
1558,2017-06-04,train,1,120,1,0
1558,2017-07-02,train,1,120,8,3
1558,2017-07-24,train,1,120,3,0
1558,2017-08-02,train,1,120,5,0
1558,2017-08-15,train,1,120,1,0
1558,2017-08-28,train,1,120,7,0
1558,2017-09-09,train,1,120,1,1
1558,2017-09-22,train,1,120,8,1
1558,2017-10-02,validation,1,120,5,1
1558,2017-10-06,validation,1,120,11,4
1558,2017-10-21,validation,1,120,1,1
1558,2017-10-24,validation,1,120,1,1
1558,2017-10-30,validation,1,120,4,2
1558,2017-11-01,test,1,120,5,1
1558,2017-11-14,test,1,120,44,5
1558,2017-11-19,test,1,120,2,2
1558,2017-11-22,test,1,120,9,2
1558,2017-11-25,test,1,120,4,3
1558,2017-11-30,test,1,120,2,0
1558,2017-12-01,test,1,120,5,1
1558,2017-12-06,test,1,120,3,2
1558,2017-12-10,test,1,120,24,3
1558,2017-12-14,test,1,120,5,0
1558,2017-12-15,test,1,120,5,3
1558,2017-12-19,test,1,120,6,1
1558,2017-12-26,test,1,120,10,6
1558,2017-12-29,test,1,120,7,0
1559,2017-04-22,train,1,57,16,1
1559,2017-05-03,train,1,92,14,1
1559,2017-05-21,train,1,120,2,1
1559,2017-06-05,train,1,120,24,7
1559,2017-06-12,train,1,120,81,5
1559,2017-10-07,validation,1,120,11,2
1559,2017-10-08,validation,1,120,3,0
1559,2017-11-08,test,1,120,1,0
1559,2017-12-08,test,1,120,14,2
1559,2017-12-24,test,1,62,17,0
1560,2017-05-06,train,1,17,9,0
1560,2017-07-27,train,1,31,19,3
1560,2017-08-13,train,1,56,6,2
1560,2017-08-26,train,1,71,5,4
1560,2017-09-28,train,1,93,1,1
1560,2017-10-10,validation,1,93,16,6
1560,2017-10-21,validation,1,98,3,2
1560,2017-10-24,validation,1,99,20,10
1560,2017-11-03,test,1,102,5,5
1560,2017-11-05,test,1,102,2,2
1560,2017-11-17,test,1,102,10,3
1560,2017-11-21,test,1,109,8,2
1560,2017-12-02,test,1,115,28,14
1560,2017-12-17,test,1,120,8,3
1560,2017-12-23,test,1,120,33,10
1560,2017-12-29,test,1,120,9,8
1562,2017-04-06,train,1,92,14,3
1562,2017-05-22,train,1,120,5,1
1562,2017-07-06,train,1,120,13,4
1562,2017-09-14,train,1,108,3,1
1562,2017-10-07,validation,1,74,37,2
1562,2017-10-08,validation,1,109,65,3
1562,2017-10-29,validation,1,120,15,2
1563,2017-04-22,train,1,120,16,2
1563,2017-05-29,train,1,120,19,2
1563,2017-06-08,train,1,120,2,1
1563,2017-07-09,train,1,120,2,0
1563,2017-08-01,train,1,120,7,4
1563,2017-08-08,train,1,120,8,0
1563,2017-08-24,train,1,120,3,2
1563,2017-09-14,train,1,120,2,1
1563,2017-10-01,validation,1,120,14,8
1563,2017-10-24,validation,1,120,11,1
1563,2017-10-31,validation,1,120,8,2
1563,2017-11-18,test,1,120,20,6
1563,2017-11-20,test,1,120,4,1
1563,2017-11-23,test,1,120,10,3
1563,2017-11-24,test,1,120,11,2
1563,2017-11-26,test,1,120,11,2
1563,2017-12-10,test,1,120,28,7
1563,2017-12-12,test,1,120,4,2
1563,2017-12-16,test,1,120,13,5
1563,2017-12-17,test,1,120,5,2
1563,2017-12-24,test,1,120,22,5
1563,2017-12-31,test,1,120,19,6
1565,2017-04-14,train,1,16,5,0
1565,2017-05-08,train,1,46,16,3
1565,2017-08-26,train,1,75,2,1
1565,2017-12-31,test,1,29,4,1
1568,2017-04-04,train,1,106,11,4
1568,2017-05-13,train,1,120,13,1
1568,2017-05-21,train,1,120,8,2
1568,2017-06-10,train,1,120,6,0
1568,2017-07-08,train,1,120,24,2
1568,2017-07-23,train,1,120,6,1
1568,2017-08-12,train,1,120,25,8
1568,2017-08-27,train,1,120,9,2
1568,2017-10-01,validation,1,120,27,9
1568,2017-10-22,validation,1,120,23,6
1568,2017-10-23,validation,1,120,5,0
1568,2017-11-03,test,1,120,13,7
1568,2017-11-11,test,1,120,11,3
1568,2017-11-18,test,1,120,43,8
1568,2017-12-03,test,1,120,18,6
1568,2017-12-10,test,1,120,17,4
1568,2017-12-12,test,1,120,3,0
1568,2017-12-22,test,1,120,57,11
1568,2017-12-23,test,1,120,22,7
1568,2017-12-30,test,1,120,20,7
1583,2017-07-11,train,0,3,1,0
1583,2017-09-11,train,0,5,5,0
1583,2017-10-10,validation,1,10,1,0
1583,2017-11-02,test,1,11,3,0
1583,2017-11-03,test,1,14,5,0
1586,2017-04-17,train,1,34,5,0
1586,2017-05-14,train,1,45,2,2
1586,2017-06-26,train,1,48,7,2
1586,2017-08-22,train,1,49,9,3
1586,2017-10-25,validation,1,33,11,2
1586,2017-12-10,test,1,38,3,1
1586,2017-12-24,test,1,35,12,1
1586,2017-12-28,test,1,46,1,0
1592,2017-06-27,train,1,35,27,3
1592,2017-07-25,train,1,85,10,3
1592,2017-08-20,train,1,91,18,6
1592,2017-09-10,train,1,107,22,9
1592,2017-10-23,validation,1,120,16,4
1592,2017-11-06,test,1,120,5,1
1592,2017-11-11,test,1,120,6,0
1592,2017-11-13,test,1,120,15,8
1592,2017-11-25,test,1,120,22,9
1592,2017-11-26,test,1,120,13,0
1592,2017-12-18,test,1,120,14,4
1592,2017-12-23,test,1,120,1,0
1592,2017-12-30,test,1,120,23,6
1597,2017-07-02,train,1,13,9,0
1597,2017-08-18,train,1,27,3,0
1597,2017-10-22,validation,1,27,3,0
1597,2017-10-25,validation,1,30,6,0
1597,2017-11-15,test,1,36,1,0
1597,2017-11-20,test,1,37,4,0
1597,2017-11-26,test,1,41,19,0
1597,2017-12-10,test,1,58,4,1
1597,2017-12-11,test,1,61,1,1
160,2017-04-17,train,0,26,1,0
160,2017-05-28,train,1,48,3,1
160,2017-07-02,train,1,59,3,0
160,2017-08-30,train,1,66,1,1
160,2017-10-03,validation,1,57,3,1
160,2017-10-23,validation,1,59,8,3
160,2017-10-28,validation,1,51,1,0
160,2017-10-30,validation,1,52,2,1
160,2017-11-11,test,1,43,4,2
160,2017-11-22,test,1,45,7,1
160,2017-11-29,test,1,48,5,2
160,2017-11-30,test,1,51,5,1
160,2017-12-08,test,1,54,13,3
160,2017-12-11,test,1,64,2,0
160,2017-12-23,test,1,60,12,3
160,2017-12-30,test,1,66,3,2
1600,2017-04-23,train,0,20,6,0
1600,2017-07-20,train,1,40,11,4
1600,2017-10-30,validation,1,43,9,0
1600,2017-11-01,test,1,52,1,0
1600,2017-11-05,test,1,53,8,2
1600,2017-11-11,test,1,59,7,3
1600,2017-12-02,test,1,56,1,0
1600,2017-12-04,test,1,57,1,1
1602,2017-04-12,train,1,120,2,1
1602,2017-04-19,train,1,120,6,2
1602,2017-05-13,train,1,120,13,1
1602,2017-05-23,train,1,120,8,2
1602,2017-06-13,train,1,120,13,2
1602,2017-06-20,train,1,120,2,0
1602,2017-07-03,train,1,120,21,3
1602,2017-07-10,train,1,120,20,6
1602,2017-07-24,train,1,120,25,13
1602,2017-07-30,train,1,120,11,4
1602,2017-08-08,train,1,120,1,0
1602,2017-08-14,train,1,120,3,3
1602,2017-08-25,train,1,120,2,1
1602,2017-09-06,train,1,120,1,1
1602,2017-09-21,train,1,120,2,1
1602,2017-10-03,validation,1,120,8,2
1602,2017-10-07,validation,1,120,1,0
1602,2017-10-09,validation,1,120,3,2
1602,2017-10-19,validation,1,120,6,2
1602,2017-10-21,validation,1,120,1,0
1602,2017-10-23,validation,1,120,35,8
1602,2017-10-25,validation,1,120,2,0
1602,2017-10-29,validation,1,120,30,6
1602,2017-11-05,test,1,120,6,0
1602,2017-11-06,test,1,120,3,0
1602,2017-11-07,test,1,120,32,9
1602,2017-11-08,test,1,120,2,0
1602,2017-11-16,test,1,120,2,2
1602,2017-11-20,test,1,120,31,9
1602,2017-11-24,test,1,120,9,3
1602,2017-11-27,test,1,120,6,1
1602,2017-12-03,test,1,120,2,0
1602,2017-12-11,test,1,120,7,1
1602,2017-12-21,test,1,120,27,7
1602,2017-12-24,test,1,120,5,2
1603,2017-07-06,train,1,116,30,5
1603,2017-10-13,validation,1,100,10,2
1605,2017-05-10,train,1,48,2,0
1605,2017-05-18,train,1,53,2,2
1605,2017-05-29,train,1,53,3,0
1605,2017-06-07,train,1,56,2,1
1605,2017-06-16,train,1,65,1,1
1605,2017-06-20,train,1,77,1,1
1605,2017-07-09,train,1,77,2,2
1605,2017-10-05,validation,1,40,3,0
1605,2017-10-07,validation,1,43,4,0
1605,2017-10-27,validation,1,47,7,0
1605,2017-10-30,validation,1,54,2,1
1605,2017-10-31,validation,1,55,8,1
1605,2017-11-22,test,1,59,3,0
1605,2017-11-30,test,1,60,3,0
1605,2017-12-30,test,1,41,14,2
1607,2017-04-14,train,1,57,5,3
1607,2017-05-13,train,1,61,5,5
1607,2017-05-29,train,1,63,3,3
1607,2017-06-22,train,1,64,2,1
1607,2017-07-01,train,1,64,5,2
1607,2017-07-28,train,1,66,3,0
1607,2017-08-05,train,1,67,7,5
1607,2017-08-28,train,1,67,2,2
1607,2017-09-23,train,1,78,2,1
1607,2017-10-09,validation,1,72,1,0
1607,2017-10-14,validation,1,69,1,0
1607,2017-10-21,validation,1,70,4,2
1607,2017-11-22,test,1,70,1,0
1607,2017-12-12,test,1,62,3,0
1607,2017-12-14,test,1,65,2,0
1607,2017-12-22,test,1,66,9,6
1607,2017-12-23,test,1,69,4,3
1607,2017-12-24,test,1,70,3,3
1607,2017-12-31,test,1,67,5,2
161,2017-04-04,train,0,7,8,2
161,2017-04-20,train,1,15,5,1
161,2017-05-08,train,1,30,22,1
161,2017-05-17,train,1,54,2,1
161,2017-05-26,train,1,73,9,5
161,2017-05-29,train,1,93,1,1
161,2017-06-13,train,1,109,9,4
161,2017-06-25,train,1,120,2,1
161,2017-07-13,train,1,120,7,3
161,2017-07-26,train,1,120,16,8
161,2017-07-30,train,1,120,20,4
161,2017-08-02,train,1,120,1,1
161,2017-08-06,train,1,120,17,10
161,2017-08-09,train,1,120,12,7
161,2017-08-12,train,1,120,4,3
161,2017-08-16,train,1,120,17,8
161,2017-08-19,train,1,120,8,5
161,2017-08-23,train,1,120,7,5
161,2017-08-26,train,1,120,3,3
161,2017-09-02,train,1,120,9,5
161,2017-09-11,train,1,120,17,9
161,2017-09-15,train,1,120,6,4
161,2017-09-22,train,1,120,4,4
161,2017-09-29,train,1,120,17,8
161,2017-10-03,validation,1,120,9,5
161,2017-10-05,validation,1,120,3,3
161,2017-10-06,validation,1,120,7,4
161,2017-10-07,validation,1,120,3,1
161,2017-10-09,validation,1,120,23,12
161,2017-10-10,validation,1,120,2,1
161,2017-10-12,validation,1,120,1,1
161,2017-10-14,validation,1,120,4,3
161,2017-10-16,validation,1,120,14,6
161,2017-10-17,validation,1,120,7,4
161,2017-10-18,validation,1,120,8,4
161,2017-10-20,validation,1,120,2,2
161,2017-10-21,validation,1,120,4,2
161,2017-10-23,validation,1,120,21,10
161,2017-10-25,validation,1,120,8,3
161,2017-10-26,validation,1,120,7,1
161,2017-10-27,validation,1,120,7,3
161,2017-10-28,validation,1,120,3,2
161,2017-10-29,validation,1,120,16,8
161,2017-11-01,test,1,120,4,4
161,2017-11-03,test,1,120,4,2
161,2017-11-04,test,1,120,4,3
161,2017-11-06,test,1,120,19,9
161,2017-11-07,test,1,120,17,5
161,2017-11-08,test,1,120,7,3
161,2017-11-09,test,1,120,8,4
161,2017-11-10,test,1,120,12,5
161,2017-11-11,test,1,120,35,10
161,2017-11-12,test,1,120,1,1
161,2017-11-13,test,1,120,8,4
161,2017-11-14,test,1,120,10,6
161,2017-11-15,test,1,120,10,4
161,2017-11-20,test,1,120,32,5
161,2017-11-21,test,1,120,2,2
161,2017-11-23,test,1,120,9,4
161,2017-11-24,test,1,120,6,2
161,2017-11-26,test,1,120,5,5
161,2017-11-27,test,1,120,13,9
161,2017-11-29,test,1,120,8,4
161,2017-12-02,test,1,120,2,1
161,2017-12-03,test,1,120,6,2
161,2017-12-05,test,1,120,15,8
161,2017-12-07,test,1,120,3,0
161,2017-12-08,test,1,120,2,2
161,2017-12-09,test,1,120,21,9
161,2017-12-11,test,1,120,4,3
161,2017-12-12,test,1,120,7,4
161,2017-12-13,test,1,120,7,7
161,2017-12-15,test,1,120,13,11
161,2017-12-18,test,1,120,5,2
161,2017-12-20,test,1,120,12,8
161,2017-12-24,test,1,120,3,0
161,2017-12-27,test,1,120,25,4
161,2017-12-29,test,1,120,23,16
161,2017-12-30,test,1,120,2,2
161,2017-12-31,test,1,120,2,1
1612,2017-04-04,train,1,120,48,18
1612,2017-04-18,train,1,120,27,8
1612,2017-05-19,train,1,120,50,16
1612,2017-06-01,train,1,120,27,12
1612,2017-06-18,train,1,120,29,8
1612,2017-07-08,train,1,120,40,7
1612,2017-07-23,train,1,120,9,2
1612,2017-08-14,train,1,120,36,16
1612,2017-09-16,train,1,120,18,8
1612,2017-10-03,validation,1,120,6,1
1612,2017-10-10,validation,1,120,54,15
1612,2017-10-15,validation,1,120,1,0
1612,2017-10-23,validation,1,120,10,6
1612,2017-10-28,validation,1,120,52,12
1612,2017-11-05,test,1,120,20,4
1612,2017-11-07,test,1,120,20,8
1612,2017-11-10,test,1,120,2,1
1612,2017-12-21,test,1,120,4,0
1612,2017-12-22,test,1,120,17,1
1612,2017-12-23,test,1,120,26,7
1612,2017-12-31,test,1,120,34,7
1614,2017-04-21,train,1,15,3,1
1614,2017-05-13,train,1,19,3,1
1614,2017-06-02,train,1,25,2,2
1614,2017-06-27,train,1,28,3,0
1614,2017-08-04,train,1,33,3,0
1614,2017-08-20,train,1,37,1,0
1614,2017-09-22,train,1,38,1,0
1614,2017-10-06,validation,1,37,1,0
1614,2017-10-27,validation,1,36,3,1
1614,2017-11-07,test,1,37,1,0
1614,2017-11-10,test,1,35,1,0
1614,2017-11-14,test,1,36,2,0
1614,2017-11-21,test,1,34,1,0
1614,2017-11-25,test,1,35,1,0
1614,2017-11-26,test,1,36,1,0
1615,2017-04-20,train,1,25,9,0
1615,2017-06-22,train,1,59,2,0
1615,2017-07-07,train,1,72,6,1
1615,2017-08-23,train,1,74,5,1
1615,2017-10-03,validation,1,68,4,4
1615,2017-10-12,validation,1,68,4,0
1615,2017-10-22,validation,1,66,2,0
1615,2017-11-01,test,1,68,4,0
1615,2017-12-24,test,1,44,3,0
1616,2017-04-21,train,0,25,10,1
1616,2017-05-19,train,1,48,19,2
1616,2017-07-15,train,1,120,20,4
1616,2017-10-12,validation,1,120,38,2
1616,2017-10-22,validation,1,120,13,1
1616,2017-11-06,test,1,120,5,0
1616,2017-11-20,test,1,120,8,1
1616,2017-11-22,test,1,120,24,10
1616,2017-11-28,test,1,120,7,0
1616,2017-12-12,test,1,120,3,1
1616,2017-12-14,test,1,120,29,10
1617,2017-04-21,train,1,120,21,7
1617,2017-05-14,train,1,120,1,0
1617,2017-07-06,train,1,120,4,3
1617,2017-07-31,train,1,120,12,3
1617,2017-08-09,train,1,120,43,19
1617,2017-10-07,validation,1,120,34,14
1617,2017-10-31,validation,1,120,20,5
1617,2017-11-01,test,1,120,1,1
1617,2017-11-03,test,1,120,40,18
1618,2017-04-05,train,1,120,18,8
1618,2017-04-14,train,1,120,16,3
1618,2017-05-14,train,1,120,34,13
1618,2017-06-13,train,1,120,14,8
1618,2017-07-09,train,1,120,16,11
1618,2017-08-05,train,1,120,39,23
1618,2017-08-16,train,1,120,6,4
1618,2017-09-24,train,1,120,10,2
1618,2017-10-11,validation,1,120,12,8
1618,2017-10-18,validation,1,120,5,1
1618,2017-10-21,validation,1,120,25,15
1618,2017-10-31,validation,1,120,28,16
1618,2017-11-05,test,1,120,5,2
1618,2017-11-18,test,1,120,31,15
1618,2017-11-22,test,1,120,4,1
1618,2017-11-26,test,1,120,5,3
1618,2017-12-03,test,1,120,17,10
1618,2017-12-15,test,1,120,49,21
1619,2017-04-18,train,1,102,5,1
1619,2017-04-29,train,1,110,9,0
1619,2017-05-09,train,1,120,2,1
1619,2017-05-24,train,1,120,12,5
1619,2017-06-13,train,1,120,6,4
1619,2017-06-29,train,1,120,3,2
1619,2017-07-17,train,1,120,4,1
1619,2017-07-23,train,1,120,13,4
1619,2017-07-31,train,1,120,13,6
1619,2017-08-15,train,1,120,4,0
1619,2017-08-26,train,1,120,7,3
1619,2017-09-13,train,1,120,6,0
1619,2017-09-23,train,1,120,12,4
1619,2017-10-01,validation,1,120,4,2
1619,2017-10-02,validation,1,120,2,0
1619,2017-10-08,validation,1,120,5,2
1619,2017-10-10,validation,1,120,7,0
1619,2017-10-12,validation,1,120,5,0
1619,2017-10-14,validation,1,120,7,1
1619,2017-10-17,validation,1,120,7,2
1619,2017-10-19,validation,1,120,7,5
1619,2017-10-24,validation,1,120,7,5
1619,2017-11-01,test,1,120,5,3
1619,2017-11-07,test,1,120,7,6
1619,2017-11-10,test,1,120,1,1
1619,2017-11-11,test,1,120,11,5
1619,2017-11-14,test,1,120,5,3
1619,2017-11-21,test,1,120,4,2
1619,2017-11-22,test,1,120,3,1
1619,2017-11-27,test,1,120,1,0
1619,2017-12-04,test,1,120,13,7
1619,2017-12-05,test,1,120,4,4
1619,2017-12-09,test,1,120,7,5
1619,2017-12-18,test,1,120,12,6
1619,2017-12-23,test,1,120,23,11
1624,2017-04-30,train,1,11,15,3
1624,2017-05-16,train,1,45,6,2
1624,2017-05-30,train,1,59,13,5
1624,2017-06-18,train,1,83,19,8
1624,2017-07-05,train,1,95,15,10
1624,2017-08-14,train,1,109,3,2
1624,2017-08-27,train,1,120,1,1
1624,2017-09-13,train,1,120,21,10
1624,2017-09-20,train,1,120,13,11
1624,2017-10-02,validation,1,120,2,0
1624,2017-10-05,validation,1,120,1,1
1624,2017-10-07,validation,1,120,4,1
1624,2017-10-09,validation,1,120,10,6
1624,2017-10-16,validation,1,120,5,3
1624,2017-10-23,validation,1,120,5,2
1624,2017-10-28,validation,1,120,2,1
1624,2017-10-31,validation,1,120,7,5
1624,2017-11-03,test,1,120,1,1
1624,2017-11-04,test,1,120,2,1
1624,2017-11-06,test,1,120,6,5
1624,2017-11-29,test,1,120,4,2
1624,2017-12-02,test,1,120,12,2
1624,2017-12-04,test,1,120,12,6
1624,2017-12-09,test,1,120,9,2
1624,2017-12-16,test,1,120,3,2
1624,2017-12-17,test,1,120,1,1
1624,2017-12-18,test,1,120,11,8
1625,2017-05-20,train,0,13,4,2
1625,2017-06-04,train,1,19,2,0
1625,2017-07-01,train,1,25,3,2
1625,2017-09-19,train,1,31,2,1
1625,2017-10-02,validation,1,32,3,1
1625,2017-10-20,validation,1,34,2,1
1625,2017-10-24,validation,1,35,1,1
1625,2017-10-28,validation,1,34,7,0
1625,2017-10-31,validation,1,41,4,0
1625,2017-11-02,test,1,45,5,1
1625,2017-11-10,test,1,49,9,2
1625,2017-11-12,test,1,49,12,0
1625,2017-11-26,test,1,59,8,2
1625,2017-11-28,test,1,65,3,1
1625,2017-12-01,test,1,65,47,5
1625,2017-12-12,test,1,103,5,2
1630,2017-04-07,train,1,120,14,8
1630,2017-04-14,train,1,120,12,6
1630,2017-04-28,train,1,120,13,6
1630,2017-05-05,train,1,120,15,9
1630,2017-05-19,train,1,120,24,11
1630,2017-05-28,train,1,120,7,5
1630,2017-06-08,train,1,120,12,7
1630,2017-06-23,train,1,120,12,6
1630,2017-07-02,train,1,120,1,1
1630,2017-07-14,train,1,120,10,4
1630,2017-07-23,train,1,120,4,3
1630,2017-08-04,train,1,120,7,6
1630,2017-08-13,train,1,120,7,3
1630,2017-08-25,train,1,120,11,7
1630,2017-09-02,train,1,120,1,0
1630,2017-09-14,train,1,120,10,4
1630,2017-09-22,train,1,120,12,6
1630,2017-10-01,validation,1,120,43,8
1630,2017-10-02,validation,1,120,7,1
1630,2017-10-04,validation,1,120,7,0
1630,2017-10-06,validation,1,120,10,6
1630,2017-10-08,validation,1,120,5,3
1630,2017-10-14,validation,1,120,13,7
1630,2017-10-15,validation,1,120,3,2
1630,2017-10-20,validation,1,120,12,4
1630,2017-10-21,validation,1,120,5,4
1630,2017-10-27,validation,1,120,17,10
1630,2017-10-30,validation,1,120,1,0
1630,2017-11-03,test,1,120,8,6
1630,2017-11-05,test,1,120,7,4
1630,2017-11-10,test,1,120,18,9
1630,2017-11-11,test,1,120,1,1
1630,2017-11-12,test,1,120,4,2
1630,2017-11-17,test,1,120,16,11
1630,2017-11-19,test,1,120,9,4
1630,2017-11-23,test,1,120,7,6
1630,2017-11-25,test,1,120,9,5
1630,2017-12-02,test,1,120,8,4
1630,2017-12-03,test,1,120,4,3
1630,2017-12-08,test,1,120,14,8
1630,2017-12-10,test,1,120,3,1
1630,2017-12-15,test,1,120,17,5
1630,2017-12-16,test,1,120,4,2
1630,2017-12-22,test,1,120,5,2
1630,2017-12-29,test,1,120,11,5
1630,2017-12-30,test,1,120,14,4
1633,2017-04-16,train,1,120,49,18
1633,2017-04-30,train,1,120,49,17
1633,2017-05-21,train,1,120,46,23
1633,2017-06-04,train,1,120,24,10
1633,2017-06-25,train,1,120,49,18
1633,2017-07-02,train,1,120,35,18
1633,2017-07-09,train,1,120,36,15
1633,2017-07-23,train,1,120,32,12
1633,2017-08-07,train,1,120,52,16
1633,2017-08-19,train,1,120,2,0
1633,2017-08-28,train,1,120,52,19
1633,2017-09-12,train,1,120,49,19
1633,2017-10-01,validation,1,120,9,5
1633,2017-10-03,validation,1,120,3,0
1633,2017-10-06,validation,1,120,3,0
1633,2017-10-07,validation,1,120,25,12
1633,2017-10-12,validation,1,120,5,0
1633,2017-10-13,validation,1,120,5,1
1633,2017-10-15,validation,1,120,33,19
1633,2017-10-23,validation,1,120,1,0
1633,2017-10-24,validation,1,120,5,0
1633,2017-10-29,validation,1,120,52,19
1633,2017-11-05,test,1,120,31,13
1633,2017-11-06,test,1,120,2,1
1633,2017-11-13,test,1,120,41,14
1633,2017-11-14,test,1,120,4,0
1633,2017-11-15,test,1,120,3,1
1633,2017-11-19,test,1,120,29,11
1633,2017-11-22,test,1,120,5,2
1633,2017-11-26,test,1,120,41,17
1633,2017-12-03,test,1,120,43,16
1633,2017-12-10,test,1,120,52,25
1633,2017-12-15,test,1,120,15,1
1633,2017-12-16,test,1,120,4,1
1633,2017-12-17,test,1,120,48,22
1633,2017-12-22,test,1,120,47,15
1633,2017-12-23,test,1,120,1,1
1633,2017-12-27,test,1,120,4,0
1633,2017-12-30,test,1,120,5,2
1633,2017-12-31,test,1,120,2,1
1634,2017-04-04,train,1,120,7,1
1634,2017-05-31,train,1,120,63,25
1634,2017-07-25,train,1,120,37,11
1634,2017-09-13,train,1,120,6,2
1634,2017-11-08,test,1,120,52,13
1634,2017-11-16,test,1,120,54,19
1634,2017-11-22,test,1,120,45,20
1634,2017-11-29,test,1,120,26,14
1634,2017-12-09,test,1,120,9,2
1634,2017-12-19,test,1,120,1,0
1634,2017-12-30,test,1,120,11,3
1639,2017-04-13,train,1,120,5,4
1639,2017-05-01,train,1,120,5,3
1639,2017-05-11,train,1,120,3,2
1639,2017-06-10,train,1,120,23,4
1639,2017-07-12,train,1,120,13,8
1639,2017-09-09,train,1,120,9,0
1639,2017-10-09,validation,1,120,15,7
1639,2017-10-13,validation,1,120,1,0
1639,2017-11-04,test,1,120,1,0
1639,2017-12-04,test,1,120,1,1
1639,2017-12-06,test,1,120,7,3
1639,2017-12-08,test,1,110,2,1
1639,2017-12-09,test,1,111,21,7
1639,2017-12-27,test,1,120,3,1
1639,2017-12-28,test,1,120,2,1
1639,2017-12-30,test,1,115,5,0
1643,2017-06-10,train,0,86,1,0
1643,2017-08-18,train,1,52,18,1
1643,2017-09-05,train,1,74,30,0
1643,2017-10-03,validation,1,106,30,3
1643,2017-11-04,test,1,120,4,1
1643,2017-11-10,test,1,120,19,3
1643,2017-11-18,test,1,120,2,0
1643,2017-11-23,test,1,120,10,0
1643,2017-12-23,test,1,120,6,0
1646,2017-06-16,train,1,19,3,0
1646,2017-09-19,train,1,10,4,1
1646,2017-10-14,validation,1,11,26,0
1658,2017-04-14,train,1,40,34,12
1658,2017-05-12,train,1,71,3,1
1658,2017-09-04,train,1,54,18,6
1658,2017-10-01,validation,1,89,13,10
1658,2017-10-08,validation,1,92,1,1
1658,2017-10-14,validation,1,66,1,1
1658,2017-10-21,validation,1,66,22,8
1658,2017-11-05,test,1,72,8,3
1658,2017-11-11,test,1,75,7,3
1658,2017-11-22,test,1,75,1,1
1658,2017-12-10,test,1,75,3,1
1658,2017-12-29,test,1,77,4,2
1658,2017-12-30,test,1,79,21,10
1658,2017-12-31,test,1,90,3,2
1659,2017-04-01,train,1,120,7,0
1659,2017-04-12,train,1,120,4,0
1659,2017-04-24,train,1,120,5,3
1659,2017-05-02,train,1,120,10,3
1659,2017-05-19,train,1,120,24,8
1659,2017-06-03,train,1,120,5,2
1659,2017-06-11,train,1,120,3,0
1659,2017-06-16,train,1,120,10,2
1659,2017-06-24,train,1,120,8,6
1659,2017-07-06,train,1,120,7,6
1659,2017-07-25,train,1,120,15,2
1659,2017-08-13,train,1,120,27,6
1659,2017-08-24,train,1,120,15,9
1659,2017-09-03,train,1,120,4,0
1659,2017-09-22,train,1,120,13,4
1659,2017-09-26,train,1,120,5,0
1659,2017-10-01,validation,1,120,4,4
1659,2017-10-02,validation,1,120,9,3
1659,2017-10-06,validation,1,120,32,11
1659,2017-10-12,validation,1,120,8,5
1659,2017-10-15,validation,1,120,4,2
1659,2017-10-16,validation,1,120,8,4
1659,2017-10-20,validation,1,120,8,3
1659,2017-10-23,validation,1,120,2,0
1659,2017-10-29,validation,1,120,4,3
1659,2017-11-02,test,1,120,8,6
1659,2017-11-03,test,1,120,3,0
1659,2017-11-04,test,1,120,4,2
1659,2017-11-06,test,1,120,25,9
1659,2017-11-08,test,1,120,6,3
1659,2017-11-10,test,1,120,10,3
1659,2017-11-12,test,1,120,9,3
1659,2017-11-13,test,1,120,3,1
1659,2017-11-22,test,1,120,20,7
1659,2017-11-27,test,1,120,5,2
1659,2017-12-02,test,1,120,1,0
1659,2017-12-03,test,1,120,23,6
1659,2017-12-06,test,1,120,12,5
1659,2017-12-07,test,1,120,3,1
1659,2017-12-09,test,1,120,6,0
1659,2017-12-11,test,1,120,28,15
1659,2017-12-14,test,1,120,1,0
1661,2017-04-03,train,0,13,5,0
1661,2017-05-05,train,1,21,8,1
1661,2017-05-14,train,1,44,6,2
1661,2017-09-18,train,1,56,7,2
1661,2017-11-11,test,1,36,10,0
1661,2017-11-20,test,1,46,23,2
1661,2017-11-21,test,1,67,8,1
1661,2017-12-11,test,1,74,14,4
1662,2017-04-03,train,1,120,28,10
1662,2017-05-12,train,1,120,58,19
1662,2017-06-08,train,1,120,2,0
1662,2017-07-09,train,1,120,77,24
1662,2017-07-18,train,1,120,27,12
1662,2017-08-05,train,1,120,3,0
1662,2017-08-27,train,1,120,27,7
1662,2017-09-15,train,1,120,30,5
1662,2017-10-08,validation,1,120,79,23
1662,2017-10-19,validation,1,120,33,16
1662,2017-10-24,validation,1,120,12,2
1662,2017-10-31,validation,1,120,54,25
1662,2017-11-03,test,1,120,20,6
1662,2017-11-08,test,1,120,23,12
1662,2017-11-16,test,1,120,45,17
1662,2017-11-20,test,1,120,12,5
1662,2017-12-04,test,1,120,4,2
1662,2017-12-08,test,1,120,46,12
1662,2017-12-15,test,1,120,21,6
1663,2017-05-10,train,0,7,2,0
1663,2017-07-07,train,1,11,1,0
1663,2017-07-16,train,1,20,1,0
1663,2017-07-26,train,1,25,2,1
1663,2017-08-07,train,1,27,1,0
1663,2017-08-22,train,1,28,4,0
1663,2017-09-06,train,1,33,2,0
1663,2017-09-14,train,1,39,1,1
1663,2017-10-02,validation,1,39,5,4
1663,2017-10-08,validation,1,40,6,4
1663,2017-10-09,validation,1,42,1,0
1663,2017-10-13,validation,1,43,3,0
1663,2017-10-18,validation,1,46,1,0
1663,2017-10-31,validation,1,43,1,0
1663,2017-11-10,test,1,42,1,0
1663,2017-11-13,test,1,43,1,0
1663,2017-11-15,test,1,44,1,0
1663,2017-11-18,test,1,45,3,1
1663,2017-12-05,test,1,47,1,0
1663,2017-12-07,test,1,48,2,0
1663,2017-12-08,test,1,50,1,0
1663,2017-12-12,test,1,51,1,0
1663,2017-12-17,test,1,49,1,0
1665,2017-08-19,train,1,9,13,0
1665,2017-09-17,train,1,23,4,0
1665,2017-09-24,train,1,39,5,0
1665,2017-10-04,validation,1,50,2,0
1665,2017-10-10,validation,1,52,5,3
1665,2017-10-11,validation,1,54,6,2
1665,2017-10-23,validation,1,55,3,0
1665,2017-11-06,test,1,58,4,3
1665,2017-11-13,test,1,59,2,0
1665,2017-11-18,test,1,61,12,1
1665,2017-11-22,test,1,72,3,0
1665,2017-11-27,test,1,75,3,2
1665,2017-11-28,test,1,76,4,1
1665,2017-11-30,test,1,79,5,0
1665,2017-12-06,test,1,84,5,1
1665,2017-12-14,test,1,88,3,1
1665,2017-12-23,test,1,90,2,0
1665,2017-12-26,test,1,92,5,2
1665,2017-12-30,test,1,95,2,0
167,2017-05-16,train,0,36,1,0
167,2017-08-12,train,1,46,32,5
167,2017-10-06,validation,1,80,29,5
167,2017-10-23,validation,1,103,38,10
167,2017-11-19,test,1,115,19,3
1670,2017-08-22,train,0,10,3,0
1670,2017-09-16,train,1,12,2,0
1671,2017-05-26,train,0,49,1,0
1671,2017-07-26,train,1,80,10,0
1671,2017-08-14,train,1,89,42,7
1671,2017-10-28,validation,1,86,9,3
1671,2017-12-02,test,1,91,26,5
1673,2017-04-11,train,1,120,7,1
1673,2017-05-15,train,1,120,4,1
1673,2017-06-18,train,1,120,14,2
1673,2017-07-11,train,1,120,8,1
1673,2017-11-15,test,1,120,10,0
1673,2017-11-18,test,1,120,27,1
1673,2017-11-24,test,1,120,2,0
1673,2017-11-30,test,1,120,11,1
1673,2017-12-16,test,1,120,15,2
1680,2017-05-05,train,1,77,7,2
1680,2017-06-15,train,1,120,1,1
1680,2017-06-27,train,1,120,4,1
1680,2017-07-17,train,1,120,1,0
1680,2017-08-01,train,1,120,11,2
1680,2017-08-24,train,1,120,11,1
1680,2017-09-02,train,1,120,2,0
1680,2017-09-21,train,1,120,6,1
1680,2017-10-11,validation,1,120,18,7
1680,2017-10-19,validation,1,120,32,6
1680,2017-10-21,validation,1,120,4,1
1680,2017-10-31,validation,1,120,14,1
1680,2017-11-08,test,1,120,3,3
1681,2017-04-16,train,1,120,6,5
1681,2017-04-23,train,1,120,12,6
1681,2017-08-25,train,1,87,54,8
1681,2017-09-10,train,1,120,5,4
1681,2017-10-01,validation,1,110,16,8
1681,2017-10-08,validation,1,113,12,7
1681,2017-10-15,validation,1,113,8,2
1681,2017-10-22,validation,1,110,10,4
1681,2017-10-29,validation,1,109,8,4
1681,2017-11-05,test,1,108,14,6
1681,2017-11-12,test,1,116,7,3
1681,2017-11-20,test,1,120,7,6
1681,2017-11-26,test,1,120,13,4
1681,2017-12-03,test,1,120,8,3
1681,2017-12-10,test,1,120,6,4
1681,2017-12-26,test,1,120,6,4
1683,2017-04-05,train,1,31,3,0
1683,2017-04-24,train,1,36,2,0
1683,2017-05-19,train,1,80,3,1
1683,2017-05-30,train,1,97,2,0
1683,2017-07-27,train,1,100,3,1
1683,2017-09-21,train,1,97,1,0
1683,2017-10-09,validation,1,105,7,1
1683,2017-10-16,validation,1,109,1,0
1683,2017-10-31,validation,1,69,9,1
1683,2017-11-07,test,1,77,1,1
1683,2017-11-10,test,1,77,34,2
1683,2017-11-19,test,1,97,10,1
1683,2017-12-04,test,1,97,1,0
1683,2017-12-11,test,1,98,5,0
1683,2017-12-23,test,1,103,1,0
1683,2017-12-24,test,1,104,3,1
1686,2017-04-13,train,1,52,3,2
1686,2017-05-03,train,1,56,3,0
1686,2017-05-18,train,1,70,6,5
1686,2017-06-01,train,1,87,4,3
1686,2017-06-26,train,1,91,3,2
1686,2017-07-20,train,1,96,6,4
1686,2017-08-10,train,1,89,6,4
1686,2017-09-01,train,1,91,7,1
1686,2017-09-25,train,1,91,2,1
1686,2017-10-05,validation,1,90,5,3
1686,2017-10-06,validation,1,92,4,0
1686,2017-10-12,validation,1,95,5,4
1686,2017-10-19,validation,1,96,2,0
1686,2017-10-26,validation,1,97,4,2
1686,2017-10-31,validation,1,98,11,4
1686,2017-11-09,test,1,96,5,1
1686,2017-11-10,test,1,100,26,6
1686,2017-11-16,test,1,118,9,6
1686,2017-11-20,test,1,120,1,0
1686,2017-11-22,test,1,114,5,0
1686,2017-11-30,test,1,113,4,1
1686,2017-12-09,test,1,116,2,2
1686,2017-12-14,test,1,114,10,4
1686,2017-12-19,test,1,116,2,1
1686,2017-12-23,test,1,117,4,2
1686,2017-12-28,test,1,118,2,2
1686,2017-12-29,test,1,118,8,2
1688,2017-04-17,train,0,22,1,1
1688,2017-05-07,train,1,36,1,1
1688,2017-05-16,train,1,56,2,1
1688,2017-07-04,train,1,73,2,1
1688,2017-07-27,train,1,105,36,17
1688,2017-09-03,train,1,120,6,3
1688,2017-12-21,test,1,100,23,3
1688,2017-12-28,test,1,111,11,3
1690,2017-04-05,train,1,28,6,1
1690,2017-06-11,train,1,38,4,1
1690,2017-09-30,train,1,29,17,1
1690,2017-10-03,validation,1,40,21,2
1690,2017-10-17,validation,1,59,6,1
1690,2017-10-19,validation,1,64,13,2
1690,2017-11-07,test,1,70,15,2
1690,2017-11-08,test,1,83,12,1
1690,2017-11-10,test,1,94,25,2
1690,2017-11-22,test,1,117,6,0
1690,2017-11-28,test,1,120,4,1
1690,2017-12-07,test,1,120,10,3
1690,2017-12-17,test,1,120,7,3
1690,2017-12-20,test,1,120,2,2
1692,2017-04-03,train,1,120,19,6
1692,2017-04-23,train,1,120,5,3
1692,2017-06-13,train,1,120,14,1
1692,2017-07-04,train,1,120,23,4
1692,2017-07-11,train,1,120,1,0
1692,2017-07-26,train,1,120,11,1
1692,2017-08-09,train,1,120,4,0
1692,2017-08-26,train,1,120,4,1
1692,2017-09-04,train,1,120,4,0
1692,2017-09-15,train,1,120,5,0
1692,2017-10-03,validation,1,120,6,1
1692,2017-10-17,validation,1,120,1,0
1692,2017-11-03,test,1,120,13,2
1692,2017-11-09,test,1,120,1,0
1692,2017-11-10,test,1,120,7,2
1692,2017-11-12,test,1,120,4,1
1692,2017-11-18,test,1,120,5,0
1692,2017-11-26,test,1,120,12,5
1692,2017-11-28,test,1,120,13,1
1692,2017-12-03,test,1,120,1,0
1692,2017-12-06,test,1,120,21,4
1692,2017-12-11,test,1,120,4,1
1692,2017-12-26,test,1,120,42,8
1695,2017-04-07,train,1,28,1,0
1695,2017-05-02,train,1,31,5,0
1695,2017-06-11,train,1,36,4,0
1695,2017-06-30,train,1,48,6,2
1695,2017-07-31,train,1,51,1,1
1695,2017-08-10,train,1,54,2,1
1695,2017-09-05,train,1,50,2,0
1695,2017-09-20,train,1,50,1,0
1695,2017-09-30,train,1,53,1,1
1695,2017-10-01,validation,1,53,2,0
1695,2017-10-03,validation,1,55,5,0
1695,2017-10-11,validation,1,59,3,1
1695,2017-10-12,validation,1,61,2,0
1695,2017-10-23,validation,1,63,1,0
1695,2017-10-25,validation,1,64,5,0
1695,2017-10-29,validation,1,68,1,0
1695,2017-10-31,validation,1,66,2,0
1695,2017-11-01,test,1,68,2,0
1695,2017-11-05,test,1,70,1,1
1695,2017-11-14,test,1,70,2,1
1695,2017-11-15,test,1,71,1,0
1695,2017-11-20,test,1,71,1,0
1695,2017-11-29,test,1,72,1,1
1695,2017-12-05,test,1,72,1,0
1695,2017-12-28,test,1,61,1,0
1697,2017-05-05,train,1,34,28,3
1697,2017-07-29,train,1,60,5,1
1697,2017-08-23,train,1,66,2,1
1697,2017-09-04,train,1,71,9,3
1697,2017-09-25,train,1,78,9,1
1697,2017-10-11,validation,1,78,5,4
1697,2017-10-14,validation,1,79,39,5
1697,2017-10-21,validation,1,113,5,2
1697,2017-12-17,test,1,95,4,4
1697,2017-12-24,test,1,95,3,0
1697,2017-12-29,test,1,90,4,3
1699,2017-06-07,train,0,49,5,0
1699,2017-06-28,train,1,68,25,7
1699,2017-09-08,train,1,94,1,1
1699,2017-10-02,validation,1,70,17,5
1699,2017-10-13,validation,1,82,12,7
1699,2017-11-05,test,1,87,9,0
1699,2017-11-14,test,1,96,1,1
1699,2017-12-01,test,1,80,2,1
170,2017-06-21,train,0,18,10,1
170,2017-07-10,train,1,59,7,3
170,2017-07-26,train,1,94,10,2
170,2017-08-14,train,1,120,24,3
170,2017-08-21,train,1,120,25,6
170,2017-09-28,train,1,120,17,3
170,2017-10-03,validation,1,120,14,4
170,2017-10-12,validation,1,120,27,4
170,2017-10-19,validation,1,120,6,1
170,2017-10-28,validation,1,120,45,9
170,2017-10-30,validation,1,120,5,3
170,2017-11-29,test,1,120,35,11
1700,2017-07-10,train,0,74,18,5
1700,2017-09-25,train,1,94,20,5
1700,2017-10-05,validation,1,109,37,10
1700,2017-10-19,validation,1,120,28,6
1700,2017-11-06,test,1,120,20,4
1700,2017-11-13,test,1,120,3,1
1700,2017-11-20,test,1,120,59,18
1700,2017-11-26,test,1,120,2,1
1700,2017-12-03,test,1,120,56,8
1713,2017-05-07,train,1,47,18,10
1713,2017-06-24,train,1,65,16,12
1713,2017-08-25,train,1,65,1,0
1713,2017-10-09,validation,1,66,22,10
1713,2017-10-22,validation,1,78,21,14
1713,2017-11-06,test,1,75,16,12
1713,2017-11-18,test,1,79,4,0
1713,2017-12-02,test,1,75,18,12
1713,2017-12-16,test,1,81,18,11
1713,2017-12-22,test,1,85,2,0
1715,2017-06-13,train,1,72,11,0
1715,2017-07-02,train,1,84,6,1
1715,2017-08-28,train,1,59,4,0
1715,2017-11-09,test,1,58,3,0
1715,2017-11-21,test,1,61,26,1
1715,2017-11-26,test,1,86,11,3
1722,2017-04-05,train,1,120,50,13
1722,2017-04-16,train,1,120,2,0
1722,2017-04-23,train,1,120,4,2
1722,2017-05-01,train,1,120,25,8
1722,2017-05-13,train,1,120,3,0
1722,2017-05-28,train,1,120,3,0
1722,2017-06-10,train,1,120,13,1
1722,2017-06-17,train,1,120,17,8
1722,2017-06-29,train,1,120,30,13
1722,2017-07-13,train,1,120,1,0
1722,2017-07-22,train,1,120,6,0
1722,2017-07-25,train,1,120,2,0
1722,2017-08-01,train,1,120,5,1
1722,2017-08-10,train,1,120,18,9
1722,2017-08-31,train,1,120,11,2
1722,2017-09-19,train,1,120,3,0
1722,2017-10-08,validation,1,120,39,26
1722,2017-10-22,validation,1,120,41,22
1722,2017-11-04,test,1,120,39,15
1722,2017-11-19,test,1,120,46,25
1722,2017-11-30,test,1,120,60,21
1722,2017-12-09,test,1,120,34,8
1722,2017-12-19,test,1,120,50,23
1722,2017-12-27,test,1,120,12,3
1723,2017-04-06,train,1,50,7,5
1723,2017-04-28,train,1,57,4,2
1723,2017-05-30,train,1,64,8,6
1723,2017-06-15,train,1,71,10,7
1723,2017-07-03,train,1,78,9,7
1723,2017-07-26,train,1,80,9,6
1723,2017-08-23,train,1,78,7,5
1723,2017-09-01,train,1,86,5,2
1723,2017-09-15,train,1,96,5,1
1723,2017-09-25,train,1,99,8,4
1723,2017-10-03,validation,1,91,4,4
1723,2017-10-10,validation,1,91,5,5
1723,2017-10-13,validation,1,91,9,8
1723,2017-10-17,validation,1,86,2,0
1723,2017-11-11,test,1,85,7,4
1723,2017-11-20,test,1,86,7,3
1723,2017-11-28,test,1,87,9,4
1723,2017-11-29,test,1,92,4,3
1723,2017-12-01,test,1,93,11,6
1723,2017-12-06,test,1,95,9,6
1723,2017-12-16,test,1,96,5,4
1730,2017-05-16,train,0,8,6,2
1730,2017-10-19,validation,0,6,1,0
1730,2017-12-30,test,0,1,5,0
1731,2017-04-09,train,1,92,13,3
1731,2017-05-24,train,1,108,5,1
1731,2017-07-06,train,1,120,53,4
1731,2017-10-23,validation,1,80,44,3
1731,2017-10-24,validation,1,120,16,4
1731,2017-12-08,test,1,120,23,2
1731,2017-12-14,test,1,120,41,12
1731,2017-12-22,test,1,120,14,1
1731,2017-12-24,test,1,120,12,1
1731,2017-12-26,test,1,120,3,1
1731,2017-12-27,test,1,120,57,10
1738,2017-04-27,train,1,63,5,4
1738,2017-05-18,train,1,77,6,1
1738,2017-08-03,train,1,72,5,3
1738,2017-09-03,train,1,59,1,0
1738,2017-10-02,validation,1,59,4,0
1738,2017-10-05,validation,1,51,3,0
1738,2017-10-07,validation,1,49,1,0
1738,2017-10-10,validation,1,50,1,1
1738,2017-10-13,validation,1,50,2,0
1738,2017-10-19,validation,1,52,8,3
1738,2017-10-24,validation,1,57,2,0
1738,2017-10-28,validation,1,56,3,2
1738,2017-11-02,test,1,47,7,2
1738,2017-11-14,test,1,49,10,3
1738,2017-11-29,test,1,49,2,2
1738,2017-12-04,test,1,49,4,1
1738,2017-12-21,test,1,52,6,3
1738,2017-12-27,test,1,55,2,1
1739,2017-05-28,train,0,70,1,0
1739,2017-08-02,train,1,30,2,0
1739,2017-09-05,train,1,49,5,0
1739,2017-09-21,train,1,84,17,3
1739,2017-10-20,validation,1,89,19,6
1739,2017-10-21,validation,1,102,2,0
1739,2017-10-27,validation,1,104,5,0
1739,2017-11-02,test,1,109,1,0
1739,2017-11-05,test,1,110,3,0
1739,2017-11-18,test,1,113,20,3
1739,2017-12-08,test,1,120,23,12
1739,2017-12-24,test,1,120,1,0
1739,2017-12-26,test,1,120,7,2
1745,2017-04-15,train,1,119,10,5
1745,2017-04-30,train,1,120,5,5
1745,2017-05-16,train,1,120,10,7
1745,2017-05-20,train,1,120,4,3
1745,2017-05-27,train,1,120,9,5
1745,2017-06-04,train,1,120,10,4
1745,2017-06-12,train,1,120,4,3
1745,2017-07-01,train,1,120,6,4
1745,2017-07-08,train,1,120,5,3
1745,2017-07-22,train,1,120,5,2
1745,2017-08-22,train,1,120,10,5
1745,2017-10-04,validation,1,120,10,3
1745,2017-10-26,validation,1,119,12,3
1745,2017-12-17,test,1,83,3,2
1748,2017-04-04,train,1,120,5,1
1748,2017-05-03,train,1,120,3,2
1748,2017-05-10,train,1,120,7,4
1748,2017-05-22,train,1,120,9,1
1748,2017-06-07,train,1,120,11,6
1748,2017-06-23,train,1,120,7,1
1748,2017-07-01,train,1,120,3,2
1748,2017-07-05,train,1,120,25,3
1748,2017-07-24,train,1,120,2,2
1748,2017-07-30,train,1,120,6,0
1748,2017-08-05,train,1,120,4,2
1748,2017-08-14,train,1,120,12,6
1748,2017-08-22,train,1,120,5,3
1748,2017-08-26,train,1,120,3,0
1748,2017-09-01,train,1,120,2,0
1748,2017-09-09,train,1,120,2,0
1748,2017-09-14,train,1,120,9,3
1748,2017-09-20,train,1,120,1,0
1748,2017-09-24,train,1,120,5,1
1748,2017-09-28,train,1,120,2,2
1748,2017-10-01,validation,1,120,1,1
1748,2017-10-02,validation,1,120,2,1
1748,2017-10-05,validation,1,120,10,9
1748,2017-10-06,validation,1,120,15,2
1748,2017-10-08,validation,1,120,7,2
1748,2017-10-09,validation,1,120,16,4
1748,2017-10-14,validation,1,120,8,2
1748,2017-10-15,validation,1,120,10,1
1748,2017-10-19,validation,1,120,25,6
1748,2017-10-26,validation,1,120,1,0
1748,2017-10-28,validation,1,120,5,1
1748,2017-10-30,validation,1,120,2,1
1748,2017-10-31,validation,1,120,19,12
1748,2017-11-09,test,1,120,2,2
1748,2017-11-10,test,1,120,1,0
1748,2017-11-11,test,1,120,5,3
1748,2017-11-12,test,1,120,2,2
1748,2017-11-16,test,1,120,8,2
1748,2017-11-19,test,1,120,2,1
1748,2017-11-23,test,1,120,4,4
1748,2017-11-27,test,1,120,15,6
1748,2017-11-30,test,1,120,1,1
1748,2017-12-02,test,1,120,1,1
1748,2017-12-03,test,1,120,2,1
1748,2017-12-04,test,1,120,1,1
1748,2017-12-05,test,1,120,13,4
1748,2017-12-07,test,1,120,2,0
1748,2017-12-08,test,1,120,2,2
1748,2017-12-11,test,1,120,27,9
1748,2017-12-12,test,1,120,1,1
1748,2017-12-14,test,1,120,7,2
1748,2017-12-20,test,1,120,1,1
1748,2017-12-21,test,1,120,10,5
1748,2017-12-23,test,1,120,1,1
1748,2017-12-24,test,1,120,13,1
1748,2017-12-26,test,1,120,7,3
175,2017-04-01,train,1,50,15,7
175,2017-04-13,train,1,60,4,2
175,2017-04-30,train,1,62,7,3
175,2017-05-15,train,1,79,15,3
175,2017-06-09,train,1,96,3,1
175,2017-06-27,train,1,116,4,0
175,2017-07-19,train,1,120,4,2
175,2017-07-25,train,1,120,2,1
175,2017-08-02,train,1,120,1,0
175,2017-08-29,train,1,120,16,9
175,2017-10-21,validation,1,120,42,16
175,2017-11-19,test,1,120,10,3
175,2017-12-08,test,1,120,16,9
1751,2017-04-01,train,1,120,9,4
1751,2017-04-16,train,1,120,14,7
1751,2017-04-29,train,1,120,30,8
1751,2017-05-02,train,1,120,8,4
1751,2017-05-06,train,1,120,11,4
1751,2017-05-11,train,1,120,32,4
1751,2017-05-15,train,1,120,6,1
1751,2017-05-21,train,1,120,8,4
1751,2017-05-26,train,1,120,2,0
1751,2017-06-04,train,1,120,36,11
1751,2017-06-13,train,1,120,16,4
1751,2017-06-18,train,1,120,7,3
1751,2017-07-01,train,1,120,15,9
1751,2017-07-09,train,1,120,3,0
1751,2017-07-23,train,1,120,10,5
1751,2017-07-30,train,1,120,2,1
1751,2017-08-08,train,1,120,3,1
1751,2017-08-14,train,1,120,4,3
1751,2017-08-20,train,1,120,10,4
1751,2017-09-03,train,1,120,7,3
1751,2017-09-07,train,1,120,28,13
1751,2017-09-27,train,1,120,19,8
1751,2017-10-03,validation,1,120,8,4
1751,2017-10-07,validation,1,120,13,6
1751,2017-10-08,validation,1,120,4,0
1751,2017-10-09,validation,1,120,10,5
1751,2017-10-10,validation,1,120,7,7
1751,2017-10-17,validation,1,120,11,6
1751,2017-10-19,validation,1,120,6,3
1751,2017-10-29,validation,1,120,1,0
1751,2017-11-04,test,1,120,15,5
1751,2017-11-12,test,1,120,3,2
1751,2017-11-13,test,1,120,10,3
1751,2017-12-02,test,1,120,16,6
1751,2017-12-05,test,1,120,20,10
1751,2017-12-09,test,1,120,23,6
1751,2017-12-16,test,1,120,37,13
1751,2017-12-18,test,1,120,9,4
1751,2017-12-19,test,1,120,6,1
1751,2017-12-20,test,1,120,19,10
1751,2017-12-31,test,1,120,13,4
1754,2017-04-03,train,1,120,22,6
1754,2017-04-22,train,1,120,6,1
1754,2017-05-01,train,1,120,2,1
1754,2017-05-15,train,1,120,15,4
1754,2017-05-31,train,1,120,2,2
1754,2017-06-07,train,1,120,3,0
1754,2017-06-23,train,1,120,5,1
1754,2017-07-02,train,1,120,13,2
1754,2017-07-20,train,1,120,26,10
1754,2017-07-29,train,1,120,2,0
1754,2017-08-15,train,1,120,7,1
1754,2017-08-26,train,1,120,12,2
1754,2017-09-06,train,1,120,13,9
1754,2017-09-14,train,1,120,12,0
1754,2017-09-26,train,1,120,3,3
1754,2017-10-01,validation,1,120,16,3
1754,2017-10-02,validation,1,120,5,3
1754,2017-10-03,validation,1,120,12,0
1754,2017-10-12,validation,1,120,1,1
1754,2017-10-16,validation,1,120,11,5
1754,2017-10-23,validation,1,120,11,6
1754,2017-10-27,validation,1,120,4,0
1754,2017-11-01,test,1,120,10,6
1754,2017-11-07,test,1,120,7,4
1754,2017-11-12,test,1,120,18,6
1754,2017-11-13,test,1,120,7,3
1754,2017-11-14,test,1,120,2,2
1754,2017-11-23,test,1,120,2,1
1754,2017-11-24,test,1,120,3,2
1754,2017-11-27,test,1,120,15,7
1754,2017-11-30,test,1,120,3,1
1754,2017-12-01,test,1,120,1,1
1754,2017-12-02,test,1,120,5,2
1754,2017-12-09,test,1,120,5,2
1754,2017-12-10,test,1,120,3,0
1754,2017-12-16,test,1,120,4,2
1754,2017-12-17,test,1,120,8,3
1754,2017-12-22,test,1,120,17,8
1754,2017-12-28,test,1,120,5,2
1755,2017-07-04,train,0,21,3,0
1755,2017-08-12,train,1,47,5,0
1755,2017-10-16,validation,1,38,4,0
1755,2017-11-27,test,1,42,22,1
1755,2017-12-01,test,1,63,8,0
1755,2017-12-17,test,1,71,3,0
1755,2017-12-18,test,1,74,21,2
1755,2017-12-31,test,1,93,9,0
1758,2017-04-24,train,1,96,36,9
1758,2017-05-11,train,1,120,2,0
1758,2017-05-15,train,1,120,15,2
1758,2017-06-03,train,1,120,11,3
1758,2017-06-24,train,1,120,14,7
1758,2017-07-21,train,1,120,5,2
1758,2017-08-23,train,1,120,40,7
1758,2017-09-09,train,1,120,12,7
1758,2017-10-22,validation,1,120,7,3
1758,2017-11-03,test,1,120,17,5
1758,2017-11-15,test,1,120,3,2
1758,2017-11-22,test,1,120,13,2
1758,2017-11-25,test,1,120,4,0
1758,2017-11-30,test,1,120,3,1
1758,2017-12-03,test,1,120,2,2
1758,2017-12-10,test,1,120,10,5
1758,2017-12-13,test,1,120,3,2
1758,2017-12-15,test,1,120,6,1
1758,2017-12-18,test,1,120,2,0
1758,2017-12-20,test,1,120,5,5
1758,2017-12-24,test,1,120,25,11
1758,2017-12-31,test,1,120,8,5
1761,2017-05-25,train,1,93,18,2
1761,2017-07-06,train,1,120,27,6
1761,2017-09-07,train,1,120,8,1
1761,2017-10-02,validation,1,120,38,3
1761,2017-10-08,validation,1,120,7,1
1761,2017-10-19,validation,1,120,8,3
1761,2017-10-28,validation,1,120,14,3
1761,2017-11-30,test,1,120,10,2
1761,2017-12-07,test,1,120,10,2
1761,2017-12-21,test,1,120,11,2
1763,2017-04-13,train,1,77,8,2
1763,2017-04-30,train,1,90,8,2
1763,2017-05-05,train,1,102,9,2
1763,2017-05-17,train,1,114,2,0
1763,2017-05-22,train,1,120,3,3
1763,2017-05-31,train,1,120,3,1
1763,2017-06-12,train,1,120,4,3
1763,2017-06-18,train,1,120,2,1
1763,2017-07-07,train,1,120,15,4
1763,2017-07-11,train,1,120,4,1
1763,2017-07-21,train,1,120,12,5
1763,2017-07-27,train,1,120,7,0
1763,2017-08-08,train,1,120,2,1
1763,2017-08-18,train,1,120,4,4
1763,2017-08-23,train,1,120,1,1
1763,2017-09-08,train,1,120,6,2
1763,2017-09-11,train,1,120,3,2
1763,2017-09-19,train,1,120,4,2
1763,2017-10-01,validation,1,120,4,1
1763,2017-10-03,validation,1,120,3,1
1763,2017-10-11,validation,1,120,6,3
1763,2017-10-12,validation,1,120,7,3
1763,2017-10-18,validation,1,120,3,1
1763,2017-11-05,test,1,120,2,2
1763,2017-11-10,test,1,120,5,3
1763,2017-11-11,test,1,120,1,1
1763,2017-11-12,test,1,120,9,2
1763,2017-11-15,test,1,120,2,2
1763,2017-11-17,test,1,120,2,1
1763,2017-11-20,test,1,120,8,3
1763,2017-11-23,test,1,120,2,0
1763,2017-11-27,test,1,120,3,2
1763,2017-11-28,test,1,120,6,0
1763,2017-12-05,test,1,120,1,1
1763,2017-12-07,test,1,120,3,2
1763,2017-12-14,test,1,120,2,1
1763,2017-12-18,test,1,120,7,3
1763,2017-12-19,test,1,120,5,4
1763,2017-12-24,test,1,120,20,9
1763,2017-12-31,test,1,120,8,2
1764,2017-04-20,train,1,120,36,12
1764,2017-05-13,train,1,120,20,5
1764,2017-07-01,train,1,120,4,0
1764,2017-07-07,train,1,120,16,5
1764,2017-08-06,train,1,120,33,0
1764,2017-08-24,train,1,120,81,13
1764,2017-09-07,train,1,120,21,8
1764,2017-09-22,train,1,120,16,8
1764,2017-10-01,validation,1,120,22,8
1764,2017-10-05,validation,1,120,34,15
1764,2017-10-09,validation,1,120,12,2
1764,2017-10-10,validation,1,120,14,7
1764,2017-10-18,validation,1,120,29,16
1764,2017-10-20,validation,1,120,16,0
1764,2017-10-23,validation,1,120,37,12
1764,2017-10-24,validation,1,120,3,0
1764,2017-10-27,validation,1,120,22,9
1764,2017-11-01,test,1,120,49,7
1764,2017-11-05,test,1,120,11,2
1764,2017-11-07,test,1,120,4,0
1764,2017-11-08,test,1,120,60,23
1764,2017-11-12,test,1,120,22,5
1764,2017-11-13,test,1,120,4,1
1764,2017-11-16,test,1,120,49,14
1764,2017-11-18,test,1,120,3,0
1764,2017-11-21,test,1,120,38,16
1764,2017-11-26,test,1,120,5,3
1764,2017-12-04,test,1,120,2,1
1764,2017-12-06,test,1,120,67,24
1764,2017-12-14,test,1,120,46,18
1764,2017-12-16,test,1,120,7,0
1764,2017-12-19,test,1,120,1,0
1764,2017-12-21,test,1,120,42,12
1764,2017-12-23,test,1,120,7,4
1764,2017-12-29,test,1,120,58,18
1765,2017-04-19,train,1,120,48,11
1765,2017-05-25,train,1,120,16,6
1765,2017-08-17,train,1,120,6,1
1765,2017-08-29,train,1,120,20,1
1765,2017-09-03,train,1,120,3,1
1765,2017-09-15,train,1,120,1,1
1765,2017-09-22,train,1,120,18,2
1765,2017-10-01,validation,1,120,15,1
1765,2017-10-04,validation,1,120,9,2
1765,2017-10-07,validation,1,120,33,9
1765,2017-10-17,validation,1,120,3,1
1765,2017-10-23,validation,1,120,18,4
1765,2017-10-28,validation,1,120,6,1
1765,2017-11-07,test,1,120,11,3
1765,2017-11-08,test,1,120,6,1
1765,2017-11-15,test,1,120,5,2
1765,2017-11-20,test,1,120,1,0
1765,2017-11-21,test,1,120,3,0
1765,2017-11-25,test,1,120,9,5
1765,2017-11-26,test,1,120,1,1
1765,2017-12-03,test,1,120,10,5
1765,2017-12-15,test,1,120,6,3
1765,2017-12-24,test,1,120,41,9
1766,2017-04-27,train,1,28,16,1
1766,2017-08-04,train,1,50,2,2
1766,2017-10-02,validation,1,39,3,0
1766,2017-11-26,test,1,19,1,0
1766,2017-11-30,test,1,20,20,5
1766,2017-12-02,test,1,35,4,0
1766,2017-12-03,test,1,39,2,0
1766,2017-12-04,test,1,41,14,1
1766,2017-12-10,test,1,41,37,5
1767,2017-04-03,train,1,120,9,3
1767,2017-04-08,train,1,120,26,5
1767,2017-04-15,train,1,120,1,1
1767,2017-04-19,train,1,120,10,2
1767,2017-04-27,train,1,120,104,29
1767,2017-05-06,train,1,120,56,7
1767,2017-05-12,train,1,120,1,1
1767,2017-05-19,train,1,120,3,2
1767,2017-05-31,train,1,120,9,2
1767,2017-06-04,train,1,120,72,13
1767,2017-06-09,train,1,120,2,1
1767,2017-06-16,train,1,120,3,0
1767,2017-06-22,train,1,120,3,1
1767,2017-07-02,train,1,120,3,2
1767,2017-07-11,train,1,120,10,1
1767,2017-07-22,train,1,120,4,0
1767,2017-08-03,train,1,120,2,0
1767,2017-08-20,train,1,120,1,0
1767,2017-09-14,train,1,120,17,6
1767,2017-10-12,validation,1,120,10,3
1767,2017-10-18,validation,1,120,28,8
1767,2017-10-25,validation,1,120,5,1
1767,2017-10-29,validation,1,120,3,2
1767,2017-11-02,test,1,120,8,1
1767,2017-11-04,test,1,120,20,6
1767,2017-11-05,test,1,120,33,3
1767,2017-11-10,test,1,120,11,2
1767,2017-12-10,test,1,120,7,0
1767,2017-12-16,test,1,120,16,1
1767,2017-12-19,test,1,120,8,0
1767,2017-12-26,test,1,120,1,0
1767,2017-12-28,test,1,120,16,4
1769,2017-04-02,train,1,120,6,4
1769,2017-04-22,train,1,120,4,1
1769,2017-05-21,train,1,120,13,4
1769,2017-06-10,train,1,120,26,11
1769,2017-06-14,train,1,120,7,1
1769,2017-07-02,train,1,120,7,4
1769,2017-07-12,train,1,120,13,2
1769,2017-08-03,train,1,120,9,6
1769,2017-08-12,train,1,120,7,1
1769,2017-08-27,train,1,120,9,4
1769,2017-09-03,train,1,120,23,7
1769,2017-09-23,train,1,120,11,2
1769,2017-10-01,validation,1,120,14,5
1769,2017-10-08,validation,1,120,15,10
1769,2017-10-15,validation,1,120,17,4
1769,2017-10-19,validation,1,120,10,4
1769,2017-10-22,validation,1,120,8,3
1769,2017-10-29,validation,1,120,6,2
1769,2017-11-06,test,1,120,12,9
1769,2017-11-11,test,1,120,6,3
1769,2017-11-12,test,1,120,6,2
1769,2017-11-19,test,1,120,5,2
1769,2017-11-22,test,1,120,11,4
1769,2017-11-23,test,1,120,9,3
1769,2017-11-25,test,1,120,2,0
1769,2017-12-16,test,1,120,7,1
1769,2017-12-17,test,1,120,17,5
1769,2017-12-24,test,1,120,26,9
1769,2017-12-31,test,1,120,23,10
1770,2017-04-04,train,1,120,2,1
1770,2017-04-07,train,1,120,3,2
1770,2017-04-13,train,1,120,11,2
1770,2017-04-18,train,1,120,12,9
1770,2017-04-22,train,1,120,6,2
1770,2017-04-25,train,1,120,12,7
1770,2017-05-01,train,1,120,5,2
1770,2017-05-04,train,1,120,5,2
1770,2017-05-09,train,1,120,21,5
1770,2017-05-13,train,1,120,3,2
1770,2017-05-18,train,1,120,1,0
1770,2017-06-20,train,1,120,1,0
1770,2017-09-04,train,1,120,8,2
1770,2017-09-13,train,1,120,11,5
1770,2017-09-30,train,1,120,1,1
1770,2017-10-01,validation,1,120,3,1
1770,2017-10-03,validation,1,120,4,1
1770,2017-10-04,validation,1,120,1,1
1770,2017-10-07,validation,1,120,2,1
1770,2017-10-11,validation,1,120,15,2
1770,2017-10-17,validation,1,120,2,0
1770,2017-10-18,validation,1,120,1,0
1770,2017-10-24,validation,1,120,9,0
1770,2017-10-26,validation,1,120,10,4
1770,2017-10-30,validation,1,120,13,1
1770,2017-11-11,test,1,107,2,1
1770,2017-11-12,test,1,99,2,0
1770,2017-11-14,test,1,99,18,7
1770,2017-11-25,test,1,103,2,0
1770,2017-11-27,test,1,105,2,1
1770,2017-11-28,test,1,106,1,0
1770,2017-12-03,test,1,107,5,2
1770,2017-12-12,test,1,110,2,2
1770,2017-12-14,test,1,109,12,3
1770,2017-12-17,test,1,118,5,1
1770,2017-12-21,test,1,120,16,6
1770,2017-12-27,test,1,120,22,4
1770,2017-12-30,test,1,120,1,0
1772,2017-04-07,train,1,105,12,9
1772,2017-04-24,train,1,110,17,13
1772,2017-06-03,train,1,118,23,10
1772,2017-07-22,train,1,119,2,2
1772,2017-08-13,train,1,99,2,0
1772,2017-09-03,train,1,104,14,6
1772,2017-09-26,train,1,104,18,10
1772,2017-12-03,test,1,69,21,7
1775,2017-04-10,train,1,120,22,7
1775,2017-04-15,train,1,120,44,2
1775,2017-04-25,train,1,120,13,4
1775,2017-05-05,train,1,120,17,6
1775,2017-05-15,train,1,120,24,8
1775,2017-05-26,train,1,120,8,3
1775,2017-06-11,train,1,120,24,13
1775,2017-06-21,train,1,120,24,12
1775,2017-07-08,train,1,120,4,3
1775,2017-07-15,train,1,120,28,8
1775,2017-07-31,train,1,120,43,16
1775,2017-08-11,train,1,120,21,4
1775,2017-08-29,train,1,120,4,2
1775,2017-09-06,train,1,120,11,8
1775,2017-09-19,train,1,120,4,2
1775,2017-09-28,train,1,120,9,5
1775,2017-10-01,validation,1,120,28,10
1775,2017-10-02,validation,1,120,9,3
1775,2017-10-07,validation,1,120,3,2
1775,2017-10-08,validation,1,120,43,20
1775,2017-10-09,validation,1,120,9,1
1775,2017-10-16,validation,1,120,20,8
1775,2017-10-22,validation,1,120,23,10
1775,2017-10-31,validation,1,120,10,6
1775,2017-11-05,test,1,120,34,20
1775,2017-11-08,test,1,120,9,3
1775,2017-11-09,test,1,120,1,1
1775,2017-11-13,test,1,120,4,1
1775,2017-11-14,test,1,120,4,2
1775,2017-11-19,test,1,120,17,7
1775,2017-11-21,test,1,120,8,1
1775,2017-11-22,test,1,120,14,5
1775,2017-12-01,test,1,120,47,15
1775,2017-12-02,test,1,120,1,1
1775,2017-12-07,test,1,120,3,1
1775,2017-12-10,test,1,120,36,11
1775,2017-12-17,test,1,120,19,9
1781,2017-05-11,train,1,120,2,0
1781,2017-05-21,train,1,120,26,0
1781,2017-07-04,train,1,120,4,0
1781,2017-07-13,train,1,120,11,1
1781,2017-07-30,train,1,120,8,2
1781,2017-09-15,train,1,120,13,5
1781,2017-10-05,validation,1,120,30,9
1781,2017-10-06,validation,1,120,1,1
1781,2017-10-10,validation,1,120,2,2
1781,2017-10-22,validation,1,120,10,5
1781,2017-11-07,test,1,120,3,2
1781,2017-12-11,test,1,120,2,0
1783,2017-04-27,train,0,71,5,0
1783,2017-05-07,train,1,91,62,10
1783,2017-06-07,train,1,120,11,2
1783,2017-06-29,train,1,120,14,9
1783,2017-08-01,train,1,120,39,10
1783,2017-08-29,train,1,120,5,0
1783,2017-09-20,train,1,120,12,5
1783,2017-10-07,validation,1,120,45,17
1783,2017-11-05,test,1,120,61,18
1783,2017-11-13,test,1,120,6,2
1783,2017-11-15,test,1,120,8,0
1783,2017-11-19,test,1,120,36,17
1783,2017-12-06,test,1,120,41,17
1783,2017-12-19,test,1,120,26,14
1783,2017-12-31,test,1,120,2,1
1785,2017-04-29,train,1,81,48,9
1785,2017-06-27,train,1,120,3,0
1785,2017-07-16,train,1,120,2,0
1785,2017-08-04,train,1,120,2,1
1785,2017-08-15,train,1,120,10,0
1785,2017-09-07,train,1,120,10,4
1785,2017-09-27,train,1,120,4,1
1785,2017-10-03,validation,1,120,1,0
1785,2017-10-08,validation,1,120,3,2
1785,2017-10-22,validation,1,120,10,6
1785,2017-11-04,test,1,120,7,0
1785,2017-11-20,test,1,120,1,0
1785,2017-11-21,test,1,120,1,0
1785,2017-11-22,test,1,120,6,1
1785,2017-11-29,test,1,120,8,2
1785,2017-12-01,test,1,120,24,7
1785,2017-12-07,test,1,120,8,3
1785,2017-12-08,test,1,120,1,0
1785,2017-12-15,test,1,120,19,8
1785,2017-12-18,test,1,120,11,5
1785,2017-12-19,test,1,120,2,1
1785,2017-12-20,test,1,120,4,0
1785,2017-12-23,test,1,120,19,6
1785,2017-12-28,test,1,120,5,0
1788,2017-04-05,train,1,120,28,14
1788,2017-05-01,train,1,120,1,0
1788,2017-05-28,train,1,120,3,0
1788,2017-06-09,train,1,120,2,2
1788,2017-06-19,train,1,120,10,3
1788,2017-06-28,train,1,120,5,2
1788,2017-07-10,train,1,120,2,1
1788,2017-07-19,train,1,120,3,1
1788,2017-07-30,train,1,120,45,23
1788,2017-08-20,train,1,120,13,5
1788,2017-09-09,train,1,120,4,1
1788,2017-09-25,train,1,120,35,16
1788,2017-10-01,validation,1,120,3,0
1788,2017-10-08,validation,1,120,50,21
1788,2017-10-16,validation,1,120,8,3
1788,2017-10-23,validation,1,120,1,0
1788,2017-10-24,validation,1,120,40,19
1788,2017-10-29,validation,1,120,12,0
1788,2017-11-07,test,1,120,43,26
1788,2017-11-08,test,1,120,8,4
1788,2017-11-11,test,1,120,9,2
1788,2017-11-16,test,1,120,9,2
1788,2017-11-18,test,1,120,63,16
1788,2017-11-19,test,1,120,2,0
1788,2017-11-22,test,1,120,1,0
1788,2017-11-25,test,1,120,4,1
1788,2017-12-03,test,1,120,51,26
1788,2017-12-13,test,1,120,7,3
1788,2017-12-18,test,1,120,37,24
1788,2017-12-28,test,1,120,3,1
1793,2017-05-31,train,1,104,17,4
1793,2017-07-04,train,1,115,31,3
1793,2017-07-25,train,1,120,18,6
1793,2017-09-09,train,1,120,1,0
1793,2017-10-08,validation,1,120,16,5
1793,2017-11-02,test,1,120,66,17
1794,2017-04-13,train,1,83,16,4
1794,2017-04-30,train,1,120,6,2
1794,2017-05-22,train,1,120,1,0
1794,2017-06-20,train,1,120,22,6
1794,2017-07-15,train,1,120,39,12
1794,2017-09-11,train,1,120,9,1
1794,2017-10-11,validation,1,120,15,5
1794,2017-10-18,validation,1,120,17,7
1794,2017-10-22,validation,1,120,17,3
1794,2017-10-29,validation,1,120,8,0
1794,2017-11-12,test,1,120,6,1
1794,2017-11-13,test,1,120,8,2
1794,2017-11-19,test,1,120,37,11
1794,2017-11-26,test,1,120,10,5
1794,2017-12-31,test,1,120,13,2
1799,2017-04-04,train,1,36,10,3
1799,2017-05-23,train,1,49,1,0
1799,2017-07-12,train,1,53,3,1
1799,2017-08-09,train,1,47,3,1
1799,2017-09-23,train,1,37,2,1
1799,2017-10-09,validation,1,32,6,1
1799,2017-10-11,validation,1,31,1,0
1799,2017-10-27,validation,1,32,1,1
1799,2017-10-28,validation,1,32,2,2
1803,2017-04-08,train,1,120,8,3
1803,2017-04-19,train,1,120,3,2
1803,2017-04-26,train,1,120,6,5
1803,2017-05-03,train,1,120,12,6
1803,2017-05-09,train,1,120,9,5
1803,2017-05-20,train,1,120,20,8
1803,2017-06-01,train,1,120,4,3
1803,2017-06-13,train,1,120,4,2
1803,2017-06-24,train,1,120,4,1
1803,2017-07-02,train,1,120,11,6
1803,2017-07-14,train,1,120,1,1
1803,2017-07-22,train,1,120,10,2
1803,2017-08-02,train,1,120,3,2
1803,2017-08-08,train,1,120,7,3
1803,2017-08-18,train,1,120,7,4
1803,2017-08-31,train,1,120,6,3
1803,2017-09-09,train,1,120,2,0
1803,2017-09-20,train,1,120,5,5
1803,2017-10-04,validation,1,120,11,6
1803,2017-10-10,validation,1,120,7,6
1803,2017-10-13,validation,1,120,3,1
1803,2017-10-16,validation,1,120,3,3
1803,2017-10-18,validation,1,120,3,3
1803,2017-10-22,validation,1,120,6,0
1803,2017-10-26,validation,1,120,3,2
1803,2017-10-28,validation,1,120,5,4
1803,2017-11-10,test,1,120,1,0
1803,2017-11-14,test,1,120,19,10
1803,2017-11-19,test,1,120,2,2
1803,2017-11-25,test,1,120,14,7
1803,2017-11-27,test,1,120,2,0
1803,2017-12-01,test,1,120,3,1
1803,2017-12-02,test,1,120,9,2
1803,2017-12-05,test,1,120,16,4
1803,2017-12-07,test,1,120,1,0
1803,2017-12-09,test,1,120,40,8
1803,2017-12-15,test,1,120,16,0
1803,2017-12-16,test,1,120,3,0
1803,2017-12-26,test,1,120,1,0
1803,2017-12-28,test,1,120,3,2
1803,2017-12-29,test,1,120,13,2
1804,2017-04-04,train,1,120,16,4
1804,2017-04-12,train,1,120,6,3
1804,2017-05-02,train,1,120,2,2
1804,2017-05-11,train,1,120,23,9
1804,2017-05-18,train,1,120,13,4
1804,2017-05-27,train,1,120,2,1
1804,2017-06-02,train,1,120,10,5
1804,2017-06-12,train,1,120,14,7
1804,2017-06-21,train,1,120,16,8
1804,2017-06-27,train,1,120,7,3
1804,2017-07-12,train,1,120,11,5
1804,2017-07-21,train,1,120,8,4
1804,2017-07-29,train,1,120,27,8
1804,2017-08-05,train,1,120,1,1
1804,2017-08-12,train,1,120,10,6
1804,2017-08-21,train,1,120,3,0
1804,2017-08-28,train,1,120,3,3
1804,2017-09-06,train,1,120,13,4
1804,2017-09-15,train,1,120,16,5
1804,2017-09-28,train,1,120,13,2
1804,2017-10-07,validation,1,120,18,7
1804,2017-10-17,validation,1,120,20,8
1804,2017-10-24,validation,1,120,2,1
1804,2017-10-28,validation,1,120,17,8
1804,2017-10-29,validation,1,120,23,3
1804,2017-10-30,validation,1,120,7,2
1804,2017-11-03,test,1,120,2,1
1804,2017-11-08,test,1,120,16,5
1804,2017-11-12,test,1,120,1,0
1804,2017-11-20,test,1,120,45,10
1804,2017-11-21,test,1,120,8,1
1804,2017-11-27,test,1,120,7,2
1804,2017-11-30,test,1,120,13,3
1804,2017-12-02,test,1,120,11,5
1804,2017-12-07,test,1,120,19,11
1804,2017-12-08,test,1,120,6,1
1804,2017-12-11,test,1,120,6,4
1804,2017-12-12,test,1,120,45,6
1804,2017-12-16,test,1,120,2,2
1804,2017-12-20,test,1,120,6,0
1804,2017-12-23,test,1,120,2,1
1804,2017-12-28,test,1,120,4,2
1805,2017-05-27,train,1,11,2,0
1805,2017-08-06,train,1,8,1,0
1805,2017-08-20,train,1,12,1,0
1805,2017-10-06,validation,1,11,2,0
1805,2017-10-17,validation,1,13,2,0
1805,2017-10-24,validation,1,15,2,2
1805,2017-11-03,test,1,14,2,2
1805,2017-11-13,test,1,14,1,0
1805,2017-11-27,test,1,13,2,0
1805,2017-12-31,test,1,14,1,0
1806,2017-04-02,train,1,120,14,8
1806,2017-04-22,train,1,120,10,1
1806,2017-05-15,train,1,120,5,1
1806,2017-05-28,train,1,120,51,14
1806,2017-06-16,train,1,120,6,5
1806,2017-06-26,train,1,120,2,0
1806,2017-07-02,train,1,120,5,0
1806,2017-07-20,train,1,120,2,1
1806,2017-07-31,train,1,120,7,3
1806,2017-08-08,train,1,120,2,1
1806,2017-08-31,train,1,120,1,1
1806,2017-09-18,train,1,120,1,1
1806,2017-09-28,train,1,120,1,0
1806,2017-10-02,validation,1,120,61,14
1806,2017-10-07,validation,1,120,37,17
1806,2017-10-13,validation,1,120,1,1
1806,2017-10-30,validation,1,120,3,1
1806,2017-11-01,test,1,120,3,2
1806,2017-11-03,test,1,120,8,4
1806,2017-11-16,test,1,120,16,7
1806,2017-11-22,test,1,120,3,0
1806,2017-11-27,test,1,120,17,10
1806,2017-11-28,test,1,120,2,2
1806,2017-12-05,test,1,120,2,2
1806,2017-12-14,test,1,120,2,1
1806,2017-12-18,test,1,120,16,9
1806,2017-12-24,test,1,120,11,3
1806,2017-12-28,test,1,120,11,6
1815,2017-04-11,train,1,120,18,3
1815,2017-05-14,train,1,120,25,3
1815,2017-06-16,train,1,120,10,3
1815,2017-07-09,train,1,120,25,8
1815,2017-07-21,train,1,120,2,1
1815,2017-08-23,train,1,120,4,0
1815,2017-09-18,train,1,120,32,9
1815,2017-09-26,train,1,120,19,2
1815,2017-10-04,validation,1,120,38,9
1815,2017-10-16,validation,1,120,4,0
1815,2017-10-17,validation,1,120,12,5
1815,2017-10-25,validation,1,120,15,2
1815,2017-10-28,validation,1,120,23,5
1815,2017-10-29,validation,1,120,5,0
1815,2017-11-05,test,1,120,20,6
1815,2017-11-15,test,1,120,9,2
1815,2017-11-22,test,1,120,22,1
1815,2017-11-28,test,1,120,12,3
1815,2017-12-09,test,1,120,15,2
1815,2017-12-13,test,1,120,33,8
1815,2017-12-18,test,1,120,48,11
1815,2017-12-24,test,1,120,3,1
1815,2017-12-30,test,1,120,27,4
1821,2017-04-03,train,1,120,15,4
1821,2017-04-08,train,1,120,1,0
1821,2017-04-29,train,1,120,6,1
1821,2017-05-03,train,1,120,11,7
1821,2017-05-11,train,1,120,26,4
1821,2017-05-16,train,1,120,4,0
1821,2017-05-25,train,1,120,14,2
1821,2017-06-16,train,1,120,11,8
1821,2017-06-29,train,1,120,11,3
1821,2017-07-14,train,1,120,5,0
1821,2017-08-08,train,1,120,15,4
1821,2017-08-21,train,1,120,17,9
1821,2017-09-13,train,1,120,36,9
1821,2017-09-27,train,1,120,26,6
1821,2017-10-06,validation,1,120,52,13
1821,2017-10-12,validation,1,120,27,5
1821,2017-10-19,validation,1,120,4,4
1821,2017-10-22,validation,1,120,23,3
1821,2017-10-24,validation,1,120,5,2
1821,2017-10-30,validation,1,120,10,2
1821,2017-11-04,test,1,120,54,18
1821,2017-11-17,test,1,120,7,0
1821,2017-11-23,test,1,120,19,2
1821,2017-11-26,test,1,120,40,12
1821,2017-11-28,test,1,120,9,0
1821,2017-11-29,test,1,120,3,2
1821,2017-12-09,test,1,120,20,10
1821,2017-12-11,test,1,120,4,0
1821,2017-12-12,test,1,120,9,2
1821,2017-12-18,test,1,120,6,3
1821,2017-12-21,test,1,120,19,4
1821,2017-12-29,test,1,120,34,11
1825,2017-05-14,train,1,45,14,7
1825,2017-07-04,train,1,63,2,0
1825,2017-08-31,train,1,70,28,10
1825,2017-09-29,train,1,95,1,0
1825,2017-11-05,test,1,86,2,1
1829,2017-04-07,train,1,120,5,3
1829,2017-04-11,train,1,120,6,4
1829,2017-04-19,train,1,120,13,9
1829,2017-04-27,train,1,120,5,5
1829,2017-05-01,train,1,120,6,2
1829,2017-05-05,train,1,120,3,2
1829,2017-05-12,train,1,120,1,1
1829,2017-05-17,train,1,120,2,1
1829,2017-05-22,train,1,120,2,2
1829,2017-05-31,train,1,120,6,5
1829,2017-06-06,train,1,120,8,3
1829,2017-06-14,train,1,120,4,2
1829,2017-06-20,train,1,120,11,4
1829,2017-06-23,train,1,120,1,1
1829,2017-07-05,train,1,120,4,4
1829,2017-07-10,train,1,120,15,8
1829,2017-07-22,train,1,120,7,5
1829,2017-07-27,train,1,120,3,1
1829,2017-08-01,train,1,120,6,3
1829,2017-08-08,train,1,120,8,4
1829,2017-08-16,train,1,120,17,10
1829,2017-08-20,train,1,120,3,0
1829,2017-09-02,train,1,120,4,1
1829,2017-09-13,train,1,120,4,3
1829,2017-09-26,train,1,120,10,8
1829,2017-10-02,validation,1,120,2,1
1829,2017-10-03,validation,1,120,7,6
1829,2017-10-07,validation,1,120,6,2
1829,2017-10-08,validation,1,120,6,3
1829,2017-10-15,validation,1,120,8,7
1829,2017-10-18,validation,1,120,6,4
1829,2017-10-23,validation,1,120,1,1
1829,2017-10-24,validation,1,120,1,1
1829,2017-10-25,validation,1,120,8,2
1829,2017-10-27,validation,1,120,5,3
1829,2017-11-05,test,1,120,14,7
1829,2017-11-07,test,1,120,5,2
1829,2017-11-12,test,1,120,12,7
1829,2017-11-15,test,1,120,2,1
1829,2017-11-16,test,1,120,15,6
1829,2017-11-17,test,1,120,4,4
1829,2017-11-20,test,1,120,5,3
1829,2017-11-21,test,1,120,8,3
1829,2017-11-26,test,1,120,5,2
1829,2017-11-27,test,1,120,3,1
1829,2017-12-02,test,1,120,1,1
1829,2017-12-03,test,1,120,13,9
1829,2017-12-06,test,1,120,3,1
1829,2017-12-08,test,1,120,4,1
1829,2017-12-14,test,1,120,6,5
1829,2017-12-18,test,1,120,3,0
1829,2017-12-19,test,1,120,7,7
1829,2017-12-22,test,1,120,10,3
1832,2017-05-29,train,0,14,2,0
1832,2017-07-05,train,1,19,1,0
1832,2017-08-01,train,1,45,1,0
1832,2017-10-01,validation,1,42,1,0
1832,2017-10-03,validation,1,43,3,2
1832,2017-10-20,validation,1,44,2,0
1832,2017-10-24,validation,1,46,4,1
1832,2017-11-07,test,1,49,8,2
1832,2017-11-13,test,1,55,5,1
1832,2017-12-12,test,1,51,10,3
1832,2017-12-19,test,1,57,17,4
1833,2017-04-07,train,1,120,12,3
1833,2017-05-23,train,1,120,12,5
1833,2017-06-16,train,1,120,10,3
1833,2017-07-07,train,1,120,17,8
1833,2017-07-26,train,1,120,8,4
1833,2017-08-05,train,1,120,4,0
1833,2017-08-29,train,1,120,2,2
1833,2017-09-18,train,1,120,31,5
1833,2017-10-09,validation,1,120,45,6
1833,2017-10-25,validation,1,120,2,0
1833,2017-10-31,validation,1,120,6,4
1833,2017-11-11,test,1,120,12,2
1833,2017-11-23,test,1,120,1,0
1833,2017-11-28,test,1,120,2,2
1833,2017-12-04,test,1,120,6,3
1833,2017-12-28,test,1,120,11,0
1833,2017-12-30,test,1,120,3,0
1833,2017-12-31,test,1,120,2,0
1834,2017-04-01,train,1,120,9,1
1834,2017-04-13,train,1,120,46,11
1834,2017-05-01,train,1,120,2,1
1834,2017-05-13,train,1,120,6,0
1834,2017-05-18,train,1,120,4,0
1834,2017-05-23,train,1,120,23,1
1834,2017-05-29,train,1,120,6,2
1834,2017-06-05,train,1,120,6,3
1834,2017-06-16,train,1,120,13,3
1834,2017-06-29,train,1,120,23,10
1834,2017-07-08,train,1,120,10,3
1834,2017-08-05,train,1,120,2,0
1834,2017-08-31,train,1,120,2,0
1834,2017-09-08,train,1,120,8,3
1834,2017-09-28,train,1,120,5,0
1834,2017-10-10,validation,1,120,1,0
1834,2017-10-28,validation,1,120,6,1
1834,2017-11-01,test,1,120,15,8
1834,2017-11-27,test,1,120,13,5
1834,2017-12-14,test,1,120,2,1
1836,2017-04-14,train,1,99,11,4
1836,2017-05-22,train,1,111,2,1
1836,2017-06-29,train,1,119,3,1
1836,2017-07-30,train,1,85,6,5
1836,2017-08-27,train,1,47,25,6
1836,2017-09-16,train,1,69,6,3
1836,2017-10-06,validation,1,71,1,0
1836,2017-10-29,validation,1,67,13,7
1836,2017-11-11,test,1,69,21,5
1836,2017-11-16,test,1,83,3,2
1836,2017-11-29,test,1,78,3,2
1836,2017-11-30,test,1,79,1,1
1836,2017-12-09,test,1,79,13,5
1837,2017-04-21,train,1,120,2,0
1837,2017-05-04,train,1,120,1,0
1837,2017-05-18,train,1,120,1,0
1837,2017-05-27,train,1,120,12,6
1837,2017-06-07,train,1,120,6,6
1837,2017-06-14,train,1,120,1,0
1837,2017-06-24,train,1,120,2,2
1837,2017-06-29,train,1,120,8,7
1837,2017-07-12,train,1,120,4,4
1837,2017-07-19,train,1,120,13,5
1837,2017-07-24,train,1,120,1,1
1837,2017-08-03,train,1,120,1,0
1837,2017-08-11,train,1,120,13,6
1837,2017-08-23,train,1,120,3,2
1837,2017-09-03,train,1,120,1,1
1837,2017-09-14,train,1,120,10,3
1837,2017-09-23,train,1,120,9,2
1837,2017-10-02,validation,1,120,7,0
1837,2017-10-05,validation,1,120,1,1
1837,2017-10-14,validation,1,120,10,4
1837,2017-10-16,validation,1,120,16,9
1837,2017-10-20,validation,1,120,15,7
1837,2017-10-26,validation,1,120,1,1
1837,2017-10-29,validation,1,120,2,1
1837,2017-11-04,test,1,120,5,2
1837,2017-11-05,test,1,120,4,1
1837,2017-11-09,test,1,120,2,2
1837,2017-11-10,test,1,120,4,2
1837,2017-11-12,test,1,120,4,2
1837,2017-11-14,test,1,120,1,1
1837,2017-11-16,test,1,120,4,1
1837,2017-11-21,test,1,120,14,2
1837,2017-11-22,test,1,120,8,1
1837,2017-12-01,test,1,120,18,11
1837,2017-12-04,test,1,120,34,11
1837,2017-12-08,test,1,120,4,3
1837,2017-12-09,test,1,120,14,6
1837,2017-12-15,test,1,120,8,6
1837,2017-12-22,test,1,120,2,0
1837,2017-12-23,test,1,120,3,2
1837,2017-12-27,test,1,120,2,2
1837,2017-12-30,test,1,120,8,6
1841,2017-06-14,train,1,100,15,10
1841,2017-08-04,train,1,103,18,10
1841,2017-09-08,train,1,100,14,9
1841,2017-10-06,validation,1,115,29,10
1841,2017-10-25,validation,1,120,29,11
1841,2017-11-09,test,1,120,34,14
1841,2017-11-30,test,1,120,29,12
1841,2017-12-09,test,1,120,8,4
1841,2017-12-28,test,1,120,28,15
1845,2017-04-18,train,1,120,36,18
1845,2017-05-01,train,1,120,79,29
1845,2017-05-26,train,1,120,16,9
1845,2017-06-20,train,1,120,9,5
1845,2017-07-27,train,1,120,58,25
1845,2017-08-10,train,1,120,39,23
1845,2017-08-24,train,1,120,6,2
1845,2017-09-06,train,1,120,14,11
1845,2017-09-17,train,1,120,13,3
1845,2017-09-20,train,1,120,6,0
1845,2017-10-04,validation,1,120,44,20
1845,2017-10-09,validation,1,120,8,1
1845,2017-10-20,validation,1,120,25,9
1845,2017-10-24,validation,1,120,11,3
1845,2017-11-01,test,1,120,10,3
1845,2017-11-02,test,1,120,6,2
1845,2017-11-05,test,1,120,2,1
1845,2017-11-11,test,1,120,47,24
1845,2017-11-17,test,1,120,4,2
1845,2017-11-24,test,1,120,18,8
1845,2017-11-30,test,1,120,64,22
1845,2017-12-01,test,1,120,4,0
1845,2017-12-05,test,1,120,7,3
1845,2017-12-16,test,1,120,11,5
1845,2017-12-18,test,1,120,3,0
1845,2017-12-21,test,1,120,47,5
1845,2017-12-22,test,1,120,4,1
1845,2017-12-24,test,1,120,2,0
1845,2017-12-26,test,1,120,9,6
1845,2017-12-29,test,1,120,22,14
1845,2017-12-31,test,1,120,45,17
1846,2017-07-12,train,1,71,6,0
1846,2017-08-19,train,1,76,2,0
1846,2017-11-01,test,1,51,4,1
1846,2017-11-15,test,1,26,3,1
1846,2017-12-06,test,1,28,18,1
1846,2017-12-22,test,1,45,16,2
1846,2017-12-31,test,1,59,22,1
1850,2017-04-06,train,1,120,9,3
1850,2017-04-17,train,1,120,11,2
1850,2017-04-24,train,1,120,13,6
1850,2017-05-06,train,1,120,5,2
1850,2017-05-15,train,1,120,5,1
1850,2017-05-20,train,1,120,3,2
1850,2017-05-25,train,1,120,10,5
1850,2017-06-02,train,1,120,18,5
1850,2017-06-09,train,1,120,2,1
1850,2017-06-26,train,1,120,16,3
1850,2017-07-07,train,1,120,7,2
1850,2017-07-14,train,1,120,31,7
1850,2017-07-26,train,1,120,16,2
1850,2017-08-06,train,1,120,1,0
1850,2017-08-14,train,1,120,2,1
1850,2017-09-02,train,1,120,6,4
1850,2017-09-30,train,1,120,3,0
1850,2017-10-04,validation,1,120,15,3
1850,2017-10-16,validation,1,120,15,6
1850,2017-10-22,validation,1,120,11,5
1850,2017-10-29,validation,1,120,33,13
1850,2017-11-03,test,1,120,6,0
1850,2017-11-06,test,1,120,23,4
1850,2017-11-12,test,1,120,16,4
1850,2017-11-14,test,1,120,12,4
1850,2017-11-19,test,1,120,22,6
1850,2017-11-21,test,1,120,3,2
1850,2017-12-01,test,1,120,13,2
1850,2017-12-04,test,1,120,1,0
1850,2017-12-06,test,1,120,25,9
1850,2017-12-08,test,1,120,5,3
1850,2017-12-12,test,1,120,11,3
1850,2017-12-18,test,1,120,8,1
1850,2017-12-19,test,1,120,9,1
1850,2017-12-31,test,1,120,7,4
1851,2017-04-12,train,0,93,35,8
1851,2017-07-02,train,1,120,6,3
1851,2017-07-12,train,1,120,15,1
1851,2017-08-10,train,1,120,13,2
1851,2017-10-02,validation,1,120,21,6
1851,2017-10-14,validation,1,116,14,2
1851,2017-10-29,validation,1,120,3,0
1851,2017-12-18,test,1,115,3,0
1851,2017-12-21,test,1,118,4,0
1854,2017-04-02,train,1,120,2,1
1854,2017-04-14,train,1,120,1,0
1854,2017-05-01,train,1,120,14,9
1854,2017-05-19,train,1,120,8,1
1854,2017-06-03,train,1,120,8,3
1854,2017-06-14,train,1,120,11,6
1854,2017-06-28,train,1,120,2,1
1854,2017-07-04,train,1,120,9,1
1854,2017-07-17,train,1,120,8,3
1854,2017-07-25,train,1,120,26,10
1854,2017-08-05,train,1,120,8,1
1854,2017-08-15,train,1,120,19,10
1854,2017-08-25,train,1,120,9,2
1854,2017-09-06,train,1,120,8,6
1854,2017-09-19,train,1,120,29,10
1854,2017-09-29,train,1,120,17,5
1854,2017-10-01,validation,1,120,6,5
1854,2017-10-09,validation,1,120,4,3
1854,2017-10-14,validation,1,120,5,3
1854,2017-10-21,validation,1,120,18,5
1854,2017-10-22,validation,1,120,1,0
1854,2017-10-24,validation,1,120,12,5
1854,2017-10-27,validation,1,120,14,5
1854,2017-10-31,validation,1,120,3,2
1854,2017-11-04,test,1,120,2,1
1854,2017-11-08,test,1,120,26,12
1854,2017-11-11,test,1,120,2,1
1854,2017-11-14,test,1,120,7,5
1854,2017-11-19,test,1,120,35,13
1854,2017-11-22,test,1,120,23,6
1854,2017-11-29,test,1,120,15,7
1854,2017-12-06,test,1,120,10,8
1854,2017-12-08,test,1,120,3,2
1854,2017-12-10,test,1,120,1,0
1854,2017-12-11,test,1,120,6,5
1854,2017-12-18,test,1,120,4,2
1854,2017-12-21,test,1,120,18,9
1854,2017-12-22,test,1,120,3,2
1854,2017-12-23,test,1,120,27,5
1854,2017-12-27,test,1,120,4,1
1857,2017-04-05,train,1,120,1,0
1857,2017-05-23,train,1,120,5,0
1857,2017-07-18,train,1,120,2,0
1857,2017-08-05,train,1,120,1,0
1857,2017-08-27,train,1,120,6,1
1857,2017-09-12,train,1,120,6,2
1857,2017-09-23,train,1,120,3,2
1857,2017-09-28,train,1,120,3,3
1857,2017-10-06,validation,1,120,2,1
1857,2017-10-16,validation,1,120,9,2
1857,2017-11-17,test,1,120,2,0
1857,2017-11-19,test,1,120,3,1
1857,2017-11-29,test,1,118,2,0
1857,2017-11-30,test,1,72,1,1
1857,2017-12-27,test,1,72,3,1
1858,2017-04-02,train,1,85,25,5
1858,2017-04-21,train,1,120,1,1
1858,2017-05-07,train,1,120,1,1
1858,2017-06-01,train,1,120,45,19
1858,2017-07-04,train,1,120,3,1
1858,2017-08-01,train,1,120,20,11
1858,2017-09-10,train,1,120,47,13
1858,2017-10-01,validation,1,120,34,18
1858,2017-10-11,validation,1,120,6,5
1858,2017-10-23,validation,1,120,7,4
1858,2017-10-28,validation,1,120,15,10
1858,2017-11-17,test,1,120,17,10
1858,2017-12-03,test,1,120,7,4
1858,2017-12-13,test,1,120,27,17
1858,2017-12-21,test,1,120,2,1
1862,2017-04-05,train,1,86,1,1
1862,2017-04-19,train,1,104,1,1
1862,2017-05-09,train,1,120,3,2
1862,2017-06-13,train,1,120,4,3
1862,2017-07-25,train,1,120,3,0
1862,2017-08-27,train,1,120,22,4
1862,2017-10-18,validation,1,114,2,0
1862,2017-11-09,test,1,64,2,0
1862,2017-12-24,test,1,54,2,0
1864,2017-04-04,train,1,120,71,19
1864,2017-04-22,train,1,120,27,9
1864,2017-05-05,train,1,120,65,28
1864,2017-05-15,train,1,120,13,11
1864,2017-06-19,train,1,120,30,6
1864,2017-07-27,train,1,120,7,0
1864,2017-08-10,train,1,120,12,5
1864,2017-08-29,train,1,120,37,15
1864,2017-09-07,train,1,120,69,19
1864,2017-09-18,train,1,120,18,9
1864,2017-09-28,train,1,120,44,22
1864,2017-10-08,validation,1,120,51,20
1864,2017-10-12,validation,1,120,16,5
1864,2017-10-20,validation,1,120,64,18
1864,2017-10-25,validation,1,120,46,19
1864,2017-10-29,validation,1,120,8,4
1864,2017-10-31,validation,1,120,62,18
1864,2017-11-02,test,1,120,15,9
1864,2017-11-03,test,1,120,11,5
1864,2017-11-05,test,1,120,2,0
1864,2017-11-11,test,1,120,43,20
1864,2017-11-15,test,1,120,17,5
1864,2017-11-21,test,1,120,55,22
1864,2017-11-26,test,1,120,23,15
1864,2017-12-01,test,1,120,31,14
1864,2017-12-05,test,1,120,56,19
1864,2017-12-12,test,1,120,18,7
1864,2017-12-16,test,1,120,47,8
1871,2017-07-17,train,0,18,10,5
1871,2017-10-22,validation,1,31,2,0
1871,2017-12-11,test,1,30,12,0
1872,2017-04-03,train,1,65,4,1
1872,2017-05-01,train,1,71,1,0
1872,2017-05-19,train,1,79,36,5
1872,2017-05-28,train,1,120,14,2
1872,2017-06-29,train,1,120,2,1
1872,2017-07-28,train,1,120,8,4
1872,2017-08-17,train,1,120,10,2
1872,2017-08-24,train,1,120,2,0
1872,2017-09-06,train,1,120,1,0
1872,2017-09-10,train,1,120,12,4
1872,2017-09-14,train,1,120,9,1
1872,2017-09-27,train,1,120,1,1
1872,2017-10-01,validation,1,120,4,0
1872,2017-10-09,validation,1,120,3,1
1872,2017-10-19,validation,1,120,17,3
1872,2017-10-22,validation,1,120,18,3
1872,2017-10-30,validation,1,120,2,1
1872,2017-11-12,test,1,120,5,5
1872,2017-11-15,test,1,120,4,2
1872,2017-11-22,test,1,120,5,0
1872,2017-11-28,test,1,120,10,4
1872,2017-12-10,test,1,120,4,0
1872,2017-12-31,test,1,120,6,0
1875,2017-05-03,train,1,36,3,0
1875,2017-09-30,train,1,9,8,1
1875,2017-10-08,validation,1,16,5,0
1875,2017-10-18,validation,1,21,1,0
1875,2017-10-22,validation,1,22,11,1
1875,2017-10-28,validation,1,32,10,2
1875,2017-10-29,validation,1,40,3,0
1875,2017-11-04,test,1,40,1,0
1875,2017-11-12,test,1,41,8,2
1875,2017-12-01,test,1,47,3,1
1875,2017-12-02,test,1,49,2,0
1875,2017-12-12,test,1,51,9,1
1875,2017-12-16,test,1,59,17,3
1875,2017-12-17,test,1,73,6,0
1875,2017-12-23,test,1,79,13,3
1875,2017-12-30,test,1,89,11,2
1877,2017-04-28,train,1,55,17,7
1877,2017-06-23,train,1,76,4,3
1877,2017-06-30,train,1,81,3,2
1877,2017-07-14,train,1,97,8,0
1877,2017-08-20,train,1,120,2,0
1877,2017-09-23,train,1,105,2,0
1877,2017-10-02,validation,1,120,7,1
1877,2017-10-11,validation,1,120,7,2
1877,2017-11-05,test,1,120,14,3
1877,2017-11-06,test,1,120,21,2
1877,2017-11-11,test,1,120,12,7
1877,2017-12-31,test,1,120,2,0
1879,2017-04-05,train,1,60,8,8
1879,2017-04-10,train,1,63,5,5
1879,2017-04-14,train,1,65,8,8
1879,2017-04-22,train,1,67,11,11
1879,2017-04-29,train,1,68,6,5
1879,2017-05-07,train,1,73,8,7
1879,2017-05-14,train,1,74,9,6
1879,2017-05-22,train,1,77,11,11
1879,2017-06-05,train,1,80,7,7
1879,2017-06-10,train,1,80,5,5
1879,2017-06-17,train,1,82,7,7
1879,2017-06-23,train,1,84,8,8
1879,2017-06-28,train,1,84,14,13
1879,2017-07-03,train,1,91,5,5
1879,2017-07-09,train,1,120,7,7
1879,2017-07-23,train,1,120,16,16
1879,2017-07-29,train,1,120,5,5
1879,2017-08-05,train,1,120,10,8
1879,2017-08-12,train,1,120,10,10
1879,2017-08-18,train,1,120,9,9
1879,2017-08-29,train,1,120,5,5
1879,2017-09-04,train,1,120,4,4
1879,2017-09-14,train,1,119,8,7
1879,2017-09-26,train,1,115,12,12
1879,2017-10-02,validation,1,115,7,7
1879,2017-10-05,validation,1,115,7,6
1879,2017-10-06,validation,1,116,7,6
1879,2017-10-09,validation,1,115,4,3
1879,2017-10-18,validation,1,114,10,10
1879,2017-10-21,validation,1,113,10,9
1879,2017-10-23,validation,1,114,3,2
1879,2017-10-24,validation,1,114,5,3
1879,2017-10-25,validation,1,116,5,5
1879,2017-10-27,validation,1,116,6,5
1879,2017-11-01,test,1,116,9,9
1879,2017-11-03,test,1,116,3,3
1879,2017-11-05,test,1,115,12,12
1879,2017-11-06,test,1,115,4,3
1879,2017-11-08,test,1,116,9,7
1879,2017-11-10,test,1,118,10,8
1879,2017-11-13,test,1,117,7,6
1879,2017-11-15,test,1,118,3,3
1879,2017-11-19,test,1,116,13,11
1879,2017-11-20,test,1,118,5,5
1879,2017-11-22,test,1,116,6,5
1879,2017-11-25,test,1,117,11,11
1879,2017-11-27,test,1,117,5,5
1879,2017-11-29,test,1,117,8,7
1879,2017-12-03,test,1,117,10,10
1879,2017-12-09,test,1,117,13,12
1879,2017-12-11,test,1,118,4,2
1879,2017-12-13,test,1,120,9,7
1879,2017-12-16,test,1,120,11,11
1879,2017-12-18,test,1,120,2,1
1879,2017-12-20,test,1,120,10,9
1879,2017-12-21,test,1,120,11,10
1879,2017-12-24,test,1,120,11,11
1879,2017-12-29,test,1,115,10,10
1879,2017-12-30,test,1,115,8,7
188,2017-04-08,train,1,120,37,2
188,2017-10-29,validation,0,0,3,0
188,2017-11-05,test,0,3,3,1
188,2017-12-03,test,0,5,2,2
1881,2017-04-17,train,1,85,12,9
1881,2017-05-12,train,1,89,1,0
1881,2017-05-23,train,1,93,13,11
1881,2017-06-04,train,1,100,10,7
1881,2017-06-11,train,1,104,14,10
1881,2017-07-16,train,1,99,6,3
1881,2017-07-23,train,1,106,8,8
1881,2017-08-12,train,1,89,7,1
1881,2017-08-20,train,1,92,9,7
1881,2017-09-10,train,1,96,6,5
1881,2017-10-01,validation,1,97,7,7
1881,2017-10-02,validation,1,97,2,0
1881,2017-10-08,validation,1,98,10,5
1881,2017-10-10,validation,1,103,5,5
1881,2017-10-15,validation,1,102,5,4
1881,2017-10-16,validation,1,103,2,2
1881,2017-10-20,validation,1,101,2,1
1881,2017-10-22,validation,1,102,12,6
1881,2017-10-24,validation,1,108,3,1
1881,2017-10-29,validation,1,110,5,4
1881,2017-11-05,test,1,111,17,11
1881,2017-11-12,test,1,115,6,6
1881,2017-11-27,test,1,111,6,5
1881,2017-12-03,test,1,107,6,5
1881,2017-12-10,test,1,104,11,8
1882,2017-10-02,validation,0,3,1,0
1882,2017-10-09,validation,0,4,1,0
1882,2017-12-02,test,0,5,1,0
1882,2017-12-08,test,0,6,1,0
1883,2017-04-19,train,1,120,2,1
1883,2017-05-04,train,1,120,25,9
1883,2017-06-04,train,1,120,3,1
1883,2017-07-11,train,1,120,16,4
1883,2017-08-26,train,1,120,6,0
1883,2017-09-29,train,1,120,32,6
1883,2017-10-04,validation,1,120,9,6
1883,2017-11-06,test,1,120,28,6
1883,2017-11-14,test,1,120,4,0
1883,2017-12-12,test,1,120,8,3
1883,2017-12-18,test,1,120,1,0
1883,2017-12-21,test,1,120,9,6
1891,2017-04-08,train,0,21,10,0
1891,2017-05-30,train,1,51,21,4
1891,2017-08-06,train,1,71,8,2
1891,2017-08-19,train,1,79,1,0
1891,2017-10-15,validation,1,57,35,7
1891,2017-10-16,validation,1,85,4,2
1891,2017-10-22,validation,1,87,7,4
1891,2017-11-18,test,1,74,27,8
1891,2017-12-10,test,1,78,12,6
1891,2017-12-24,test,1,84,4,0
1894,2017-04-24,train,1,110,60,17
1894,2017-05-13,train,1,120,14,1
1894,2017-06-16,train,1,120,8,4
1894,2017-07-22,train,1,120,2,0
1894,2017-09-24,train,1,120,34,9
1894,2017-10-21,validation,1,120,2,0
1894,2017-10-22,validation,1,120,36,10
1894,2017-11-26,test,1,120,19,6
1894,2017-12-08,test,1,120,1,0
1894,2017-12-30,test,1,120,35,9
1898,2017-10-28,validation,0,3,4,0
1898,2017-11-08,test,0,7,3,0
1898,2017-11-14,test,0,7,1,0
1898,2017-11-17,test,1,8,6,1
1898,2017-11-24,test,1,13,6,3
190,2017-07-04,train,1,66,1,0
190,2017-10-28,validation,1,38,8,0
190,2017-11-07,test,1,42,5,0
1904,2017-04-19,train,0,12,8,1
1904,2017-08-28,train,1,23,3,2
1904,2017-10-18,validation,1,25,1,0
1904,2017-11-23,test,1,13,1,0
1904,2017-12-21,test,1,14,4,1
1919,2017-04-26,train,1,120,52,17
1919,2017-06-06,train,1,120,17,7
1919,2017-06-16,train,1,120,9,3
1919,2017-07-01,train,1,120,8,1
1919,2017-07-19,train,1,120,21,9
1919,2017-08-24,train,1,120,10,2
1919,2017-10-06,validation,1,120,26,8
1919,2017-10-13,validation,1,120,15,7
1919,2017-10-18,validation,1,120,18,8
1919,2017-10-27,validation,1,120,21,4
1919,2017-11-07,test,1,120,40,13
1919,2017-11-16,test,1,120,4,3
1919,2017-11-29,test,1,120,7,4
1919,2017-12-01,test,1,120,10,5
1919,2017-12-07,test,1,120,32,12
1919,2017-12-28,test,1,120,10,5
1919,2017-12-29,test,1,120,16,7
1922,2017-04-22,train,1,84,7,2
1922,2017-05-06,train,1,102,8,7
1922,2017-06-18,train,1,111,13,7
1922,2017-07-03,train,1,120,9,5
1922,2017-08-01,train,1,115,9,4
1922,2017-08-26,train,1,120,14,4
1922,2017-09-04,train,1,120,5,0
1922,2017-09-19,train,1,120,18,6
1922,2017-10-03,validation,1,120,34,13
1922,2017-10-10,validation,1,120,22,11
1922,2017-10-15,validation,1,120,20,9
1922,2017-10-21,validation,1,120,21,13
1922,2017-10-23,validation,1,120,9,4
1922,2017-10-25,validation,1,120,7,2
1922,2017-10-30,validation,1,120,12,8
1922,2017-11-08,test,1,120,33,16
1922,2017-11-21,test,1,120,18,14
1922,2017-11-27,test,1,120,6,4
1922,2017-12-10,test,1,120,31,20
1922,2017-12-13,test,1,120,1,0
1922,2017-12-17,test,1,120,13,9
1922,2017-12-26,test,1,120,18,15
1927,2017-04-06,train,1,120,5,0
1927,2017-04-15,train,1,120,34,5
1927,2017-05-09,train,1,120,2,0
1927,2017-06-03,train,1,120,18,2
1927,2017-06-22,train,1,120,15,0
1927,2017-08-03,train,1,120,23,6
1927,2017-08-16,train,1,120,4,2
1927,2017-09-10,train,1,120,8,3
1927,2017-10-13,validation,1,120,7,0
1927,2017-10-22,validation,1,120,14,4
1927,2017-11-01,test,1,120,11,5
1927,2017-11-04,test,1,120,3,0
1927,2017-11-07,test,1,120,80,19
1927,2017-11-08,test,1,120,2,0
1927,2017-11-11,test,1,120,34,11
1927,2017-11-21,test,1,120,14,1
1927,2017-12-10,test,1,120,45,9
1927,2017-12-13,test,1,120,22,8
1927,2017-12-23,test,1,120,14,3
1928,2017-04-10,train,1,53,12,4
1928,2017-04-26,train,1,63,18,6
1928,2017-05-11,train,1,87,1,0
1928,2017-05-28,train,1,94,5,1
1928,2017-06-20,train,1,110,7,5
1928,2017-07-07,train,1,119,3,3
1928,2017-07-23,train,1,117,3,3
1928,2017-08-02,train,1,118,4,4
1928,2017-08-21,train,1,120,8,4
1928,2017-09-19,train,1,120,8,7
1928,2017-10-13,validation,1,120,14,7
1928,2017-10-19,validation,1,120,3,3
1928,2017-10-24,validation,1,116,1,0
1928,2017-11-02,test,1,117,9,5
1928,2017-11-17,test,1,102,7,3
1928,2017-11-27,test,1,103,5,4
1928,2017-11-30,test,1,104,3,2
1928,2017-12-05,test,1,105,6,4
1928,2017-12-12,test,1,96,7,3
1928,2017-12-18,test,1,98,5,2
1928,2017-12-26,test,1,100,2,0
1928,2017-12-27,test,1,102,2,1
1932,2017-04-29,train,1,76,4,1
1932,2017-05-23,train,1,84,7,2
1932,2017-06-09,train,1,120,4,1
1932,2017-06-18,train,1,120,18,0
1932,2017-06-27,train,1,120,3,1
1932,2017-07-30,train,1,120,6,4
1932,2017-08-11,train,1,120,5,2
1932,2017-08-20,train,1,120,1,0
1932,2017-09-01,train,1,120,12,7
1932,2017-11-04,test,1,120,2,0
1932,2017-11-05,test,1,120,1,0
1936,2017-04-01,train,1,120,5,3
1936,2017-04-08,train,1,120,6,3
1936,2017-04-14,train,1,120,1,0
1936,2017-04-29,train,1,120,50,13
1936,2017-05-12,train,1,120,2,1
1936,2017-05-19,train,1,120,2,1
1936,2017-05-24,train,1,120,21,6
1936,2017-05-29,train,1,120,8,3
1936,2017-06-04,train,1,120,6,3
1936,2017-06-10,train,1,120,12,5
1936,2017-06-17,train,1,120,2,1
1936,2017-06-24,train,1,120,16,4
1936,2017-07-23,train,1,120,12,4
1936,2017-08-04,train,1,120,4,3
1936,2017-08-08,train,1,120,6,1
1936,2017-08-13,train,1,120,4,3
1936,2017-08-21,train,1,120,6,0
1936,2017-08-27,train,1,120,5,5
1936,2017-09-08,train,1,120,1,1
1936,2017-09-16,train,1,120,6,3
1936,2017-09-24,train,1,120,4,1
1936,2017-10-06,validation,1,120,2,1
1936,2017-10-07,validation,1,120,4,3
1936,2017-10-08,validation,1,120,3,1
1936,2017-10-12,validation,1,120,3,1
1936,2017-10-13,validation,1,120,1,1
1936,2017-10-14,validation,1,120,2,1
1936,2017-10-15,validation,1,120,1,0
1936,2017-10-21,validation,1,120,1,1
1936,2017-10-22,validation,1,120,1,0
1936,2017-10-27,validation,1,120,1,1
1936,2017-11-03,test,1,120,2,1
1936,2017-11-04,test,1,120,3,1
1936,2017-11-05,test,1,120,4,2
1936,2017-11-10,test,1,120,1,1
1936,2017-11-12,test,1,120,3,2
1936,2017-11-17,test,1,120,1,1
1936,2017-11-19,test,1,120,2,1
1936,2017-11-25,test,1,120,2,1
1936,2017-12-02,test,1,120,31,7
1936,2017-12-03,test,1,120,3,2
1936,2017-12-07,test,1,120,10,3
1936,2017-12-08,test,1,120,1,0
1936,2017-12-09,test,1,120,2,1
1936,2017-12-11,test,1,120,10,2
1936,2017-12-17,test,1,120,2,2
1936,2017-12-19,test,1,120,15,7
1936,2017-12-21,test,1,120,9,4
1936,2017-12-23,test,1,120,9,1
1937,2017-04-06,train,1,120,6,1
1937,2017-05-05,train,1,120,6,2
1937,2017-05-20,train,1,120,63,23
1937,2017-05-30,train,1,120,6,4
1937,2017-06-09,train,1,120,5,4
1937,2017-06-18,train,1,120,47,14
1937,2017-06-25,train,1,120,6,3
1937,2017-07-03,train,1,120,6,3
1937,2017-07-21,train,1,120,3,2
1937,2017-08-05,train,1,120,42,21
1937,2017-08-18,train,1,120,2,0
1937,2017-08-29,train,1,120,2,0
1937,2017-09-16,train,1,120,48,20
1937,2017-10-01,validation,1,120,1,0
1937,2017-10-08,validation,1,120,53,27
1937,2017-10-15,validation,1,120,2,1
1937,2017-10-16,validation,1,120,2,1
1937,2017-10-19,validation,1,120,5,0
1937,2017-10-22,validation,1,120,53,29
1937,2017-11-03,test,1,120,3,0
1937,2017-11-05,test,1,120,47,22
1937,2017-11-18,test,1,120,51,22
1937,2017-11-20,test,1,120,4,1
1937,2017-12-02,test,1,120,38,18
1937,2017-12-03,test,1,120,39,0
1937,2017-12-04,test,1,120,5,1
1937,2017-12-06,test,1,120,3,0
1937,2017-12-17,test,1,120,38,20
1937,2017-12-18,test,1,120,9,2
1937,2017-12-30,test,1,120,33,15
194,2017-05-28,train,1,46,4,0
194,2017-06-27,train,1,63,11,3
194,2017-07-16,train,1,47,4,2
194,2017-09-07,train,1,56,5,0
194,2017-09-23,train,1,62,39,7
194,2017-10-19,validation,1,89,6,3
194,2017-11-02,test,1,92,4,1
194,2017-11-08,test,1,95,19,5
194,2017-12-14,test,1,97,6,2
194,2017-12-24,test,1,101,7,3
194,2017-12-28,test,1,100,16,7
1940,2017-04-12,train,1,120,13,8
1940,2017-05-09,train,1,120,15,8
1940,2017-06-06,train,1,120,13,8
1940,2017-07-10,train,1,120,15,11
1940,2017-08-06,train,1,120,29,14
1940,2017-09-06,train,1,120,7,5
1940,2017-10-20,validation,1,120,13,6
1940,2017-11-10,test,1,120,10,5
1940,2017-12-15,test,1,120,19,10
1940,2017-12-21,test,1,120,19,5
1941,2017-04-02,train,1,58,3,2
1941,2017-04-15,train,1,60,6,4
1941,2017-04-25,train,1,66,3,2
1941,2017-05-06,train,1,71,6,2
1941,2017-05-27,train,1,79,3,1
1941,2017-06-09,train,1,83,2,2
1941,2017-08-01,train,1,67,2,1
1941,2017-08-05,train,1,70,1,0
1941,2017-08-23,train,1,57,1,0
1941,2017-08-26,train,1,59,4,2
1941,2017-09-16,train,1,60,7,5
1941,2017-10-03,validation,1,53,1,0
1941,2017-10-17,validation,1,47,2,0
1941,2017-10-19,validation,1,49,2,0
1941,2017-10-26,validation,1,47,1,0
1941,2017-10-28,validation,1,44,4,1
1941,2017-11-03,test,1,42,7,1
1941,2017-11-14,test,1,48,5,3
1941,2017-11-18,test,1,50,1,0
1941,2017-11-21,test,1,50,2,0
1941,2017-11-24,test,1,48,6,1
1941,2017-11-28,test,1,51,4,1
1941,2017-12-05,test,1,54,3,2
1941,2017-12-07,test,1,54,2,0
1941,2017-12-19,test,1,56,2,0
1943,2017-04-01,train,1,120,8,0
1943,2017-04-20,train,1,120,14,5
1943,2017-05-10,train,1,120,14,5
1943,2017-06-23,train,1,120,1,0
1943,2017-07-18,train,1,120,2,1
1943,2017-08-17,train,1,120,2,0
1943,2017-09-12,train,1,120,4,0
1943,2017-09-30,train,1,117,1,0
1943,2017-10-13,validation,1,92,2,0
1943,2017-11-07,test,1,51,1,0
1943,2017-11-08,test,1,52,2,0
1943,2017-11-12,test,1,54,3,1
1943,2017-11-15,test,1,56,3,0
1943,2017-11-19,test,1,59,1,0
1943,2017-11-25,test,1,55,1,0
1943,2017-12-04,test,1,56,9,0
1943,2017-12-09,test,1,65,29,10
1943,2017-12-15,test,1,79,40,15
1943,2017-12-17,test,1,104,2,0
1943,2017-12-21,test,1,105,1,0
1943,2017-12-24,test,1,106,4,3
1946,2017-04-19,train,1,120,1,1
1946,2017-05-16,train,1,120,34,22
1946,2017-06-23,train,1,120,37,21
1946,2017-08-08,train,1,120,30,14
1946,2017-10-02,validation,1,120,28,15
1946,2017-10-16,validation,1,120,33,19
1946,2017-10-30,validation,1,120,18,9
1946,2017-11-13,test,1,120,28,15
1946,2017-11-27,test,1,120,16,7
1946,2017-12-11,test,1,120,19,10
1946,2017-12-22,test,1,120,32,16
1946,2017-12-23,test,1,120,4,0
1947,2017-04-15,train,1,120,42,25
1947,2017-05-04,train,1,120,7,3
1947,2017-05-23,train,1,120,46,26
1947,2017-07-14,train,1,120,52,31
1947,2017-07-26,train,1,120,4,1
1947,2017-08-14,train,1,120,51,29
1947,2017-09-15,train,1,120,38,22
1947,2017-10-04,validation,1,120,6,3
1947,2017-10-06,validation,1,120,28,20
1947,2017-10-13,validation,1,120,23,13
1947,2017-10-23,validation,1,120,27,21
1947,2017-11-06,test,1,120,23,16
1947,2017-11-17,test,1,120,39,22
1947,2017-11-19,test,1,120,3,3
1947,2017-11-26,test,1,120,24,14
1947,2017-12-01,test,1,120,17,13
1947,2017-12-11,test,1,120,56,21
1947,2017-12-16,test,1,120,28,9
1947,2017-12-18,test,1,120,2,0
1947,2017-12-21,test,1,120,17,11
1947,2017-12-31,test,1,120,22,20
1949,2017-05-05,train,1,79,3,0
1949,2017-06-06,train,1,99,17,5
1949,2017-06-15,train,1,116,13,2
1949,2017-06-29,train,1,120,7,3
1949,2017-07-15,train,1,120,15,5
1949,2017-08-12,train,1,120,15,10
1949,2017-08-30,train,1,120,1,1
1949,2017-10-02,validation,1,120,13,6
1949,2017-11-05,test,1,120,8,0
1949,2017-11-17,test,1,120,4,3
1949,2017-11-22,test,1,120,35,6
1949,2017-11-23,test,1,120,9,1
1949,2017-12-03,test,1,120,2,2
1949,2017-12-12,test,1,120,34,7
1949,2017-12-16,test,1,120,10,2
1949,2017-12-17,test,1,120,7,1
195,2017-04-28,train,1,120,24,8
195,2017-06-17,train,1,120,51,13
195,2017-08-25,train,1,120,35,14
195,2017-09-30,train,1,120,5,2
195,2017-10-29,validation,1,120,33,13
195,2017-11-10,test,1,120,15,8
195,2017-12-06,test,1,120,13,5
1953,2017-04-19,train,1,120,9,4
1953,2017-05-10,train,1,120,5,2
1953,2017-05-15,train,1,120,5,0
1953,2017-05-22,train,1,120,21,5
1953,2017-06-02,train,1,120,1,0
1953,2017-06-26,train,1,120,3,0
1953,2017-07-12,train,1,120,1,0
1953,2017-07-22,train,1,120,4,0
1953,2017-08-22,train,1,120,5,0
1953,2017-10-02,validation,1,120,1,0
1953,2017-10-03,validation,1,120,2,1
1953,2017-10-24,validation,1,120,7,3
1953,2017-10-29,validation,1,120,2,0
1953,2017-11-13,test,1,120,4,0
1953,2017-11-22,test,1,120,2,0
1953,2017-11-26,test,1,120,3,1
1953,2017-12-07,test,1,83,3,1
1953,2017-12-11,test,1,85,5,1
1953,2017-12-27,test,1,84,3,0
1953,2017-12-28,test,1,87,13,3
1954,2017-04-12,train,1,57,2,1
1954,2017-04-17,train,1,62,3,0
1954,2017-04-25,train,1,66,9,5
1954,2017-05-07,train,1,73,2,1
1954,2017-05-21,train,1,77,2,0
1954,2017-06-01,train,1,83,7,4
1954,2017-06-19,train,1,91,1,0
1954,2017-07-01,train,1,97,1,0
1954,2017-07-17,train,1,86,5,4
1954,2017-08-04,train,1,85,2,1
1954,2017-08-19,train,1,78,1,0
1954,2017-09-16,train,1,74,1,0
1954,2017-10-09,validation,1,81,8,1
1954,2017-10-22,validation,1,78,8,0
1954,2017-10-29,validation,1,81,8,2
1954,2017-11-05,test,1,84,18,1
1954,2017-11-10,test,1,101,3,1
1954,2017-11-15,test,1,100,11,7
1954,2017-11-23,test,1,99,6,0
1954,2017-11-24,test,1,105,15,2
1954,2017-11-25,test,1,115,1,0
1954,2017-11-30,test,1,115,12,1
1954,2017-12-06,test,1,120,3,2
1954,2017-12-10,test,1,120,2,1
1954,2017-12-26,test,1,118,15,1
1964,2017-05-26,train,1,120,21,8
1964,2017-06-09,train,1,120,13,2
1964,2017-06-30,train,1,120,27,5
1964,2017-07-17,train,1,120,6,2
1964,2017-08-04,train,1,120,10,4
1964,2017-08-25,train,1,120,14,6
1964,2017-09-23,train,1,120,15,3
1964,2017-10-12,validation,1,120,27,8
1964,2017-10-14,validation,1,120,1,0
1964,2017-11-20,test,1,120,13,4
1964,2017-11-25,test,1,120,7,1
1964,2017-12-09,test,1,120,16,2
1964,2017-12-15,test,1,120,8,1
1964,2017-12-29,test,1,120,10,5
1969,2017-04-05,train,1,88,1,1
1969,2017-04-10,train,1,90,7,3
1969,2017-04-15,train,1,98,2,1
1969,2017-04-20,train,1,103,4,2
1969,2017-04-26,train,1,107,12,6
1969,2017-05-01,train,1,120,3,2
1969,2017-05-10,train,1,120,4,2
1969,2017-05-21,train,1,120,6,4
1969,2017-05-25,train,1,120,3,1
1969,2017-06-05,train,1,120,8,6
1969,2017-06-08,train,1,120,2,1
1969,2017-06-22,train,1,120,1,0
1969,2017-06-27,train,1,120,7,4
1969,2017-07-02,train,1,120,2,2
1969,2017-07-12,train,1,120,2,0
1969,2017-07-19,train,1,120,6,2
1969,2017-07-27,train,1,120,6,5
1969,2017-08-03,train,1,120,3,2
1969,2017-08-08,train,1,120,5,2
1969,2017-08-13,train,1,120,7,3
1969,2017-08-22,train,1,120,2,2
1969,2017-09-04,train,1,120,8,6
1969,2017-09-11,train,1,120,1,1
1969,2017-09-20,train,1,120,1,0
1969,2017-09-27,train,1,120,12,5
1969,2017-10-01,validation,1,120,2,2
1969,2017-10-03,validation,1,120,4,2
1969,2017-10-06,validation,1,120,6,3
1969,2017-10-07,validation,1,120,1,0
1969,2017-10-10,validation,1,120,5,4
1969,2017-10-13,validation,1,120,13,7
1969,2017-10-17,validation,1,120,2,1
1969,2017-10-20,validation,1,120,5,3
1969,2017-10-23,validation,1,120,2,1
1969,2017-10-27,validation,1,120,18,11
1969,2017-11-02,test,1,120,3,3
1969,2017-11-11,test,1,120,16,8
1969,2017-11-14,test,1,120,2,2
1969,2017-11-20,test,1,120,4,3
1969,2017-11-22,test,1,120,53,6
1969,2017-11-23,test,1,120,3,2
1969,2017-11-24,test,1,120,5,0
1969,2017-11-25,test,1,120,15,6
1969,2017-11-30,test,1,120,7,2
1969,2017-12-02,test,1,120,2,2
1969,2017-12-08,test,1,120,8,5
1969,2017-12-13,test,1,120,10,3
1969,2017-12-21,test,1,120,2,0
1969,2017-12-23,test,1,120,7,4
1969,2017-12-29,test,1,120,3,2
1971,2017-05-01,train,1,120,5,3
1971,2017-05-24,train,1,120,5,2
1971,2017-06-26,train,1,120,10,2
1971,2017-07-20,train,1,120,10,2
1971,2017-08-15,train,1,120,7,0
1971,2017-08-29,train,1,120,2,1
1971,2017-09-12,train,1,100,2,2
1971,2017-10-04,validation,1,90,1,0
1971,2017-10-08,validation,1,89,1,0
1971,2017-11-14,test,1,79,2,1
1971,2017-11-15,test,1,80,2,2
1971,2017-11-21,test,1,74,54,0
1971,2017-11-25,test,1,120,7,0
1971,2017-11-28,test,1,120,5,1
1971,2017-12-05,test,1,120,4,2
1971,2017-12-12,test,1,120,3,0
1971,2017-12-22,test,1,120,4,1
1974,2017-04-02,train,1,120,15,7
1974,2017-04-12,train,1,120,3,3
1974,2017-04-16,train,1,120,4,2
1974,2017-05-07,train,1,120,20,12
1974,2017-05-15,train,1,120,8,4
1974,2017-05-21,train,1,120,3,1
1974,2017-05-29,train,1,120,5,2
1974,2017-06-08,train,1,120,6,5
1974,2017-06-18,train,1,120,22,5
1974,2017-06-24,train,1,120,7,5
1974,2017-07-05,train,1,120,3,3
1974,2017-07-15,train,1,120,7,3
1974,2017-07-27,train,1,120,17,11
1974,2017-08-06,train,1,120,3,1
1975,2017-04-02,train,1,120,25,9
1975,2017-04-12,train,1,120,20,8
1975,2017-04-21,train,1,120,18,14
1975,2017-04-26,train,1,120,2,2
1975,2017-05-04,train,1,120,11,5
1975,2017-05-08,train,1,120,2,0
1975,2017-05-14,train,1,120,8,5
1975,2017-05-20,train,1,120,3,1
1975,2017-05-27,train,1,120,17,10
1975,2017-06-01,train,1,120,8,2
1975,2017-06-11,train,1,120,19,10
1975,2017-06-15,train,1,120,1,0
1975,2017-06-25,train,1,120,37,11
1975,2017-07-09,train,1,120,5,5
1975,2017-07-20,train,1,120,6,1
1975,2017-07-26,train,1,120,35,16
1975,2017-07-31,train,1,120,15,10
1975,2017-08-08,train,1,120,11,6
1975,2017-08-18,train,1,120,2,1
1975,2017-08-26,train,1,120,5,1
1975,2017-08-31,train,1,120,1,1
1975,2017-09-07,train,1,120,1,1
1975,2017-09-13,train,1,120,12,5
1975,2017-09-20,train,1,120,4,0
1975,2017-10-01,validation,1,120,14,8
1975,2017-10-03,validation,1,120,35,17
1975,2017-10-04,validation,1,120,1,0
1975,2017-10-08,validation,1,120,6,3
1975,2017-10-09,validation,1,120,5,3
1975,2017-10-11,validation,1,120,4,2
1975,2017-10-12,validation,1,120,7,1
1975,2017-10-14,validation,1,120,8,3
1975,2017-10-16,validation,1,120,17,8
1975,2017-10-18,validation,1,120,37,15
1975,2017-10-20,validation,1,120,4,1
1975,2017-10-21,validation,1,120,3,0
1975,2017-10-22,validation,1,120,10,5
1975,2017-10-23,validation,1,120,7,2
1975,2017-10-24,validation,1,120,4,4
1975,2017-10-25,validation,1,120,3,2
1975,2017-11-01,test,1,120,35,11
1975,2017-11-02,test,1,120,5,1
1975,2017-11-05,test,1,120,19,12
1975,2017-11-08,test,1,120,14,4
1975,2017-11-12,test,1,120,19,10
1975,2017-11-13,test,1,120,6,0
1975,2017-11-14,test,1,120,4,3
1975,2017-11-15,test,1,120,27,13
1975,2017-11-18,test,1,120,29,12
1975,2017-11-20,test,1,120,7,2
1975,2017-11-27,test,1,120,13,11
1975,2017-11-29,test,1,120,12,6
1975,2017-11-30,test,1,120,4,2
1975,2017-12-05,test,1,120,2,1
1975,2017-12-10,test,1,120,12,6
1975,2017-12-11,test,1,120,5,1
1975,2017-12-12,test,1,120,31,5
1975,2017-12-13,test,1,120,3,1
1975,2017-12-14,test,1,120,14,9
1975,2017-12-15,test,1,120,8,3
1975,2017-12-16,test,1,120,13,4
1975,2017-12-19,test,1,120,12,6
1975,2017-12-20,test,1,120,7,2
1975,2017-12-21,test,1,120,10,1
1975,2017-12-22,test,1,120,4,2
1975,2017-12-26,test,1,120,1,0
1975,2017-12-27,test,1,120,50,10
1975,2017-12-29,test,1,120,1,0
1975,2017-12-30,test,1,120,38,13
1975,2017-12-31,test,1,120,3,1
1985,2017-04-01,train,1,120,17,6
1985,2017-04-11,train,1,120,18,7
1985,2017-04-28,train,1,120,12,7
1985,2017-05-14,train,1,120,12,5
1985,2017-05-26,train,1,120,1,1
1985,2017-06-03,train,1,120,2,1
1985,2017-06-15,train,1,120,13,2
1985,2017-06-30,train,1,120,23,8
1985,2017-07-14,train,1,120,13,6
1985,2017-08-06,train,1,120,12,8
1985,2017-08-31,train,1,120,23,7
1985,2017-09-07,train,1,120,6,2
1985,2017-09-17,train,1,120,46,15
1985,2017-09-27,train,1,120,6,2
1985,2017-10-01,validation,1,120,67,22
1985,2017-10-07,validation,1,120,8,3
1985,2017-10-17,validation,1,120,40,15
1985,2017-10-22,validation,1,120,38,7
1985,2017-10-26,validation,1,120,10,4
1985,2017-11-01,test,1,120,26,11
1985,2017-11-02,test,1,120,2,2
1985,2017-11-07,test,1,120,18,5
1985,2017-11-13,test,1,120,12,3
1985,2017-11-14,test,1,120,2,0
1985,2017-11-15,test,1,120,29,10
1985,2017-11-18,test,1,120,42,8
1985,2017-11-20,test,1,120,2,0
1985,2017-11-23,test,1,120,1,1
1985,2017-11-24,test,1,120,12,6
1985,2017-11-30,test,1,120,51,19
1985,2017-12-15,test,1,120,11,3
1985,2017-12-18,test,1,120,7,2
1985,2017-12-21,test,1,120,35,10
1985,2017-12-23,test,1,120,3,1
1985,2017-12-24,test,1,120,3,0
1985,2017-12-26,test,1,120,14,3
1985,2017-12-31,test,1,120,34,13
1986,2017-08-03,train,0,43,2,0
1986,2017-11-13,test,0,40,1,0
1986,2017-12-19,test,0,7,4,0
1990,2017-04-15,train,1,105,10,5
1990,2017-05-02,train,1,116,13,7
1990,2017-05-19,train,1,120,19,11
1990,2017-05-29,train,1,120,14,4
1990,2017-07-02,train,1,120,33,18
1990,2017-07-14,train,1,120,20,10
1990,2017-07-27,train,1,120,14,6
1990,2017-08-06,train,1,120,19,14
1990,2017-08-23,train,1,120,22,9
1990,2017-09-09,train,1,120,9,4
1990,2017-10-03,validation,1,120,24,12
1990,2017-10-16,validation,1,120,22,14
1990,2017-10-30,validation,1,120,27,20
1990,2017-11-13,test,1,120,22,14
1990,2017-11-19,test,1,120,7,3
1990,2017-11-26,test,1,120,27,11
1990,2017-12-04,test,1,120,8,7
1990,2017-12-08,test,1,120,2,2
1990,2017-12-12,test,1,120,33,19
1990,2017-12-18,test,1,120,7,3
1990,2017-12-19,test,1,120,2,2
1990,2017-12-30,test,1,120,24,15
1990,2017-12-31,test,1,120,1,0
1994,2017-04-05,train,0,76,3,0
1994,2017-04-20,train,1,79,1,1
1994,2017-05-16,train,1,83,4,0
1994,2017-07-16,train,1,90,12,2
1994,2017-10-09,validation,1,59,11,2
1994,2017-10-28,validation,1,66,1,0
1994,2017-10-30,validation,1,67,10,1
1994,2017-12-22,test,1,68,4,1
1997,2017-04-16,train,1,120,12,2
1997,2017-05-29,train,1,120,9,5
1997,2017-07-15,train,1,120,13,5
1997,2017-08-15,train,1,120,24,8
1997,2017-10-16,validation,1,120,7,1
1997,2017-10-28,validation,1,120,7,1
1997,2017-11-06,test,1,120,1,0
1997,2017-11-27,test,1,120,65,25
1997,2017-12-12,test,1,120,28,13
1997,2017-12-16,test,1,120,2,1
1997,2017-12-30,test,1,120,33,14
1998,2017-04-04,train,1,98,7,7
1998,2017-04-09,train,1,103,5,3
1998,2017-04-15,train,1,107,2,2
1998,2017-04-20,train,1,110,7,4
1998,2017-05-04,train,1,115,19,15
1998,2017-05-14,train,1,119,2,2
1998,2017-05-20,train,1,120,2,0
1998,2017-05-24,train,1,120,2,2
1998,2017-05-30,train,1,120,10,8
1998,2017-06-06,train,1,120,3,2
1998,2017-06-12,train,1,120,6,6
1998,2017-06-17,train,1,120,6,5
1998,2017-06-22,train,1,120,2,0
1998,2017-06-28,train,1,120,7,2
1998,2017-07-02,train,1,120,4,3
1998,2017-07-08,train,1,120,12,12
1998,2017-07-18,train,1,120,8,7
1998,2017-07-21,train,1,120,4,4
1998,2017-07-26,train,1,120,10,6
1998,2017-08-02,train,1,120,11,8
1998,2017-08-08,train,1,120,25,10
1998,2017-08-15,train,1,120,2,2
1998,2017-08-21,train,1,120,3,2
1998,2017-08-24,train,1,120,9,4
1998,2017-08-30,train,1,120,3,3
1998,2017-09-06,train,1,120,5,4
1998,2017-09-13,train,1,120,3,3
1998,2017-09-21,train,1,120,10,6
1998,2017-09-27,train,1,120,3,3
1998,2017-10-03,validation,1,120,4,2
1998,2017-10-04,validation,1,120,7,4
1998,2017-10-08,validation,1,120,3,2
1998,2017-10-09,validation,1,120,13,9
1998,2017-10-11,validation,1,120,4,3
1998,2017-10-14,validation,1,120,7,6
1998,2017-10-18,validation,1,120,4,2
1998,2017-10-25,validation,1,120,2,2
1998,2017-10-30,validation,1,120,3,3
1998,2017-11-02,test,1,120,11,6
1998,2017-11-06,test,1,120,3,3
1998,2017-11-08,test,1,120,3,2
1998,2017-11-12,test,1,120,3,3
1998,2017-11-15,test,1,120,6,5
1998,2017-11-22,test,1,120,9,3
1998,2017-11-25,test,1,120,4,3
1998,2017-11-29,test,1,120,5,3
1998,2017-12-02,test,1,120,2,1
1998,2017-12-04,test,1,120,4,4
1998,2017-12-06,test,1,120,5,2
1998,2017-12-07,test,1,120,6,4
1998,2017-12-17,test,1,120,5,3
1998,2017-12-23,test,1,120,5,4
1998,2017-12-30,test,1,120,1,0
20,2017-04-06,train,1,120,7,5
20,2017-04-10,train,1,120,9,4
20,2017-04-15,train,1,120,4,4
20,2017-04-19,train,1,120,3,3
20,2017-04-26,train,1,120,2,2
20,2017-05-01,train,1,120,8,6
20,2017-05-05,train,1,120,6,6
20,2017-05-08,train,1,120,2,2
20,2017-05-13,train,1,120,9,8
20,2017-05-16,train,1,120,2,2
20,2017-05-20,train,1,120,1,1
20,2017-05-24,train,1,120,6,6
20,2017-05-29,train,1,120,7,6
20,2017-06-04,train,1,120,5,5
20,2017-06-09,train,1,120,7,5
20,2017-06-13,train,1,120,2,2
20,2017-06-17,train,1,120,13,10
20,2017-06-23,train,1,120,13,10
20,2017-06-28,train,1,120,4,3
20,2017-07-05,train,1,120,8,8
20,2017-07-13,train,1,120,3,3
20,2017-07-19,train,1,120,3,2
20,2017-07-25,train,1,120,3,3
20,2017-07-30,train,1,120,23,19
20,2017-08-07,train,1,120,6,6
20,2017-08-17,train,1,120,2,2
20,2017-08-21,train,1,120,1,0
20,2017-08-25,train,1,120,3,3
20,2017-08-30,train,1,120,2,2
20,2017-09-06,train,1,120,4,1
20,2017-09-11,train,1,120,1,1
20,2017-09-16,train,1,120,23,15
20,2017-09-21,train,1,120,1,1
20,2017-09-27,train,1,120,10,9
20,2017-10-02,validation,1,120,1,1
20,2017-10-03,validation,1,120,1,1
20,2017-10-06,validation,1,120,2,2
20,2017-10-07,validation,1,120,5,4
20,2017-10-08,validation,1,120,6,6
20,2017-10-09,validation,1,120,5,4
20,2017-10-10,validation,1,120,14,11
20,2017-10-12,validation,1,120,6,6
20,2017-10-14,validation,1,120,9,8
20,2017-10-16,validation,1,120,8,6
20,2017-10-18,validation,1,120,12,10
20,2017-10-20,validation,1,120,4,4
20,2017-10-22,validation,1,120,4,2
20,2017-10-24,validation,1,120,1,1
20,2017-10-26,validation,1,120,6,4
20,2017-10-27,validation,1,120,6,5
20,2017-10-29,validation,1,120,3,3
20,2017-10-30,validation,1,120,3,2
20,2017-10-31,validation,1,120,5,4
20,2017-11-02,test,1,120,3,3
20,2017-11-07,test,1,120,5,4
20,2017-11-09,test,1,120,2,2
20,2017-11-10,test,1,120,1,1
20,2017-11-13,test,1,120,4,3
20,2017-11-17,test,1,120,9,5
20,2017-11-19,test,1,120,4,4
20,2017-11-21,test,1,120,12,9
20,2017-11-23,test,1,120,2,1
20,2017-11-27,test,1,120,2,1
20,2017-11-29,test,1,120,1,1
20,2017-11-30,test,1,120,2,2
20,2017-12-03,test,1,120,5,4
20,2017-12-04,test,1,120,6,2
20,2017-12-06,test,1,120,6,2
20,2017-12-08,test,1,120,5,3
20,2017-12-10,test,1,120,17,15
20,2017-12-13,test,1,120,11,9
20,2017-12-15,test,1,120,9,8
20,2017-12-18,test,1,120,7,6
20,2017-12-20,test,1,120,3,3
20,2017-12-23,test,1,120,15,8
20,2017-12-24,test,1,120,5,5
20,2017-12-26,test,1,120,3,2
20,2017-12-27,test,1,120,4,3
20,2017-12-30,test,1,120,6,3
2000,2017-04-21,train,1,16,6,1
2000,2017-05-28,train,1,31,14,0
2000,2017-08-26,train,1,44,1,0
2000,2017-09-26,train,1,37,1,1
2000,2017-10-02,validation,1,37,1,0
2000,2017-10-04,validation,1,38,10,1
2000,2017-10-07,validation,1,47,1,1
2000,2017-10-08,validation,1,47,2,0
2000,2017-10-16,validation,1,49,1,0
2000,2017-10-29,validation,1,36,1,0
2000,2017-11-26,test,1,22,3,0
2000,2017-12-16,test,1,25,2,0
2000,2017-12-19,test,1,27,1,0
2002,2017-04-25,train,0,26,1,0
2002,2017-06-24,train,1,40,6,0
2002,2017-08-06,train,1,95,13,6
2002,2017-09-15,train,1,120,5,1
2002,2017-10-09,validation,1,120,20,4
2002,2017-10-12,validation,1,120,32,8
2002,2017-11-02,test,1,120,22,4
2002,2017-11-17,test,1,120,49,7
2002,2017-11-19,test,1,120,15,3
2002,2017-11-25,test,1,120,1,1
2002,2017-11-28,test,1,120,23,5
2002,2017-12-02,test,1,120,3,2
2002,2017-12-21,test,1,120,20,4
2003,2017-05-15,train,0,63,30,11
2003,2017-07-17,train,1,95,50,10
2003,2017-08-28,train,1,120,18,7
2003,2017-09-19,train,1,120,3,1
2003,2017-10-04,validation,1,120,30,11
2003,2017-10-06,validation,1,120,3,0
2003,2017-10-11,validation,1,120,5,0
2003,2017-10-15,validation,1,120,36,15
2003,2017-11-07,test,1,120,3,0
2003,2017-11-13,test,1,120,48,16
2003,2017-11-16,test,1,120,2,2
2003,2017-11-25,test,1,120,33,10
2003,2017-12-01,test,1,120,2,0
2003,2017-12-18,test,1,120,22,8
2004,2017-04-02,train,1,120,32,19
2004,2017-04-12,train,1,120,4,2
2004,2017-04-22,train,1,120,23,17
2004,2017-04-29,train,1,120,23,14
2004,2017-05-04,train,1,120,18,12
2004,2017-05-09,train,1,120,3,2
2004,2017-05-14,train,1,120,9,5
2004,2017-05-23,train,1,120,9,4
2004,2017-05-31,train,1,120,2,1
2004,2017-06-07,train,1,120,14,6
2004,2017-06-11,train,1,120,2,0
2004,2017-06-22,train,1,120,18,1
2004,2017-06-27,train,1,120,12,7
2004,2017-07-07,train,1,120,5,1
2004,2017-07-16,train,1,120,2,1
2004,2017-07-23,train,1,120,14,9
2004,2017-08-01,train,1,120,9,3
2004,2017-08-07,train,1,120,29,19
2004,2017-08-13,train,1,120,6,1
2004,2017-08-26,train,1,120,2,2
2004,2017-08-31,train,1,120,4,2
2004,2017-09-10,train,1,120,2,0
2004,2017-09-22,train,1,120,10,6
2004,2017-10-08,validation,1,120,5,1
2004,2017-10-15,validation,1,120,31,15
2004,2017-10-26,validation,1,120,21,3
2004,2017-10-28,validation,1,120,25,13
2004,2017-10-29,validation,1,120,10,4
2004,2017-11-02,test,1,120,13,3
2004,2017-11-04,test,1,120,27,13
2004,2017-11-05,test,1,120,2,1
2004,2017-11-07,test,1,120,19,1
2004,2017-11-08,test,1,120,1,1
2004,2017-11-11,test,1,120,27,18
2004,2017-11-12,test,1,120,5,1
2004,2017-11-18,test,1,120,18,9
2004,2017-11-23,test,1,120,31,18
2004,2017-12-01,test,1,120,9,4
2004,2017-12-05,test,1,120,33,15
2004,2017-12-09,test,1,120,10,0
2004,2017-12-10,test,1,120,29,11
2004,2017-12-13,test,1,120,6,1
2004,2017-12-14,test,1,120,2,0
2004,2017-12-18,test,1,120,6,4
2004,2017-12-20,test,1,120,12,5
2004,2017-12-22,test,1,120,19,5
2004,2017-12-26,test,1,120,6,1
2004,2017-12-30,test,1,120,47,21
2004,2017-12-31,test,1,120,6,4
201,2017-05-28,train,0,21,3,1
201,2017-07-14,train,1,55,12,5
201,2017-08-14,train,1,90,17,4
201,2017-09-07,train,1,109,2,2
201,2017-09-26,train,1,120,8,3
201,2017-10-03,validation,1,120,5,4
201,2017-10-07,validation,1,120,1,1
201,2017-10-10,validation,1,120,13,9
201,2017-10-14,validation,1,120,12,5
201,2017-10-24,validation,1,120,8,5
201,2017-10-29,validation,1,120,9,3
201,2017-11-13,test,1,120,14,6
201,2017-11-18,test,1,120,10,5
201,2017-11-29,test,1,120,5,1
201,2017-12-08,test,1,120,3,2
201,2017-12-09,test,1,120,18,11
201,2017-12-16,test,1,120,28,10
201,2017-12-23,test,1,120,14,8
201,2017-12-30,test,1,120,14,6
2011,2017-04-01,train,1,48,4,2
2011,2017-04-17,train,1,50,5,1
2011,2017-05-08,train,1,62,2,2
2011,2017-05-28,train,1,66,4,1
2011,2017-06-08,train,1,75,3,0
2011,2017-06-25,train,1,84,3,0
2011,2017-07-17,train,1,83,6,3
2011,2017-07-28,train,1,90,7,4
2011,2017-08-24,train,1,89,8,6
2011,2017-09-06,train,1,92,6,2
2011,2017-09-29,train,1,90,1,1
2011,2017-10-06,validation,1,90,3,2
2011,2017-10-18,validation,1,88,8,4
2011,2017-10-20,validation,1,89,4,2
2011,2017-10-31,validation,1,85,5,3
2011,2017-11-08,test,1,87,5,3
2011,2017-11-11,test,1,89,4,2
2011,2017-11-15,test,1,91,8,6
2011,2017-12-01,test,1,81,5,3
2011,2017-12-02,test,1,83,4,2
2011,2017-12-06,test,1,82,2,1
2011,2017-12-15,test,1,80,2,1
2011,2017-12-20,test,1,81,6,3
2011,2017-12-23,test,1,80,1,0
2011,2017-12-29,test,1,81,3,3
2015,2017-04-14,train,1,120,23,9
2015,2017-04-25,train,1,120,2,0
2015,2017-05-13,train,1,120,4,3
2015,2017-06-07,train,1,120,36,20
2015,2017-07-01,train,1,120,68,35
2015,2017-07-13,train,1,120,11,7
2015,2017-07-23,train,1,120,1,0
2015,2017-07-30,train,1,120,11,5
2015,2017-08-18,train,1,120,14,7
2015,2017-08-31,train,1,120,44,22
2015,2017-09-13,train,1,120,3,1
2015,2017-10-01,validation,1,120,18,9
2015,2017-10-08,validation,1,120,3,2
2015,2017-10-10,validation,1,120,11,6
2015,2017-10-14,validation,1,120,1,0
2015,2017-10-16,validation,1,120,2,1
2015,2017-10-18,validation,1,120,46,20
2015,2017-10-25,validation,1,120,14,7
2015,2017-10-28,validation,1,120,3,1
2015,2017-11-01,test,1,120,8,4
2015,2017-11-10,test,1,120,7,3
2015,2017-11-11,test,1,120,8,6
2015,2017-11-19,test,1,120,29,13
2015,2017-11-22,test,1,120,4,1
2015,2017-11-30,test,1,120,38,19
2015,2017-12-08,test,1,120,5,4
2015,2017-12-14,test,1,120,19,11
2015,2017-12-22,test,1,120,25,12
2015,2017-12-23,test,1,120,9,1
2015,2017-12-30,test,1,120,3,3
2020,2017-04-03,train,1,120,16,9
2020,2017-04-14,train,1,120,23,6
2020,2017-04-22,train,1,120,7,3
2020,2017-04-26,train,1,120,10,4
2020,2017-05-03,train,1,120,11,5
2020,2017-05-11,train,1,120,5,1
2020,2017-05-23,train,1,120,15,5
2020,2017-06-02,train,1,120,14,4
2020,2017-06-10,train,1,120,30,10
2020,2017-06-17,train,1,120,5,1
2020,2017-06-22,train,1,120,5,2
2020,2017-07-01,train,1,120,23,13
2020,2017-07-21,train,1,120,1,0
2020,2017-08-03,train,1,120,19,7
2020,2017-08-11,train,1,120,3,2
2020,2017-08-19,train,1,120,4,0
2020,2017-08-27,train,1,120,12,4
2020,2017-09-02,train,1,120,17,9
2020,2017-09-08,train,1,120,2,1
2020,2017-09-14,train,1,120,2,1
2020,2017-09-23,train,1,120,9,4
2020,2017-09-30,train,1,120,30,9
2020,2017-10-04,validation,1,120,21,8
2020,2017-10-07,validation,1,120,5,1
2020,2017-10-11,validation,1,120,79,10
2020,2017-10-15,validation,1,120,13,2
2020,2017-10-22,validation,1,120,17,4
2020,2017-10-25,validation,1,120,9,1
2020,2017-10-26,validation,1,120,5,0
2020,2017-11-02,test,1,120,7,3
2020,2017-11-07,test,1,120,7,2
2020,2017-11-11,test,1,120,8,5
2020,2017-11-15,test,1,120,31,9
2020,2017-11-16,test,1,120,5,1
2020,2017-11-17,test,1,120,4,0
2020,2017-11-18,test,1,120,12,2
2020,2017-11-23,test,1,120,12,4
2020,2017-11-25,test,1,120,2,0
2020,2017-11-29,test,1,120,1,1
2020,2017-11-30,test,1,120,41,19
2020,2017-12-01,test,1,120,6,1
2020,2017-12-03,test,1,120,14,8
2020,2017-12-09,test,1,120,57,20
2020,2017-12-20,test,1,120,2,0
2020,2017-12-24,test,1,120,24,3
2020,2017-12-27,test,1,120,3,0
2020,2017-12-31,test,1,120,20,5
2021,2017-05-26,train,1,60,9,4
2021,2017-07-07,train,1,67,17,6
2021,2017-08-05,train,1,60,10,3
2021,2017-09-05,train,1,55,3,2
2021,2017-10-09,validation,1,56,5,2
2021,2017-10-30,validation,1,58,1,1
2021,2017-11-02,test,1,51,2,1
2021,2017-11-06,test,1,52,9,4
2021,2017-11-21,test,1,57,2,1
2021,2017-12-06,test,1,53,18,11
2021,2017-12-09,test,1,60,14,7
2021,2017-12-26,test,1,64,3,2
2022,2017-04-08,train,1,120,28,3
2022,2017-05-15,train,1,120,27,3
2022,2017-06-06,train,1,120,13,3
2022,2017-07-02,train,1,120,2,0
2022,2017-08-06,train,1,120,63,13
2022,2017-08-20,train,1,120,8,0
2022,2017-09-16,train,1,120,22,2
2022,2017-10-05,validation,1,120,42,8
2022,2017-10-13,validation,1,120,3,0
2022,2017-10-21,validation,1,120,5,0
2022,2017-10-25,validation,1,120,36,9
2022,2017-10-31,validation,1,120,10,0
2022,2017-11-09,test,1,120,30,5
2022,2017-11-11,test,1,120,9,1
2022,2017-11-17,test,1,120,7,1
2022,2017-11-24,test,1,120,9,1
2022,2017-12-01,test,1,120,51,13
2022,2017-12-10,test,1,120,1,0
2022,2017-12-11,test,1,120,17,6
2022,2017-12-22,test,1,120,33,7
2022,2017-12-31,test,1,120,56,12
2023,2017-04-11,train,1,35,2,1
2023,2017-04-24,train,1,40,12,1
2023,2017-05-09,train,1,84,1,0
2023,2017-05-25,train,1,87,7,5
2023,2017-06-12,train,1,94,4,1
2023,2017-06-30,train,1,102,9,2
2023,2017-07-21,train,1,109,4,1
2023,2017-08-07,train,1,104,3,1
2023,2017-08-28,train,1,107,3,2
2023,2017-09-05,train,1,109,3,3
2023,2017-09-26,train,1,96,4,0
2023,2017-10-10,validation,1,98,2,1
2023,2017-10-13,validation,1,99,1,1
2023,2017-10-19,validation,1,99,6,2
2023,2017-10-26,validation,1,77,15,5
2023,2017-11-03,test,1,74,1,1
2023,2017-11-06,test,1,73,11,9
2023,2017-11-09,test,1,74,1,1
2023,2017-11-15,test,1,74,1,1
2023,2017-11-18,test,1,74,1,1
2023,2017-11-21,test,1,74,6,2
2023,2017-11-24,test,1,76,3,1
2023,2017-12-12,test,1,67,9,4
2023,2017-12-14,test,1,72,5,2
2023,2017-12-22,test,1,73,1,1
2023,2017-12-23,test,1,73,9,2
2023,2017-12-24,test,1,79,10,2
2023,2017-12-30,test,1,80,5,1
2024,2017-04-25,train,1,120,33,14
2024,2017-06-29,train,1,120,24,9
2024,2017-08-27,train,1,120,6,2
2024,2017-09-29,train,1,120,10,4
2024,2017-10-04,validation,1,120,29,4
2024,2017-10-16,validation,1,120,23,6
2024,2017-10-28,validation,1,120,2,1
2024,2017-11-10,test,1,113,9,5
2024,2017-11-17,test,1,117,3,1
2024,2017-12-10,test,1,119,2,0
2024,2017-12-21,test,1,120,34,6
2024,2017-12-24,test,1,120,28,6
2024,2017-12-30,test,1,120,13,5
2025,2017-07-05,train,0,39,15,1
2025,2017-12-14,test,1,31,9,0
2025,2017-12-20,test,1,40,6,0
2028,2017-05-01,train,1,66,6,1
2028,2017-06-26,train,1,76,15,8
2028,2017-08-05,train,1,73,4,1
2028,2017-08-21,train,1,79,2,1
2028,2017-09-02,train,1,78,6,2
2028,2017-10-05,validation,1,76,1,1
2028,2017-10-10,validation,1,76,5,1
2028,2017-10-13,validation,1,80,4,2
2028,2017-10-14,validation,1,82,2,0
2028,2017-10-23,validation,1,75,4,1
2028,2017-11-04,test,1,73,7,4
2028,2017-11-15,test,1,74,2,0
2028,2017-11-19,test,1,76,7,2
2028,2017-11-24,test,1,79,1,0
2028,2017-11-26,test,1,80,4,0
2028,2017-12-06,test,1,84,8,6
2028,2017-12-26,test,1,80,12,6
2037,2017-04-18,train,1,92,1,0
2037,2017-05-05,train,1,95,3,0
2037,2017-05-29,train,1,103,20,4
2037,2017-07-08,train,1,120,2,0
2037,2017-10-16,validation,1,53,3,0
2037,2017-10-23,validation,1,50,1,0
2037,2017-11-05,test,1,46,3,0
2037,2017-11-08,test,1,47,1,0
2037,2017-11-12,test,1,48,9,3
2037,2017-11-19,test,1,51,14,2
2037,2017-12-12,test,1,47,3,0
2037,2017-12-15,test,1,50,6,2
2037,2017-12-21,test,1,50,15,3
2037,2017-12-27,test,1,62,8,1
2038,2017-04-24,train,0,5,3,1
2038,2017-07-19,train,1,42,2,1
2038,2017-08-07,train,1,56,3,2
2038,2017-08-25,train,1,74,15,6
2038,2017-09-16,train,1,101,2,0
2038,2017-10-03,validation,1,100,1,0
2038,2017-10-08,validation,1,101,2,1
2038,2017-10-25,validation,1,100,1,0
2038,2017-11-01,test,1,97,6,2
2038,2017-11-06,test,1,101,7,4
2038,2017-11-27,test,1,104,6,2
2038,2017-12-04,test,1,108,3,2
2038,2017-12-27,test,1,109,18,6
2040,2017-04-04,train,1,112,1,0
2040,2017-04-08,train,1,118,13,6
2040,2017-04-11,train,1,120,6,2
2040,2017-04-14,train,1,120,1,0
2040,2017-04-18,train,1,120,4,3
2040,2017-04-21,train,1,120,1,1
2040,2017-04-25,train,1,120,1,1
2040,2017-05-04,train,1,120,2,1
2040,2017-05-27,train,1,120,3,2
2040,2017-06-10,train,1,120,12,5
2040,2017-06-27,train,1,120,4,4
2040,2017-08-15,train,1,120,5,1
2040,2017-09-24,train,1,101,2,2
2040,2017-10-02,validation,1,99,1,1
2040,2017-10-07,validation,1,87,1,1
2040,2017-10-19,validation,1,61,3,2
2040,2017-11-03,test,1,51,3,1
2040,2017-11-19,test,1,52,3,1
2040,2017-11-28,test,1,49,3,1
2046,2017-04-12,train,1,45,2,0
2046,2017-05-21,train,1,48,1,0
2046,2017-08-05,train,1,40,12,1
2051,2017-06-27,train,1,67,3,1
2053,2017-04-10,train,1,120,3,1
2053,2017-04-17,train,1,120,3,1
2053,2017-04-28,train,1,120,10,5
2053,2017-05-02,train,1,120,12,4
2053,2017-05-09,train,1,120,3,1
2053,2017-05-30,train,1,120,9,6
2053,2017-06-09,train,1,120,18,9
2053,2017-07-01,train,1,120,6,6
2053,2017-07-10,train,1,120,5,3
2053,2017-07-18,train,1,120,9,5
2053,2017-07-30,train,1,120,8,5
2053,2017-08-28,train,1,120,2,1
2053,2017-09-14,train,1,120,7,3
2053,2017-09-21,train,1,120,16,7
2053,2017-10-03,validation,1,120,4,3
2053,2017-10-09,validation,1,120,6,3
2053,2017-10-17,validation,1,120,8,2
2053,2017-10-25,validation,1,120,12,5
2053,2017-11-01,test,1,120,21,7
2053,2017-11-04,test,1,120,2,0
2053,2017-11-06,test,1,120,2,1
2053,2017-11-10,test,1,120,17,8
2053,2017-11-13,test,1,120,2,1
2053,2017-11-14,test,1,120,13,7
2053,2017-11-17,test,1,120,3,3
2053,2017-11-19,test,1,120,7,5
2053,2017-11-21,test,1,120,7,2
2053,2017-11-22,test,1,120,1,0
2053,2017-11-30,test,1,120,11,8
2053,2017-12-04,test,1,120,8,3
2053,2017-12-06,test,1,120,2,1
2053,2017-12-08,test,1,120,8,4
2053,2017-12-11,test,1,120,7,7
2053,2017-12-17,test,1,120,3,1
2053,2017-12-24,test,1,120,2,2
2053,2017-12-26,test,1,120,14,8
2053,2017-12-28,test,1,120,10,5
2059,2017-05-04,train,1,120,7,1
2059,2017-08-10,train,1,112,11,4
2059,2017-09-23,train,1,85,19,1
2059,2017-10-12,validation,1,103,2,0
2059,2017-10-25,validation,1,90,30,7
2061,2017-05-07,train,0,6,3,0
2061,2017-12-27,test,0,5,5,0
2062,2017-04-02,train,1,120,1,0
2062,2017-04-14,train,1,120,5,1
2062,2017-04-19,train,1,120,15,8
2062,2017-07-08,train,1,120,21,2
2062,2017-07-23,train,1,120,6,0
2062,2017-08-12,train,1,120,2,0
2062,2017-08-21,train,1,120,8,3
2062,2017-10-01,validation,1,120,19,5
2062,2017-10-09,validation,1,120,12,3
2062,2017-10-29,validation,1,119,4,0
2062,2017-10-30,validation,1,120,4,0
2062,2017-11-04,test,1,120,5,1
2062,2017-11-10,test,1,120,2,1
2062,2017-11-14,test,1,120,1,0
2062,2017-11-21,test,1,120,4,1
2062,2017-11-24,test,1,120,5,1
2062,2017-11-26,test,1,120,3,0
2062,2017-12-02,test,1,120,2,0
2062,2017-12-03,test,1,120,4,1
2062,2017-12-12,test,1,120,2,0
2062,2017-12-13,test,1,120,4,2
2062,2017-12-17,test,1,120,5,1
2062,2017-12-23,test,1,120,7,2
2062,2017-12-28,test,1,120,3,0
2062,2017-12-30,test,1,120,2,0
2066,2017-04-08,train,1,59,1,0
2066,2017-05-01,train,1,67,1,0
2066,2017-05-19,train,1,73,2,0
2066,2017-06-08,train,1,75,3,0
2066,2017-07-26,train,1,74,4,2
2066,2017-08-06,train,1,77,1,0
2066,2017-08-26,train,1,51,1,0
2066,2017-09-20,train,1,40,3,0
2066,2017-10-06,validation,1,49,1,0
2066,2017-10-19,validation,1,43,1,1
2069,2017-05-15,train,1,63,7,0
2069,2017-06-30,train,1,88,9,4
2069,2017-07-16,train,1,102,4,2
2069,2017-08-02,train,1,120,2,0
2069,2017-08-09,train,1,120,2,1
2069,2017-08-19,train,1,120,5,0
2069,2017-09-01,train,1,120,7,3
2069,2017-09-12,train,1,120,7,2
2069,2017-10-05,validation,1,120,11,2
2069,2017-10-14,validation,1,120,23,5
2069,2017-10-15,validation,1,120,2,1
2069,2017-11-06,test,1,120,15,4
2069,2017-11-21,test,1,120,4,0
2069,2017-12-12,test,1,120,4,0
2069,2017-12-23,test,1,120,7,2
2075,2017-04-25,train,1,113,4,1
2075,2017-05-03,train,1,120,21,7
2075,2017-05-08,train,1,120,1,1
2075,2017-05-19,train,1,120,12,5
2075,2017-05-26,train,1,120,3,2
2075,2017-06-06,train,1,120,2,2
2075,2017-06-13,train,1,120,3,1
2075,2017-06-20,train,1,120,3,1
2075,2017-07-07,train,1,120,1,0
2075,2017-07-11,train,1,120,32,7
2075,2017-07-16,train,1,120,5,3
2075,2017-07-26,train,1,120,7,3
2075,2017-08-04,train,1,120,1,1
2075,2017-08-11,train,1,120,34,10
2075,2017-08-23,train,1,120,2,0
2075,2017-09-05,train,1,120,4,3
2075,2017-09-22,train,1,120,1,0
2075,2017-09-30,train,1,120,30,8
2075,2017-10-05,validation,1,120,6,4
2075,2017-10-06,validation,1,120,5,0
2075,2017-10-11,validation,1,120,6,0
2075,2017-10-13,validation,1,120,38,12
2075,2017-10-14,validation,1,120,3,1
2075,2017-10-24,validation,1,120,43,12
2075,2017-10-31,validation,1,120,1,0
2075,2017-11-04,test,1,120,46,12
2075,2017-11-11,test,1,120,2,1
2075,2017-11-12,test,1,120,3,0
2075,2017-11-17,test,1,120,8,1
2075,2017-11-28,test,1,120,2,2
2075,2017-12-02,test,1,120,32,8
2075,2017-12-03,test,1,120,2,1
2075,2017-12-13,test,1,120,1,0
2075,2017-12-29,test,1,120,2,0
2076,2017-04-01,train,1,120,43,33
2076,2017-04-09,train,1,120,6,3
2076,2017-04-29,train,1,120,41,24
2076,2017-05-06,train,1,120,5,1
2076,2017-06-01,train,1,120,4,2
2076,2017-06-12,train,1,120,6,2
2076,2017-07-03,train,1,120,4,0
2076,2017-07-23,train,1,120,5,3
2076,2017-08-12,train,1,120,7,3
2076,2017-08-21,train,1,120,1,1
2076,2017-08-31,train,1,120,4,1
2076,2017-09-22,train,1,120,3,0
2076,2017-10-09,validation,1,120,13,8
2076,2017-10-29,validation,1,120,8,4
2076,2017-11-02,test,1,120,13,3
2076,2017-11-04,test,1,120,4,2
2076,2017-11-09,test,1,120,5,2
2076,2017-11-11,test,1,120,2,2
2076,2017-11-12,test,1,120,1,1
2076,2017-11-25,test,1,120,4,3
2076,2017-12-02,test,1,120,1,0
2076,2017-12-10,test,1,120,45,22
2076,2017-12-15,test,1,120,15,3
2076,2017-12-16,test,1,120,1,0
2076,2017-12-17,test,1,120,9,8
2076,2017-12-19,test,1,120,2,1
2076,2017-12-20,test,1,120,2,2
2076,2017-12-24,test,1,120,24,9
2076,2017-12-26,test,1,120,12,5
2076,2017-12-30,test,1,120,53,27
2077,2017-04-19,train,1,50,8,3
2077,2017-05-15,train,1,61,4,1
2077,2017-06-26,train,1,75,6,6
2077,2017-07-24,train,1,73,3,1
2077,2017-08-08,train,1,80,2,2
2077,2017-09-02,train,1,68,10,4
2077,2017-10-08,validation,1,72,6,2
2077,2017-10-14,validation,1,76,4,2
2077,2017-10-17,validation,1,73,1,1
2077,2017-10-29,validation,1,73,19,11
2077,2017-11-05,test,1,79,9,5
2077,2017-11-12,test,1,74,16,6
2077,2017-11-14,test,1,84,4,4
2077,2017-11-28,test,1,84,20,11
2077,2017-12-02,test,1,93,14,5
2077,2017-12-06,test,1,94,4,2
2077,2017-12-10,test,1,96,11,9
2078,2017-04-30,train,1,32,8,0
2078,2017-11-12,test,0,2,7,0
2078,2017-11-19,test,1,9,10,0
2078,2017-12-09,test,1,19,4,0
2078,2017-12-24,test,1,21,3,0
2078,2017-12-27,test,1,24,3,0
2079,2017-04-10,train,1,120,7,3
2079,2017-04-18,train,1,120,20,6
2079,2017-05-03,train,1,120,18,10
2079,2017-05-13,train,1,120,16,6
2079,2017-06-02,train,1,120,21,11
2079,2017-06-14,train,1,120,1,1
2079,2017-09-21,train,1,120,13,3
2079,2017-10-09,validation,1,120,7,3
2079,2017-10-29,validation,1,117,9,4
2079,2017-11-11,test,1,78,13,5
2079,2017-11-24,test,1,72,20,5
2079,2017-12-08,test,1,62,25,12
2081,2017-06-05,train,0,18,1,0
2081,2017-09-12,train,1,23,24,5
2081,2017-10-16,validation,1,42,19,5
2081,2017-10-28,validation,1,56,21,8
2085,2017-04-02,train,1,120,26,16
2085,2017-04-11,train,1,120,10,3
2085,2017-04-21,train,1,120,7,2
2085,2017-04-29,train,1,120,2,0
2085,2017-05-04,train,1,120,4,2
2085,2017-05-12,train,1,120,11,6
2085,2017-05-25,train,1,120,10,2
2085,2017-06-08,train,1,120,15,7
2085,2017-06-13,train,1,120,2,2
2085,2017-06-25,train,1,120,37,15
2085,2017-07-07,train,1,120,2,0
2085,2017-07-14,train,1,120,21,8
2085,2017-07-21,train,1,120,12,8
2085,2017-07-24,train,1,120,4,0
2085,2017-08-02,train,1,120,15,4
2085,2017-08-09,train,1,120,9,4
2085,2017-08-20,train,1,120,3,2
2085,2017-08-28,train,1,120,25,9
2085,2017-09-04,train,1,120,27,14
2085,2017-09-14,train,1,120,13,3
2085,2017-09-24,train,1,120,2,0
2085,2017-10-07,validation,1,120,43,18
2085,2017-10-10,validation,1,120,32,12
2085,2017-10-11,validation,1,120,3,2
2085,2017-10-16,validation,1,120,2,0
2085,2017-10-17,validation,1,120,18,12
2085,2017-10-22,validation,1,120,2,1
2085,2017-10-26,validation,1,120,1,0
2085,2017-10-29,validation,1,120,35,17
2085,2017-10-30,validation,1,120,3,1
2085,2017-10-31,validation,1,120,5,3
2085,2017-11-02,test,1,120,5,3
2085,2017-11-07,test,1,120,5,0
2085,2017-11-08,test,1,120,3,1
2085,2017-11-13,test,1,120,55,17
2085,2017-11-16,test,1,120,11,6
2085,2017-11-21,test,1,120,21,10
2085,2017-11-23,test,1,120,11,4
2085,2017-11-25,test,1,120,16,7
2085,2017-11-29,test,1,120,6,0
2085,2017-11-30,test,1,120,4,2
2085,2017-12-01,test,1,120,9,1
2085,2017-12-04,test,1,120,4,1
2085,2017-12-06,test,1,120,13,8
2085,2017-12-09,test,1,120,12,8
2085,2017-12-10,test,1,120,2,1
2085,2017-12-12,test,1,120,13,2
2085,2017-12-13,test,1,120,15,7
2085,2017-12-17,test,1,120,2,0
2085,2017-12-18,test,1,120,1,0
2085,2017-12-21,test,1,120,10,7
2085,2017-12-24,test,1,120,2,0
2085,2017-12-27,test,1,120,8,5
2085,2017-12-28,test,1,120,32,15
2087,2017-04-08,train,1,120,1,0
2087,2017-04-11,train,1,120,1,0
2087,2017-04-23,train,1,120,29,11
2087,2017-05-10,train,1,120,7,0
2087,2017-05-18,train,1,120,1,1
2087,2017-06-02,train,1,120,6,1
2087,2017-06-10,train,1,120,12,3
2087,2017-06-26,train,1,120,2,1
2087,2017-07-07,train,1,120,24,6
2087,2017-07-14,train,1,120,11,3
2087,2017-07-22,train,1,120,6,1
2087,2017-08-06,train,1,120,13,7
2087,2017-08-22,train,1,120,4,2
2087,2017-09-05,train,1,120,4,1
2087,2017-09-19,train,1,120,19,2
2087,2017-09-28,train,1,120,36,6
2087,2017-10-03,validation,1,120,11,5
2087,2017-10-07,validation,1,120,36,7
2087,2017-10-12,validation,1,120,3,1
2087,2017-10-15,validation,1,120,1,1
2087,2017-10-17,validation,1,120,9,2
2087,2017-10-18,validation,1,120,6,1
2087,2017-10-19,validation,1,120,7,3
2087,2017-10-22,validation,1,120,4,1
2087,2017-10-25,validation,1,120,24,11
2087,2017-10-27,validation,1,120,4,1
2087,2017-11-03,test,1,120,35,14
2087,2017-11-07,test,1,120,15,1
2087,2017-11-09,test,1,120,23,8
2087,2017-11-10,test,1,120,4,0
2087,2017-11-16,test,1,120,1,1
2087,2017-11-20,test,1,120,2,2
2087,2017-11-23,test,1,120,42,15
2087,2017-11-24,test,1,120,3,1
2087,2017-12-08,test,1,120,4,0
2087,2017-12-10,test,1,120,18,11
2087,2017-12-11,test,1,120,3,1
2087,2017-12-12,test,1,120,3,0
2087,2017-12-22,test,1,120,3,0
2087,2017-12-23,test,1,120,38,13
2087,2017-12-27,test,1,120,22,7
2087,2017-12-29,test,1,120,6,4
2087,2017-12-31,test,1,120,18,4
209,2017-04-09,train,1,120,11,7
209,2017-05-01,train,1,120,17,8
209,2017-05-15,train,1,120,1,0
209,2017-06-06,train,1,120,29,10
209,2017-06-09,train,1,120,3,1
209,2017-06-21,train,1,120,13,8
209,2017-07-03,train,1,120,3,0
209,2017-07-23,train,1,120,27,11
209,2017-08-10,train,1,120,2,1
209,2017-08-20,train,1,120,1,0
209,2017-08-27,train,1,120,14,7
209,2017-09-07,train,1,120,19,11
209,2017-09-20,train,1,120,25,2
209,2017-09-27,train,1,120,1,0
209,2017-10-02,validation,1,120,2,1
209,2017-10-03,validation,1,120,1,0
209,2017-10-10,validation,1,120,26,7
209,2017-10-18,validation,1,120,1,0
209,2017-11-01,test,1,120,7,5
209,2017-11-04,test,1,120,2,2
209,2017-11-06,test,1,120,3,2
209,2017-11-11,test,1,120,26,7
209,2017-11-22,test,1,120,19,6
209,2017-11-27,test,1,120,14,4
209,2017-12-01,test,1,120,11,5
209,2017-12-04,test,1,120,19,7
209,2017-12-10,test,1,120,81,16
209,2017-12-12,test,1,120,6,2
209,2017-12-22,test,1,120,41,9
209,2017-12-28,test,1,120,2,1
2091,2017-05-28,train,0,59,13,0
2091,2017-08-21,train,1,84,25,4
2091,2017-10-22,validation,1,88,14,2
21,2017-06-18,train,0,19,28,1
21,2017-08-24,train,1,61,27,1
21,2017-10-28,validation,1,103,1,0
21,2017-11-11,test,1,104,14,5
21,2017-11-16,test,1,113,55,9
2105,2017-07-29,train,0,12,1,1
2108,2017-04-20,train,1,72,8,1
2108,2017-05-05,train,1,80,9,0
2108,2017-05-12,train,1,111,1,0
2108,2017-05-18,train,1,120,2,1
2108,2017-05-30,train,1,120,22,4
2108,2017-06-10,train,1,120,1,1
2108,2017-06-27,train,1,120,4,2
2108,2017-07-07,train,1,120,14,6
2108,2017-07-27,train,1,120,3,1
2108,2017-08-12,train,1,120,5,2
2108,2017-09-04,train,1,120,2,0
2108,2017-09-25,train,1,120,8,4
2108,2017-10-18,validation,1,120,13,7
2108,2017-10-26,validation,1,120,7,1
2108,2017-10-31,validation,1,120,1,1
2108,2017-11-01,test,1,120,6,2
2108,2017-11-15,test,1,120,4,2
2108,2017-11-22,test,1,120,1,0
2108,2017-12-01,test,1,120,15,7
2108,2017-12-07,test,1,120,7,5
2108,2017-12-27,test,1,116,8,2
2108,2017-12-30,test,1,118,7,1
2109,2017-04-14,train,1,120,3,2
2109,2017-04-29,train,1,120,12,8
2109,2017-05-21,train,1,120,5,4
2109,2017-06-04,train,1,120,6,6
2109,2017-06-21,train,1,120,5,3
2109,2017-07-02,train,1,120,3,1
2109,2017-07-17,train,1,120,3,3
2109,2017-08-05,train,1,120,15,8
2109,2017-08-20,train,1,120,3,3
2109,2017-09-02,train,1,94,9,3
2109,2017-09-13,train,1,103,6,2
2109,2017-09-23,train,1,107,6,6
2109,2017-10-08,validation,1,107,4,2
2109,2017-10-14,validation,1,107,6,2
2109,2017-10-17,validation,1,111,4,1
2109,2017-10-24,validation,1,111,1,0
2109,2017-10-27,validation,1,107,9,6
2109,2017-10-29,validation,1,110,8,1
2109,2017-11-02,test,1,117,4,4
2109,2017-11-04,test,1,112,50,3
2109,2017-11-07,test,1,120,6,4
2109,2017-11-15,test,1,120,3,1
2109,2017-11-19,test,1,120,6,4
2109,2017-11-26,test,1,120,8,4
2109,2017-12-01,test,1,120,9,5
2109,2017-12-08,test,1,120,3,3
2109,2017-12-11,test,1,120,2,2
2109,2017-12-14,test,1,120,5,3
2109,2017-12-15,test,1,120,5,3
2109,2017-12-17,test,1,120,8,3
2109,2017-12-23,test,1,120,9,5
2109,2017-12-27,test,1,120,6,3
2114,2017-04-10,train,1,111,11,6
2114,2017-04-24,train,1,120,10,6
2114,2017-05-13,train,1,120,3,0
2114,2017-05-21,train,1,120,9,6
2114,2017-06-07,train,1,120,6,2
2114,2017-06-20,train,1,120,7,5
2114,2017-07-07,train,1,120,4,4
2114,2017-07-17,train,1,120,3,3
2114,2017-07-24,train,1,120,6,4
2114,2017-08-09,train,1,120,9,6
2114,2017-08-20,train,1,120,10,8
2114,2017-09-06,train,1,120,6,4
2114,2017-09-15,train,1,120,11,5
2114,2017-10-02,validation,1,120,14,9
2114,2017-10-04,validation,1,120,10,4
2114,2017-10-09,validation,1,120,11,9
2114,2017-10-15,validation,1,120,7,4
2114,2017-10-16,validation,1,120,8,7
2114,2017-10-20,validation,1,120,5,3
2114,2017-10-23,validation,1,120,7,5
2114,2017-10-26,validation,1,120,2,0
2114,2017-10-27,validation,1,120,6,6
2114,2017-11-01,test,1,120,13,6
2114,2017-11-03,test,1,120,11,9
2114,2017-11-08,test,1,120,6,4
2114,2017-11-13,test,1,120,3,3
2114,2017-11-17,test,1,120,9,5
2114,2017-11-20,test,1,120,9,5
2114,2017-12-28,test,1,120,8,5
2116,2017-04-13,train,1,120,61,16
2116,2017-04-28,train,1,120,56,11
2116,2017-05-12,train,1,120,23,5
2116,2017-05-31,train,1,120,11,2
2116,2017-06-07,train,1,120,21,7
2116,2017-06-14,train,1,120,32,9
2116,2017-06-23,train,1,120,18,3
2116,2017-07-07,train,1,120,92,22
2116,2017-08-03,train,1,120,8,2
2116,2017-08-13,train,1,120,51,17
2116,2017-08-23,train,1,120,30,9
2116,2017-09-04,train,1,120,15,6
2116,2017-09-13,train,1,120,29,7
2116,2017-09-29,train,1,120,27,9
2116,2017-10-07,validation,1,120,4,0
2116,2017-10-10,validation,1,120,6,0
2116,2017-10-18,validation,1,120,37,15
2116,2017-10-27,validation,1,120,68,14
2116,2017-10-29,validation,1,120,23,3
2116,2017-11-04,test,1,120,8,3
2116,2017-11-05,test,1,120,5,2
2116,2017-11-10,test,1,120,10,2
2116,2017-11-15,test,1,120,19,5
2116,2017-11-19,test,1,120,39,6
2116,2017-11-22,test,1,120,28,6
2116,2017-11-25,test,1,120,14,2
2116,2017-12-03,test,1,120,3,1
2116,2017-12-06,test,1,120,13,4
2116,2017-12-13,test,1,120,2,1
2116,2017-12-17,test,1,120,12,2
2116,2017-12-28,test,1,120,9,4
2116,2017-12-29,test,1,120,22,4
2116,2017-12-30,test,1,120,1,0
2120,2017-04-27,train,1,85,5,3
2120,2017-05-30,train,1,94,2,0
2120,2017-06-30,train,1,110,9,6
2120,2017-10-14,validation,1,52,3,1
2120,2017-10-16,validation,1,54,1,1
2120,2017-10-18,validation,1,54,34,4
2120,2017-10-19,validation,1,84,2,0
2120,2017-11-06,test,1,80,12,3
2120,2017-11-20,test,1,89,18,6
2120,2017-11-21,test,1,101,7,3
2120,2017-11-22,test,1,105,15,1
2120,2017-11-23,test,1,119,3,1
2120,2017-12-06,test,1,112,10,4
2120,2017-12-07,test,1,118,13,3
2120,2017-12-18,test,1,120,30,10
2124,2017-04-04,train,1,120,15,8
2124,2017-04-18,train,1,120,19,11
2124,2017-05-02,train,1,120,4,3
2124,2017-05-18,train,1,120,2,1
2124,2017-05-30,train,1,120,11,6
2124,2017-06-21,train,1,120,27,14
2124,2017-07-04,train,1,120,8,4
2124,2017-07-25,train,1,120,29,18
2124,2017-08-08,train,1,120,21,13
2124,2017-08-21,train,1,120,2,1
2124,2017-09-07,train,1,120,21,16
2124,2017-09-25,train,1,120,43,21
2124,2017-10-02,validation,1,120,27,20
2124,2017-10-04,validation,1,120,1,0
2124,2017-10-11,validation,1,120,15,10
2124,2017-10-16,validation,1,120,33,23
2124,2017-10-20,validation,1,120,6,4
2124,2017-10-27,validation,1,120,43,30
2124,2017-10-31,validation,1,120,3,3
2124,2017-11-07,test,1,120,19,12
2124,2017-11-11,test,1,120,19,14
2124,2017-11-19,test,1,120,2,2
2124,2017-11-20,test,1,120,32,16
2124,2017-11-24,test,1,120,3,1
2124,2017-12-07,test,1,120,37,21
2124,2017-12-19,test,1,120,12,9
2124,2017-12-28,test,1,120,24,17
2124,2017-12-31,test,1,120,4,2
2133,2017-04-26,train,1,120,9,6
2133,2017-05-17,train,1,120,17,8
2133,2017-06-04,train,1,120,5,1
2133,2017-06-15,train,1,120,35,7
2133,2017-07-06,train,1,120,40,12
2133,2017-07-30,train,1,120,3,2
2133,2017-08-18,train,1,120,14,12
2133,2017-08-27,train,1,120,1,1
2133,2017-09-05,train,1,120,7,4
2133,2017-09-28,train,1,120,5,0
2133,2017-10-05,validation,1,120,39,16
2133,2017-10-11,validation,1,120,10,5
2133,2017-10-13,validation,1,120,6,3
2133,2017-10-16,validation,1,120,7,4
2133,2017-10-19,validation,1,120,3,3
2133,2017-10-23,validation,1,120,14,6
2133,2017-11-04,test,1,120,10,5
2133,2017-11-07,test,1,120,6,2
2133,2017-11-08,test,1,120,28,6
2133,2017-11-13,test,1,120,8,5
2133,2017-11-15,test,1,120,21,9
2133,2017-11-18,test,1,120,27,5
2133,2017-11-25,test,1,120,15,7
2133,2017-11-29,test,1,120,7,5
2133,2017-12-06,test,1,120,11,7
2133,2017-12-09,test,1,120,16,8
2133,2017-12-17,test,1,120,4,4
2133,2017-12-23,test,1,120,39,9
2133,2017-12-27,test,1,120,5,5
2133,2017-12-30,test,1,120,15,4
2135,2017-04-29,train,1,63,1,0
2135,2017-06-28,train,1,71,8,3
2135,2017-07-29,train,1,52,4,1
2135,2017-09-02,train,1,53,6,2
2135,2017-10-23,validation,1,59,4,0
2135,2017-11-07,test,1,56,4,2
2135,2017-11-24,test,1,54,7,2
2136,2017-07-09,train,0,35,49,5
2136,2017-12-07,test,1,107,51,10
2136,2017-12-09,test,1,120,8,0
2136,2017-12-30,test,1,120,23,1
2137,2017-04-01,train,1,65,42,0
2137,2017-04-06,train,1,116,3,0
2137,2017-04-15,train,1,120,5,1
2137,2017-05-01,train,1,120,3,0
2137,2017-05-13,train,1,120,10,3
2137,2017-05-27,train,1,120,3,2
2137,2017-06-14,train,1,120,3,1
2137,2017-07-22,train,1,120,16,3
2137,2017-07-28,train,1,120,6,1
2137,2017-08-11,train,1,120,5,0
2137,2017-08-20,train,1,120,7,0
2137,2017-08-26,train,1,120,11,1
2137,2017-09-01,train,1,120,41,13
2137,2017-09-12,train,1,120,3,0
2137,2017-09-17,train,1,120,5,2
2137,2017-09-24,train,1,120,2,2
2137,2017-09-29,train,1,120,2,0
2137,2017-10-04,validation,1,120,2,2
2137,2017-10-05,validation,1,120,2,2
2137,2017-10-07,validation,1,120,19,6
2137,2017-10-09,validation,1,120,1,1
2137,2017-10-10,validation,1,120,3,0
2137,2017-10-14,validation,1,120,4,0
2137,2017-11-03,test,1,120,1,0
2137,2017-11-04,test,1,120,3,0
2137,2017-11-05,test,1,120,7,0
2137,2017-11-06,test,1,120,5,2
2137,2017-11-12,test,1,120,4,1
2137,2017-11-14,test,1,120,2,1
2137,2017-11-18,test,1,120,8,1
2137,2017-11-19,test,1,120,4,0
2137,2017-11-20,test,1,120,6,3
2137,2017-11-21,test,1,120,8,1
2137,2017-12-03,test,1,120,1,0
2137,2017-12-04,test,1,120,1,0
2137,2017-12-07,test,1,120,2,0
2137,2017-12-12,test,1,120,3,0
2137,2017-12-16,test,1,120,13,6
2137,2017-12-17,test,1,120,3,0
2137,2017-12-18,test,1,120,9,2
2137,2017-12-22,test,1,120,6,0
2137,2017-12-24,test,1,120,6,1
2137,2017-12-31,test,1,120,6,2
2138,2017-04-10,train,1,120,1,1
2138,2017-06-01,train,1,120,5,0
2138,2017-07-27,train,1,120,8,3
2138,2017-09-05,train,1,115,14,2
2138,2017-10-03,validation,1,105,10,0
2138,2017-10-05,validation,1,77,21,1
2138,2017-11-14,test,1,92,5,1
2138,2017-11-19,test,1,96,30,4
2138,2017-12-15,test,1,118,14,2
2139,2017-04-01,train,1,120,4,1
2139,2017-04-16,train,1,120,16,12
2139,2017-04-25,train,1,120,1,0
2139,2017-04-30,train,1,120,24,17
2139,2017-05-06,train,1,120,1,0
2139,2017-05-14,train,1,120,1,1
2139,2017-05-19,train,1,120,3,0
2139,2017-06-01,train,1,120,2,1
2139,2017-06-10,train,1,120,1,0
2139,2017-06-15,train,1,120,2,1
2139,2017-07-01,train,1,120,2,0
2139,2017-07-05,train,1,120,1,0
2139,2017-07-11,train,1,120,1,0
2139,2017-07-16,train,1,120,2,0
2139,2017-07-19,train,1,120,1,1
2139,2017-07-26,train,1,120,4,1
2139,2017-08-06,train,1,120,33,12
2139,2017-08-17,train,1,120,5,1
2139,2017-08-24,train,1,120,2,1
2139,2017-08-31,train,1,120,2,2
2139,2017-09-10,train,1,120,2,1
2139,2017-09-21,train,1,120,2,1
2139,2017-09-26,train,1,120,2,0
2139,2017-10-01,validation,1,120,3,3
2139,2017-10-07,validation,1,120,1,0
2139,2017-10-22,validation,1,120,1,0
2139,2017-10-28,validation,1,120,1,1
2139,2017-10-30,validation,1,120,1,1
2139,2017-11-04,test,1,120,2,0
2139,2017-11-11,test,1,120,2,2
2139,2017-11-12,test,1,120,1,1
2139,2017-11-16,test,1,120,3,1
2139,2017-11-18,test,1,120,3,0
2139,2017-11-19,test,1,120,5,0
2139,2017-11-22,test,1,120,1,0
2139,2017-11-25,test,1,120,7,1
2139,2017-11-26,test,1,120,2,1
2139,2017-12-03,test,1,120,1,0
2139,2017-12-10,test,1,120,2,1
2139,2017-12-13,test,1,120,4,0
2139,2017-12-16,test,1,120,2,1
2139,2017-12-18,test,1,120,2,0
2139,2017-12-19,test,1,120,6,2
2144,2017-05-03,train,1,85,16,2
2144,2017-05-21,train,1,120,2,1
2144,2017-06-19,train,1,120,9,2
2144,2017-07-27,train,1,120,5,1
2144,2017-09-18,train,1,120,10,0
2144,2017-10-05,validation,1,120,12,3
2144,2017-10-16,validation,1,120,9,1
2144,2017-10-18,validation,1,120,6,2
2144,2017-10-19,validation,1,120,3,3
2144,2017-10-25,validation,1,120,7,0
2144,2017-10-26,validation,1,120,17,6
2144,2017-10-30,validation,1,120,2,1
2144,2017-11-03,test,1,120,48,2
2144,2017-11-04,test,1,120,8,0
2144,2017-11-12,test,1,120,16,5
2144,2017-11-20,test,1,120,7,3
2144,2017-12-11,test,1,120,4,0
2144,2017-12-24,test,1,120,45,2
2145,2017-04-19,train,1,60,1,0
2145,2017-07-02,train,1,65,3,0
2145,2017-09-07,train,1,21,3,0
2145,2017-10-13,validation,1,15,11,0
2145,2017-10-16,validation,1,26,2,0
2146,2017-04-03,train,1,66,22,3
2146,2017-06-15,train,1,91,5,1
2146,2017-07-30,train,1,71,23,3
2146,2017-10-04,validation,1,76,3,2
2146,2017-10-16,validation,1,77,20,3
2146,2017-11-14,test,1,91,28,3
2146,2017-11-21,test,1,112,22,3
2149,2017-04-03,train,1,25,1,0
2149,2017-05-07,train,1,30,1,1
2149,2017-05-14,train,1,35,1,0
2149,2017-05-24,train,1,37,6,1
2149,2017-06-30,train,1,52,4,1
2149,2017-07-30,train,1,60,3,3
2149,2017-08-15,train,1,59,6,3
2149,2017-09-06,train,1,72,17,6
2149,2017-09-30,train,1,84,6,1
2149,2017-10-11,validation,1,85,3,2
2149,2017-10-20,validation,1,86,4,3
2149,2017-10-21,validation,1,87,6,4
2149,2017-10-22,validation,1,89,3,3
2149,2017-10-29,validation,1,89,10,6
2149,2017-11-11,test,1,89,1,1
2149,2017-11-17,test,1,88,4,4
2149,2017-12-04,test,1,85,5,2
2149,2017-12-05,test,1,88,7,4
2149,2017-12-10,test,1,91,8,7
2149,2017-12-18,test,1,92,1,1
2152,2017-07-30,train,0,5,1,0
2152,2017-08-21,train,1,11,3,0
2152,2017-10-08,validation,1,15,1,0
2152,2017-11-04,test,1,16,2,0
2152,2017-11-14,test,1,18,7,0
2152,2017-11-15,test,1,25,4,1
2152,2017-11-28,test,1,27,3,1
2152,2017-12-08,test,1,26,1,1
2152,2017-12-09,test,1,26,7,1
2157,2017-07-03,train,0,49,7,0
2157,2017-11-10,test,0,34,15,1
2158,2017-04-02,train,1,120,2,1
2158,2017-05-02,train,1,120,31,8
2158,2017-05-31,train,1,120,10,4
2158,2017-06-28,train,1,120,15,4
2158,2017-08-24,train,1,120,4,4
2158,2017-10-18,validation,1,120,30,6
2158,2017-10-22,validation,1,120,9,3
2158,2017-10-31,validation,1,120,8,0
2158,2017-11-15,test,1,120,41,5
2158,2017-11-18,test,1,120,2,1
2158,2017-11-29,test,1,120,3,0
2158,2017-12-10,test,1,120,5,4
2158,2017-12-11,test,1,120,2,0
2158,2017-12-12,test,1,120,3,1
2158,2017-12-13,test,1,120,32,7
2158,2017-12-30,test,1,120,19,6
216,2017-04-03,train,1,24,2,0
216,2017-04-20,train,1,36,1,1
216,2017-05-17,train,1,51,2,1
216,2017-06-20,train,1,57,10,1
216,2017-07-07,train,1,82,12,6
216,2017-07-18,train,1,88,5,3
216,2017-08-06,train,1,96,3,2
216,2017-08-17,train,1,105,2,2
216,2017-09-03,train,1,112,6,4
216,2017-09-16,train,1,114,4,1
216,2017-09-27,train,1,120,12,7
216,2017-10-01,validation,1,120,13,4
216,2017-10-03,validation,1,120,1,1
216,2017-10-07,validation,1,120,2,2
216,2017-10-15,validation,1,120,5,0
216,2017-10-16,validation,1,120,1,1
216,2017-10-21,validation,1,120,3,2
216,2017-10-22,validation,1,120,5,3
216,2017-10-27,validation,1,120,1,0
216,2017-10-31,validation,1,120,11,6
216,2017-11-03,test,1,120,6,4
216,2017-11-10,test,1,120,9,4
216,2017-11-15,test,1,120,2,2
216,2017-11-18,test,1,120,5,2
216,2017-11-19,test,1,120,11,4
216,2017-11-22,test,1,120,8,1
216,2017-12-04,test,1,120,5,5
216,2017-12-08,test,1,120,4,1
216,2017-12-14,test,1,120,3,3
216,2017-12-17,test,1,120,1,0
216,2017-12-22,test,1,120,14,4
216,2017-12-26,test,1,120,3,2
2163,2017-06-01,train,0,5,1,1
2163,2017-08-31,train,0,6,2,2
2163,2017-11-02,test,0,6,2,1
2163,2017-12-06,test,0,7,3,0
2163,2017-12-13,test,1,10,2,2
2164,2017-04-18,train,1,120,13,4
2169,2017-04-27,train,1,45,10,0
2169,2017-05-29,train,1,59,18,0
2169,2017-07-17,train,1,70,2,0
2169,2017-09-11,train,1,69,1,1
2169,2017-10-03,validation,1,56,2,1
2169,2017-10-08,validation,1,55,42,1
2169,2017-11-21,test,1,87,13,0
2169,2017-12-09,test,1,79,7,0
217,2017-04-23,train,1,52,18,5
217,2017-05-15,train,1,85,30,10
217,2017-06-22,train,1,120,13,4
217,2017-08-07,train,1,120,42,14
217,2017-11-02,test,1,120,10,5
217,2017-12-02,test,1,95,32,11
217,2017-12-14,test,1,105,24,5
217,2017-12-16,test,1,120,12,2
2174,2017-04-07,train,1,63,1,0
2174,2017-07-15,train,1,99,26,0
2174,2017-09-30,train,1,79,6,0
2174,2017-11-30,test,1,52,2,0
2174,2017-12-02,test,1,54,7,0
2174,2017-12-27,test,1,44,3,0
2181,2017-08-11,train,1,10,1,0
2181,2017-09-01,train,1,34,7,0
2181,2017-09-16,train,1,76,2,0
2181,2017-09-25,train,1,91,4,0
2181,2017-10-01,validation,1,103,40,6
2181,2017-10-04,validation,1,120,10,1
2181,2017-10-09,validation,1,120,3,0
2181,2017-10-12,validation,1,120,11,2
2181,2017-10-16,validation,1,120,75,9
2181,2017-10-22,validation,1,120,4,0
2181,2017-10-27,validation,1,120,51,5
2181,2017-10-28,validation,1,120,50,1
2181,2017-11-06,test,1,120,24,1
2181,2017-11-10,test,1,120,14,2
2181,2017-11-14,test,1,120,13,2
2181,2017-11-18,test,1,120,29,3
2181,2017-11-22,test,1,120,1,0
2181,2017-12-06,test,1,120,13,1
2181,2017-12-08,test,1,120,32,6
2181,2017-12-10,test,1,120,15,1
2181,2017-12-17,test,1,120,42,10
2181,2017-12-24,test,1,120,25,5
2181,2017-12-28,test,1,120,10,3
2183,2017-05-06,train,1,67,8,3
2183,2017-05-16,train,1,83,24,3
2183,2017-05-25,train,1,112,6,1
2183,2017-06-08,train,1,120,6,1
2183,2017-06-23,train,1,120,11,6
2183,2017-07-03,train,1,120,2,0
2183,2017-07-13,train,1,120,8,2
2183,2017-07-21,train,1,120,10,5
2183,2017-07-31,train,1,120,7,3
2183,2017-08-12,train,1,120,2,1
2183,2017-08-19,train,1,120,12,3
2183,2017-08-25,train,1,120,11,7
2183,2017-09-07,train,1,120,2,0
2183,2017-09-19,train,1,120,2,0
2183,2017-09-24,train,1,120,26,4
2183,2017-10-06,validation,1,120,4,3
2183,2017-10-10,validation,1,120,19,9
2183,2017-10-12,validation,1,120,4,0
2183,2017-10-14,validation,1,120,13,6
2183,2017-10-16,validation,1,120,3,0
2183,2017-10-23,validation,1,120,10,2
2183,2017-10-24,validation,1,120,2,0
2183,2017-10-30,validation,1,120,9,3
2183,2017-11-02,test,1,120,8,1
2183,2017-11-03,test,1,120,7,5
2183,2017-11-04,test,1,120,5,1
2183,2017-11-10,test,1,120,8,2
2183,2017-11-15,test,1,120,14,3
2183,2017-11-21,test,1,120,5,2
2183,2017-12-02,test,1,120,7,1
2183,2017-12-04,test,1,120,3,1
2183,2017-12-08,test,1,120,2,0
2183,2017-12-15,test,1,120,11,4
2183,2017-12-16,test,1,120,16,4
2183,2017-12-18,test,1,120,13,0
2183,2017-12-24,test,1,120,5,0
2183,2017-12-29,test,1,120,7,1
2183,2017-12-30,test,1,120,6,2
2187,2017-04-04,train,1,43,6,3
2187,2017-05-06,train,1,96,3,0
2187,2017-06-01,train,1,112,4,2
2187,2017-10-05,validation,1,72,13,0
2187,2017-10-09,validation,1,85,20,11
2187,2017-11-05,test,1,74,34,2
2187,2017-12-12,test,1,91,24,10
2188,2017-04-02,train,1,120,7,3
2188,2017-04-17,train,1,120,18,8
2188,2017-05-01,train,1,120,3,2
2188,2017-05-14,train,1,120,11,4
2188,2017-05-23,train,1,120,13,6
2188,2017-06-04,train,1,120,27,10
2188,2017-06-15,train,1,120,28,6
2188,2017-07-03,train,1,120,1,1
2188,2017-07-24,train,1,120,14,7
2188,2017-08-02,train,1,120,4,1
2188,2017-08-14,train,1,120,23,9
2188,2017-09-04,train,1,120,14,6
2188,2017-09-24,train,1,120,14,3
2188,2017-10-02,validation,1,120,18,11
2188,2017-10-09,validation,1,120,32,7
2188,2017-10-25,validation,1,120,10,0
2188,2017-10-26,validation,1,120,5,0
2188,2017-11-09,test,1,120,2,0
2188,2017-11-20,test,1,120,20,5
2188,2017-11-22,test,1,120,3,1
2188,2017-11-29,test,1,120,11,6
2188,2017-12-07,test,1,120,2,1
2188,2017-12-12,test,1,120,10,6
2188,2017-12-18,test,1,120,25,7
2188,2017-12-27,test,1,120,3,1
2189,2017-04-14,train,1,12,1,0
2189,2017-05-07,train,1,15,3,2
2189,2017-06-03,train,1,17,1,0
2189,2017-06-24,train,1,19,6,1
2189,2017-07-03,train,1,25,5,0
2189,2017-07-23,train,1,30,4,1
2189,2017-08-19,train,1,32,8,4
2189,2017-09-30,train,1,36,2,2
2189,2017-10-01,validation,1,36,1,1
2189,2017-10-15,validation,1,36,3,2
2189,2017-11-11,test,1,35,3,3
2189,2017-11-22,test,1,35,3,1
2189,2017-12-16,test,1,34,2,1
2189,2017-12-17,test,1,35,6,2
2189,2017-12-23,test,1,34,7,5
2190,2017-04-06,train,1,120,27,7
2190,2017-05-01,train,1,120,41,13
2190,2017-05-07,train,1,120,32,13
2190,2017-05-20,train,1,120,27,11
2190,2017-05-26,train,1,120,16,4
2190,2017-06-12,train,1,120,23,6
2190,2017-07-01,train,1,120,46,4
2190,2017-07-17,train,1,120,15,4
2190,2017-07-30,train,1,120,13,4
2190,2017-08-09,train,1,120,16,5
2190,2017-08-17,train,1,120,20,7
2190,2017-08-20,train,1,120,20,12
2190,2017-08-31,train,1,120,13,4
2190,2017-09-14,train,1,120,27,5
2190,2017-10-20,validation,1,120,40,13
2190,2017-10-25,validation,1,120,10,4
2190,2017-11-01,test,1,120,6,0
2190,2017-11-02,test,1,120,27,6
2190,2017-11-04,test,1,120,19,8
2190,2017-11-08,test,1,120,17,5
2190,2017-11-12,test,1,120,21,7
2190,2017-11-14,test,1,120,19,11
2190,2017-11-28,test,1,120,14,4
2190,2017-12-01,test,1,120,8,1
2190,2017-12-02,test,1,120,3,1
2190,2017-12-07,test,1,120,29,9
2190,2017-12-10,test,1,120,40,6
2190,2017-12-18,test,1,120,11,6
2190,2017-12-27,test,1,120,46,9
2190,2017-12-31,test,1,120,15,2
2194,2017-04-07,train,1,120,16,9
2194,2017-04-15,train,1,120,21,3
2194,2017-04-27,train,1,120,6,3
2194,2017-05-04,train,1,120,3,1
2194,2017-05-10,train,1,120,6,4
2194,2017-05-18,train,1,120,5,0
2194,2017-05-25,train,1,120,3,3
2194,2017-05-29,train,1,120,18,8
2194,2017-06-17,train,1,120,2,1
2194,2017-06-24,train,1,120,4,0
2194,2017-07-01,train,1,120,3,3
2194,2017-07-10,train,1,120,22,9
2194,2017-07-17,train,1,120,8,6
2194,2017-07-24,train,1,120,10,3
2194,2017-07-28,train,1,120,10,5
2194,2017-08-10,train,1,120,4,2
2194,2017-08-14,train,1,120,1,1
2194,2017-08-17,train,1,120,2,0
2194,2017-08-22,train,1,120,27,7
2194,2017-08-26,train,1,120,15,6
2194,2017-08-29,train,1,120,3,1
2194,2017-09-03,train,1,120,7,2
2194,2017-09-07,train,1,120,1,1
2194,2017-09-14,train,1,120,5,3
2194,2017-09-22,train,1,120,1,1
2194,2017-09-29,train,1,120,6,3
2194,2017-10-02,validation,1,120,7,5
2194,2017-10-08,validation,1,120,2,1
2194,2017-10-09,validation,1,120,6,3
2194,2017-10-11,validation,1,120,4,3
2194,2017-10-13,validation,1,120,1,1
2194,2017-10-14,validation,1,120,9,5
2194,2017-10-16,validation,1,120,12,6
2194,2017-10-17,validation,1,120,1,1
2194,2017-10-18,validation,1,120,2,0
2194,2017-10-21,validation,1,120,2,0
2194,2017-10-22,validation,1,120,1,0
2194,2017-10-24,validation,1,120,1,0
2194,2017-10-25,validation,1,120,16,9
2194,2017-10-27,validation,1,120,2,1
2194,2017-10-30,validation,1,120,7,4
2194,2017-11-02,test,1,120,1,0
2194,2017-11-04,test,1,120,8,6
2194,2017-11-05,test,1,120,7,2
2194,2017-11-07,test,1,120,5,4
2194,2017-11-08,test,1,120,7,5
2194,2017-11-11,test,1,120,3,1
2194,2017-11-12,test,1,120,11,4
2194,2017-11-19,test,1,120,6,3
2194,2017-11-21,test,1,120,6,4
2194,2017-11-22,test,1,120,18,9
2194,2017-11-26,test,1,120,9,2
2194,2017-11-27,test,1,120,5,4
2194,2017-11-29,test,1,120,14,9
2194,2017-12-01,test,1,120,5,2
2194,2017-12-03,test,1,120,3,2
2194,2017-12-04,test,1,120,5,3
2194,2017-12-09,test,1,120,12,2
2194,2017-12-14,test,1,120,12,6
2194,2017-12-15,test,1,120,4,3
2194,2017-12-17,test,1,120,8,5
2194,2017-12-19,test,1,120,5,3
2194,2017-12-21,test,1,120,2,0
2194,2017-12-22,test,1,120,10,5
2194,2017-12-24,test,1,120,6,2
2194,2017-12-26,test,1,120,3,3
2194,2017-12-27,test,1,120,6,3
2194,2017-12-31,test,1,120,6,3
2196,2017-04-25,train,1,54,11,4
2196,2017-05-21,train,1,72,8,5
2196,2017-06-22,train,1,81,11,6
2196,2017-07-23,train,1,89,1,1
2196,2017-08-04,train,1,93,8,7
2196,2017-09-09,train,1,82,8,4
2196,2017-10-03,validation,1,80,2,1
2196,2017-10-14,validation,1,78,11,9
2196,2017-10-21,validation,1,80,10,2
2196,2017-10-30,validation,1,83,4,4
2196,2017-11-09,test,1,74,13,4
2196,2017-11-16,test,1,83,9,3
2196,2017-11-26,test,1,87,7,3
2196,2017-12-09,test,1,89,2,1
2196,2017-12-16,test,1,87,2,1
2196,2017-12-29,test,1,79,5,2
2197,2017-04-30,train,0,15,2,0
2197,2017-07-26,train,1,24,2,0
2197,2017-08-26,train,1,17,1,0
2197,2017-10-09,validation,1,18,3,0
2197,2017-11-11,test,1,19,3,0
2197,2017-12-19,test,1,20,5,1
2198,2017-04-03,train,1,36,9,2
2198,2017-04-07,train,1,57,2,0
2198,2017-04-10,train,1,69,8,2
2198,2017-04-26,train,1,82,10,5
2198,2017-05-01,train,1,89,14,10
2198,2017-05-06,train,1,105,13,1
2198,2017-05-10,train,1,119,3,1
2198,2017-05-17,train,1,120,19,11
2198,2017-05-22,train,1,120,11,3
2198,2017-05-31,train,1,120,3,2
2198,2017-06-04,train,1,120,3,1
2198,2017-06-12,train,1,120,4,2
2198,2017-06-23,train,1,120,17,6
2198,2017-07-06,train,1,120,17,2
2198,2017-07-19,train,1,120,16,8
2198,2017-07-24,train,1,120,8,4
2198,2017-07-31,train,1,120,1,0
2198,2017-08-03,train,1,120,15,8
2198,2017-08-10,train,1,120,3,1
2198,2017-08-16,train,1,120,1,0
2198,2017-08-23,train,1,120,6,2
2198,2017-08-30,train,1,120,3,3
2198,2017-09-08,train,1,120,17,10
2198,2017-09-18,train,1,120,3,2
2198,2017-09-22,train,1,120,1,0
2198,2017-09-28,train,1,120,21,8
2198,2017-10-02,validation,1,120,3,0
2198,2017-10-05,validation,1,120,24,14
2198,2017-10-06,validation,1,120,2,1
2198,2017-10-09,validation,1,120,6,3
2198,2017-10-10,validation,1,120,10,4
2198,2017-10-12,validation,1,120,14,9
2198,2017-10-13,validation,1,120,7,5
2198,2017-10-19,validation,1,120,17,8
2198,2017-10-27,validation,1,120,11,8
2198,2017-11-02,test,1,120,24,14
2198,2017-11-03,test,1,120,2,1
2198,2017-11-09,test,1,120,14,9
2198,2017-11-15,test,1,120,8,1
2198,2017-11-16,test,1,120,8,4
2198,2017-11-21,test,1,120,1,1
2198,2017-11-27,test,1,120,3,1
2198,2017-11-30,test,1,120,17,3
2198,2017-12-01,test,1,120,19,10
2198,2017-12-06,test,1,120,2,1
2198,2017-12-07,test,1,120,9,6
2198,2017-12-11,test,1,120,5,4
2198,2017-12-14,test,1,120,14,8
2198,2017-12-15,test,1,120,2,0
2198,2017-12-16,test,1,120,5,0
2198,2017-12-18,test,1,120,4,1
2198,2017-12-19,test,1,120,2,1
2198,2017-12-20,test,1,120,9,5
2198,2017-12-21,test,1,120,11,4
2198,2017-12-27,test,1,120,3,2
2198,2017-12-28,test,1,120,17,8
2198,2017-12-29,test,1,120,1,0
2198,2017-12-30,test,1,120,3,1
2198,2017-12-31,test,1,120,9,2
2199,2017-04-02,train,1,120,17,4
2199,2017-04-13,train,1,120,1,1
2199,2017-05-04,train,1,120,30,20
2199,2017-05-24,train,1,120,24,14
2199,2017-06-13,train,1,120,16,10
2199,2017-06-24,train,1,120,13,9
2199,2017-07-01,train,1,120,30,13
2199,2017-07-13,train,1,120,27,19
2199,2017-07-28,train,1,120,1,0
2199,2017-08-07,train,1,120,16,8
2199,2017-08-27,train,1,120,30,15
2199,2017-09-09,train,1,120,5,0
2199,2017-09-24,train,1,120,37,14
2199,2017-10-10,validation,1,120,27,11
2199,2017-10-19,validation,1,120,7,6
2199,2017-10-22,validation,1,120,18,11
2199,2017-10-26,validation,1,120,3,2
2199,2017-11-02,test,1,120,9,5
2199,2017-11-03,test,1,120,7,4
2199,2017-11-08,test,1,120,22,11
2199,2017-11-14,test,1,120,3,1
2199,2017-11-19,test,1,120,1,0
2199,2017-11-21,test,1,120,24,15
2199,2017-12-05,test,1,120,40,20
2199,2017-12-19,test,1,120,22,12
2199,2017-12-26,test,1,120,9,5
220,2017-04-12,train,1,109,4,1
220,2017-04-26,train,1,120,12,9
220,2017-06-02,train,1,120,16,8
220,2017-06-15,train,1,120,1,0
220,2017-07-11,train,1,120,7,0
220,2017-09-06,train,1,120,8,3
220,2017-09-30,train,1,120,17,0
220,2017-10-11,validation,1,120,4,0
220,2017-10-17,validation,1,120,2,1
220,2017-11-21,test,1,120,35,2
220,2017-12-01,test,1,120,19,6
220,2017-12-12,test,1,120,2,0
220,2017-12-18,test,1,120,6,0
2200,2017-04-11,train,1,120,18,7
2200,2017-04-24,train,1,120,39,5
2200,2017-05-17,train,1,120,69,23
2200,2017-05-30,train,1,120,3,1
2200,2017-06-06,train,1,120,11,5
2200,2017-06-14,train,1,120,8,1
2200,2017-06-26,train,1,120,47,15
2200,2017-07-05,train,1,120,34,11
2200,2017-07-22,train,1,120,48,16
2200,2017-08-13,train,1,120,18,7
2200,2017-08-31,train,1,120,10,4
2200,2017-09-15,train,1,120,51,13
2200,2017-09-18,train,1,120,4,2
2200,2017-09-30,train,1,120,5,2
2200,2017-10-03,validation,1,120,39,12
2200,2017-10-14,validation,1,120,17,7
2200,2017-10-15,validation,1,120,2,0
2200,2017-10-19,validation,1,120,60,15
2200,2017-10-23,validation,1,120,4,1
2200,2017-10-28,validation,1,120,34,13
2200,2017-11-03,test,1,120,54,16
2200,2017-11-11,test,1,120,32,17
2200,2017-11-17,test,1,120,12,3
2200,2017-11-19,test,1,120,24,7
2200,2017-11-24,test,1,120,3,0
2200,2017-11-25,test,1,120,3,1
2200,2017-11-27,test,1,120,2,0
2200,2017-12-02,test,1,120,53,21
2200,2017-12-11,test,1,120,12,6
2200,2017-12-15,test,1,120,41,13
2200,2017-12-22,test,1,120,16,6
2200,2017-12-23,test,1,120,4,1
2200,2017-12-29,test,1,120,43,18
2202,2017-07-24,train,0,27,2,0
2202,2017-12-04,test,0,2,2,0
2204,2017-04-04,train,1,120,1,0
2204,2017-04-11,train,1,120,8,2
2204,2017-04-19,train,1,120,11,2
2204,2017-04-23,train,1,120,2,2
2204,2017-05-01,train,1,120,8,3
2204,2017-05-11,train,1,120,4,2
2204,2017-05-28,train,1,120,7,3
2204,2017-06-04,train,1,120,1,0
2204,2017-06-13,train,1,120,7,0
2204,2017-06-27,train,1,120,6,4
2204,2017-07-12,train,1,120,9,4
2204,2017-07-19,train,1,120,12,7
2204,2017-08-13,train,1,120,6,2
2204,2017-09-01,train,1,120,25,6
2204,2017-10-08,validation,1,120,8,4
2204,2017-10-17,validation,1,120,3,1
2204,2017-10-19,validation,1,120,7,3
2204,2017-10-24,validation,1,120,13,4
2204,2017-10-31,validation,1,120,6,4
2204,2017-11-02,test,1,120,10,1
2204,2017-11-06,test,1,120,8,3
2204,2017-11-24,test,1,120,31,10
2204,2017-12-05,test,1,120,6,5
2204,2017-12-18,test,1,120,7,1
2204,2017-12-26,test,1,120,8,1
2204,2017-12-31,test,1,120,13,3
2206,2017-06-08,train,1,46,2,1
2206,2017-07-24,train,1,38,2,2
2206,2017-09-03,train,1,26,9,3
2206,2017-11-02,test,1,32,3,0
2206,2017-11-08,test,1,35,12,1
2206,2017-11-14,test,1,46,6,3
2206,2017-12-01,test,1,40,2,0
2208,2017-04-08,train,1,120,10,1
2208,2017-04-14,train,1,120,23,3
2208,2017-05-02,train,1,120,2,0
2208,2017-05-12,train,1,120,12,5
2208,2017-05-26,train,1,120,11,3
2208,2017-06-15,train,1,120,7,3
2208,2017-06-26,train,1,120,2,1
2208,2017-07-12,train,1,120,5,2
2208,2017-07-28,train,1,120,9,3
2208,2017-08-14,train,1,120,12,2
2208,2017-08-31,train,1,120,7,4
2208,2017-10-14,validation,1,120,16,3
2208,2017-10-15,validation,1,120,17,6
2208,2017-10-17,validation,1,120,6,1
2208,2017-10-21,validation,1,120,1,0
2208,2017-11-13,test,1,120,5,2
2208,2017-11-15,test,1,120,1,0
2208,2017-11-27,test,1,120,1,0
2208,2017-11-28,test,1,120,2,0
2208,2017-12-01,test,1,120,1,1
2208,2017-12-12,test,1,120,11,5
2208,2017-12-24,test,1,120,9,1
221,2017-04-06,train,1,107,8,3
221,2017-05-02,train,1,120,22,2
221,2017-05-30,train,1,120,11,5
221,2017-06-26,train,1,120,23,7
221,2017-07-17,train,1,120,32,7
221,2017-08-04,train,1,120,21,6
221,2017-08-24,train,1,120,12,4
221,2017-09-03,train,1,120,11,5
221,2017-09-22,train,1,120,16,6
221,2017-10-10,validation,1,120,29,9
221,2017-10-23,validation,1,120,29,9
221,2017-10-31,validation,1,120,21,5
221,2017-11-10,test,1,120,10,3
221,2017-11-15,test,1,120,11,4
221,2017-11-22,test,1,120,4,2
221,2017-11-28,test,1,120,22,10
221,2017-12-05,test,1,120,22,7
221,2017-12-17,test,1,120,16,9
221,2017-12-26,test,1,120,28,13
221,2017-12-29,test,1,120,24,7
2211,2017-04-11,train,1,84,2,1
2211,2017-04-25,train,1,95,1,0
2211,2017-05-21,train,1,111,5,1
2211,2017-06-20,train,1,120,13,8
2211,2017-07-12,train,1,120,4,3
2211,2017-08-16,train,1,120,15,10
2211,2017-09-19,train,1,120,7,4
2211,2017-10-11,validation,1,116,12,7
2211,2017-10-25,validation,1,119,10,5
2211,2017-11-07,test,1,110,20,7
2211,2017-11-18,test,1,119,14,0
2211,2017-11-21,test,1,120,2,2
2211,2017-12-01,test,1,120,9,4
2211,2017-12-05,test,1,120,2,0
2211,2017-12-14,test,1,120,3,1
2211,2017-12-17,test,1,120,22,11
2211,2017-12-31,test,1,120,39,2
2215,2017-04-11,train,1,73,4,1
2215,2017-04-18,train,1,81,7,1
2215,2017-04-29,train,1,92,4,0
2215,2017-05-22,train,1,104,5,2
2215,2017-06-01,train,1,113,9,4
2215,2017-06-10,train,1,120,7,2
2215,2017-06-17,train,1,120,2,1
2215,2017-06-29,train,1,120,6,3
2215,2017-07-06,train,1,120,6,4
2215,2017-07-15,train,1,120,2,2
2215,2017-07-27,train,1,120,11,8
2215,2017-08-06,train,1,120,6,2
2215,2017-08-31,train,1,120,3,0
2215,2017-09-14,train,1,120,8,7
2215,2017-10-05,validation,1,120,7,5
2215,2017-10-10,validation,1,120,5,2
2215,2017-10-17,validation,1,120,6,4
2215,2017-10-20,validation,1,120,7,5
2215,2017-10-28,validation,1,120,7,4
2215,2017-10-30,validation,1,120,10,5
2215,2017-11-04,test,1,120,9,5
2215,2017-11-06,test,1,120,4,2
2215,2017-11-11,test,1,120,5,5
2215,2017-11-17,test,1,120,8,6
2215,2017-11-21,test,1,120,9,6
2215,2017-11-29,test,1,120,4,2
2215,2017-12-02,test,1,120,7,3
2215,2017-12-17,test,1,120,4,2
2215,2017-12-20,test,1,120,3,2
2217,2017-04-09,train,1,120,1,0
2217,2017-04-30,train,1,120,19,2
2217,2017-05-18,train,1,120,1,0
2217,2017-05-26,train,1,120,9,0
2217,2017-06-02,train,1,120,8,0
2217,2017-06-18,train,1,120,18,1
2217,2017-06-25,train,1,120,4,0
2217,2017-07-14,train,1,120,23,2
2217,2017-08-01,train,1,120,2,1
2217,2017-08-11,train,1,120,7,1
2217,2017-08-22,train,1,120,1,0
2217,2017-08-30,train,1,120,3,1
2217,2017-09-17,train,1,120,17,6
2217,2017-09-25,train,1,120,8,4
2217,2017-10-02,validation,1,120,4,1
2217,2017-10-05,validation,1,120,6,0
2217,2017-10-06,validation,1,120,17,4
2217,2017-10-08,validation,1,120,4,0
2217,2017-10-10,validation,1,120,15,3
2217,2017-10-16,validation,1,120,4,1
2217,2017-10-18,validation,1,120,4,0
2217,2017-10-25,validation,1,120,12,4
2217,2017-11-01,test,1,120,11,3
2217,2017-11-02,test,1,120,3,0
2217,2017-11-03,test,1,120,6,0
2217,2017-11-06,test,1,120,6,2
2217,2017-11-10,test,1,120,25,5
2217,2017-11-12,test,1,120,3,1
2217,2017-11-25,test,1,120,4,1
2217,2017-12-04,test,1,120,3,2
2217,2017-12-05,test,1,120,17,4
2217,2017-12-06,test,1,120,14,3
2217,2017-12-10,test,1,120,4,3
2217,2017-12-14,test,1,120,3,1
2217,2017-12-16,test,1,120,7,1
2217,2017-12-23,test,1,120,3,0
2217,2017-12-26,test,1,120,13,5
2218,2017-06-21,train,0,67,39,4
2218,2017-09-30,train,1,90,37,7
2218,2017-11-14,test,1,88,5,1
2218,2017-12-26,test,1,46,22,2
2218,2017-12-27,test,1,66,26,0
222,2017-04-12,train,1,120,37,19
222,2017-05-09,train,1,120,1,0
222,2017-05-28,train,1,120,6,2
222,2017-07-19,train,1,120,11,8
222,2017-08-02,train,1,120,4,1
222,2017-08-29,train,1,120,20,15
222,2017-09-05,train,1,120,1,0
222,2017-10-15,validation,1,120,44,25
222,2017-10-27,validation,1,120,34,24
222,2017-11-04,test,1,120,6,5
222,2017-11-11,test,1,120,40,21
222,2017-12-08,test,1,120,35,23
222,2017-12-15,test,1,120,3,2
222,2017-12-16,test,1,120,13,8
222,2017-12-17,test,1,120,2,1
222,2017-12-23,test,1,120,2,2
222,2017-12-28,test,1,120,42,29
2223,2017-04-03,train,1,8,3,2
2223,2017-09-28,train,0,6,1,0
2223,2017-10-04,validation,1,12,1,0
2223,2017-10-13,validation,1,13,2,0
2223,2017-10-31,validation,1,15,1,0
2223,2017-11-14,test,1,14,6,0
2223,2017-11-17,test,1,20,2,0
2223,2017-11-22,test,1,22,3,0
2223,2017-11-25,test,1,25,7,0
2223,2017-12-06,test,1,32,4,0
2223,2017-12-27,test,1,36,2,0
2227,2017-04-21,train,1,120,8,1
2227,2017-04-27,train,1,120,18,5
2227,2017-05-01,train,1,120,10,6
2227,2017-05-11,train,1,120,4,1
2227,2017-05-26,train,1,120,1,0
2227,2017-05-29,train,1,120,2,0
2227,2017-06-11,train,1,120,14,9
2227,2017-06-19,train,1,120,6,1
2227,2017-07-01,train,1,120,31,11
2227,2017-07-08,train,1,120,16,2
2227,2017-07-15,train,1,120,2,0
2227,2017-07-22,train,1,120,13,5
2227,2017-07-30,train,1,120,6,2
2227,2017-08-03,train,1,120,5,2
2227,2017-08-20,train,1,120,13,3
2227,2017-08-30,train,1,120,7,3
2227,2017-09-04,train,1,120,3,1
2227,2017-09-16,train,1,120,6,2
2227,2017-10-03,validation,1,120,6,3
2227,2017-10-07,validation,1,120,28,12
2227,2017-10-15,validation,1,120,16,9
2227,2017-10-22,validation,1,120,20,9
2227,2017-10-27,validation,1,120,16,6
2227,2017-11-02,test,1,120,7,4
2227,2017-11-04,test,1,120,21,9
2227,2017-11-22,test,1,120,36,14
2227,2017-11-28,test,1,120,5,2
2227,2017-11-30,test,1,120,1,0
2227,2017-12-05,test,1,120,3,1
2227,2017-12-24,test,1,120,1,0
2229,2017-04-16,train,0,6,1,0
2229,2017-07-11,train,1,16,7,0
2229,2017-08-16,train,1,50,10,5
2229,2017-10-03,validation,1,78,9,2
2229,2017-10-08,validation,1,82,15,0
2229,2017-10-11,validation,1,97,11,4
2229,2017-10-18,validation,1,103,40,11
2229,2017-10-24,validation,1,120,25,6
2229,2017-10-28,validation,1,120,2,0
2229,2017-10-30,validation,1,120,44,12
2229,2017-11-07,test,1,120,2,0
2229,2017-11-11,test,1,120,25,5
2229,2017-11-16,test,1,120,15,4
2229,2017-11-21,test,1,120,48,9
2229,2017-11-24,test,1,120,1,0
2229,2017-11-25,test,1,120,14,0
2229,2017-12-01,test,1,120,21,13
2229,2017-12-03,test,1,120,6,1
2229,2017-12-06,test,1,120,18,0
2229,2017-12-09,test,1,120,6,2
2229,2017-12-12,test,1,120,5,2
2229,2017-12-13,test,1,120,9,0
2229,2017-12-19,test,1,120,42,9
2229,2017-12-23,test,1,120,5,2
2229,2017-12-28,test,1,120,19,5
2230,2017-05-04,train,0,56,5,0
2230,2017-06-10,train,1,81,1,0
2230,2017-10-02,validation,1,70,41,7
2230,2017-10-22,validation,1,84,7,2
2230,2017-10-28,validation,1,89,3,0
2230,2017-11-06,test,1,87,30,7
2230,2017-11-09,test,1,110,4,2
2230,2017-11-11,test,1,112,1,0
2230,2017-11-15,test,1,113,5,1
2230,2017-11-30,test,1,111,13,7
2230,2017-12-11,test,1,103,3,0
2231,2017-04-14,train,1,80,37,6
2231,2017-05-31,train,1,120,24,6
2231,2017-07-10,train,1,120,13,2
2231,2017-08-15,train,1,120,6,3
2231,2017-09-29,train,1,120,52,8
2231,2017-10-09,validation,1,120,4,1
2231,2017-10-12,validation,1,120,1,0
2231,2017-10-22,validation,1,120,23,4
2231,2017-11-05,test,1,120,17,8
2231,2017-11-10,test,1,120,3,0
2231,2017-11-29,test,1,120,1,0
2231,2017-12-02,test,1,120,42,11
2231,2017-12-18,test,1,120,7,1
2231,2017-12-19,test,1,120,7,0
2232,2017-04-01,train,0,62,16,8
2232,2017-04-30,train,1,90,5,1
2232,2017-07-28,train,1,99,3,2
2232,2017-08-23,train,1,87,2,1
2232,2017-10-01,validation,1,69,1,0
2232,2017-11-13,test,1,45,2,0
2232,2017-11-19,test,1,47,1,0
2232,2017-12-19,test,1,48,18,1
2240,2017-05-14,train,1,120,4,3
2240,2017-05-30,train,1,120,67,14
2240,2017-06-09,train,1,120,14,5
2240,2017-06-28,train,1,120,2,1
2240,2017-07-08,train,1,120,6,3
2240,2017-07-18,train,1,120,3,1
2240,2017-07-23,train,1,120,13,6
2240,2017-08-17,train,1,120,7,2
2240,2017-08-31,train,1,120,1,1
2240,2017-09-11,train,1,120,17,4
2240,2017-09-23,train,1,120,2,0
2240,2017-10-01,validation,1,120,1,1
2240,2017-10-05,validation,1,120,33,18
2240,2017-10-11,validation,1,120,11,6
2240,2017-10-14,validation,1,120,2,0
2240,2017-10-17,validation,1,120,11,4
2240,2017-10-21,validation,1,120,5,4
2240,2017-11-02,test,1,120,2,2
2240,2017-11-04,test,1,120,2,1
2240,2017-11-11,test,1,120,5,5
2240,2017-11-16,test,1,120,48,16
2240,2017-11-17,test,1,120,1,0
2240,2017-11-21,test,1,120,11,3
2240,2017-11-23,test,1,120,5,1
2240,2017-11-25,test,1,120,6,2
2240,2017-11-26,test,1,120,5,3
2240,2017-12-03,test,1,120,8,6
2240,2017-12-04,test,1,120,1,0
2240,2017-12-11,test,1,120,6,0
2240,2017-12-12,test,1,120,11,4
2240,2017-12-17,test,1,120,9,7
2240,2017-12-23,test,1,120,7,2
2240,2017-12-26,test,1,120,2,1
2241,2017-04-23,train,1,120,2,1
2241,2017-05-03,train,1,120,23,5
2241,2017-05-17,train,1,120,1,1
2241,2017-06-06,train,1,120,1,0
2241,2017-07-03,train,1,120,7,4
2241,2017-07-10,train,1,120,34,8
2241,2017-08-06,train,1,120,18,7
2241,2017-09-26,train,1,120,2,0
2241,2017-10-12,validation,1,120,3,2
2241,2017-10-21,validation,1,120,20,3
2241,2017-11-17,test,1,114,2,2
2241,2017-11-23,test,1,114,5,0
2241,2017-12-05,test,1,105,6,2
2241,2017-12-09,test,1,109,3,3
2241,2017-12-14,test,1,109,5,4
2241,2017-12-17,test,1,108,2,0
2241,2017-12-22,test,1,109,5,0
2241,2017-12-26,test,1,114,3,2
2242,2017-05-18,train,0,14,37,0
2242,2017-06-18,train,1,85,1,0
2242,2017-07-21,train,1,119,8,0
2242,2017-08-16,train,1,119,9,2
2242,2017-11-05,test,1,120,1,1
2242,2017-12-06,test,1,88,1,0
2242,2017-12-11,test,1,83,1,0
2242,2017-12-13,test,1,84,2,1
2242,2017-12-16,test,1,84,5,1
2242,2017-12-19,test,1,88,1,1
2242,2017-12-24,test,1,62,9,0
2243,2017-04-13,train,1,106,36,25
2243,2017-07-04,train,1,120,57,32
2243,2017-07-30,train,1,120,13,5
2243,2017-08-15,train,1,120,3,0
2243,2017-09-04,train,1,120,9,3
2243,2017-10-13,validation,1,120,50,28
2243,2017-11-01,test,1,120,7,1
2243,2017-11-02,test,1,120,2,0
2243,2017-11-07,test,1,120,60,37
2243,2017-11-18,test,1,120,4,2
2243,2017-11-22,test,1,120,5,1
2243,2017-12-09,test,1,120,10,4
2243,2017-12-16,test,1,120,3,1
2243,2017-12-18,test,1,120,59,33
2248,2017-04-13,train,1,51,1,0
2248,2017-07-19,train,1,109,44,4
2248,2017-11-01,test,1,50,3,0
2248,2017-11-12,test,1,53,11,2
2248,2017-11-23,test,1,62,5,1
2248,2017-11-25,test,1,60,1,0
2248,2017-12-07,test,1,61,2,0
2248,2017-12-09,test,1,63,1,0
2250,2017-04-07,train,1,106,16,8
2250,2017-05-19,train,1,120,24,6
2250,2017-06-02,train,1,120,19,9
2250,2017-07-14,train,1,120,18,3
2250,2017-08-31,train,1,120,17,3
2250,2017-10-03,validation,1,120,14,7
2250,2017-10-12,validation,1,120,3,1
2250,2017-10-20,validation,1,120,28,10
2250,2017-10-27,validation,1,120,9,3
2250,2017-11-17,test,1,120,22,6
2251,2017-05-21,train,0,46,53,6
2251,2017-10-17,validation,1,114,56,15
2251,2017-10-20,validation,1,120,14,0
2251,2017-10-26,validation,1,120,13,1
2251,2017-11-05,test,1,120,51,19
2251,2017-11-15,test,1,120,3,0
2251,2017-12-19,test,1,120,39,1
2251,2017-12-23,test,1,120,25,2
2254,2017-04-16,train,1,65,8,0
2254,2017-05-11,train,1,74,1,0
2254,2017-05-21,train,1,84,1,0
2254,2017-06-04,train,1,90,2,0
2254,2017-06-27,train,1,99,5,1
2254,2017-07-11,train,1,101,1,1
2254,2017-07-29,train,1,108,6,1
2254,2017-08-14,train,1,99,5,1
2254,2017-09-09,train,1,86,13,3
2254,2017-09-18,train,1,106,3,0
2254,2017-10-04,validation,1,102,5,3
2254,2017-10-10,validation,1,97,1,1
2254,2017-10-12,validation,1,97,2,0
2257,2017-04-03,train,0,3,2,2
2257,2017-05-08,train,1,8,1,1
2257,2017-06-09,train,1,9,2,2
2257,2017-07-04,train,1,9,2,2
2257,2017-08-11,train,1,10,4,1
2257,2017-09-24,train,1,13,1,1
2257,2017-10-11,validation,1,13,3,3
2257,2017-10-22,validation,1,11,2,2
2257,2017-10-30,validation,1,9,1,1
2257,2017-11-03,test,1,9,3,2
2257,2017-11-11,test,1,10,1,1
2257,2017-11-16,test,1,10,5,0
2257,2017-11-27,test,1,15,2,2
2257,2017-12-09,test,1,14,5,4
2257,2017-12-18,test,1,15,3,2
2263,2017-04-08,train,1,120,6,0
2263,2017-05-21,train,1,120,4,3
2263,2017-06-01,train,1,120,7,2
2263,2017-06-09,train,1,120,13,1
2263,2017-06-13,train,1,120,16,7
2263,2017-06-18,train,1,120,2,0
2263,2017-06-21,train,1,120,12,5
2263,2017-06-27,train,1,120,20,6
2263,2017-07-06,train,1,120,12,1
2263,2017-07-10,train,1,120,11,5
2263,2017-07-22,train,1,120,2,1
2263,2017-08-02,train,1,120,12,4
2263,2017-08-14,train,1,120,28,14
2263,2017-08-23,train,1,120,2,1
2263,2017-08-30,train,1,120,2,0
2263,2017-09-06,train,1,120,4,0
2263,2017-09-14,train,1,120,11,7
2263,2017-09-27,train,1,120,9,6
2263,2017-10-01,validation,1,120,24,8
2263,2017-10-03,validation,1,120,1,0
2263,2017-10-04,validation,1,120,9,5
2263,2017-10-08,validation,1,120,47,13
2263,2017-10-11,validation,1,120,24,7
2263,2017-10-13,validation,1,120,6,3
2263,2017-10-15,validation,1,120,22,9
2263,2017-10-17,validation,1,120,9,4
2263,2017-10-24,validation,1,120,9,2
2263,2017-10-25,validation,1,120,5,3
2263,2017-10-26,validation,1,120,3,2
2263,2017-11-01,test,1,120,12,5
2263,2017-11-04,test,1,120,4,1
2263,2017-11-05,test,1,120,6,2
2263,2017-11-06,test,1,120,5,3
2263,2017-11-08,test,1,120,21,12
2263,2017-11-14,test,1,120,3,2
2263,2017-11-16,test,1,120,6,6
2263,2017-11-19,test,1,120,6,1
2263,2017-11-27,test,1,120,9,4
2263,2017-11-29,test,1,120,6,4
2263,2017-12-07,test,1,120,14,4
2263,2017-12-11,test,1,120,8,2
2263,2017-12-14,test,1,120,1,0
2263,2017-12-24,test,1,120,10,5
2263,2017-12-29,test,1,120,4,2
2267,2017-05-10,train,0,31,18,1
2267,2017-06-05,train,1,58,2,0
2267,2017-07-20,train,1,67,16,4
2267,2017-10-02,validation,1,93,10,1
2267,2017-10-09,validation,1,102,45,10
2267,2017-10-25,validation,1,120,13,7
2267,2017-10-27,validation,1,120,7,1
2267,2017-10-28,validation,1,120,13,1
2267,2017-11-01,test,1,120,25,14
2267,2017-11-10,test,1,120,26,14
2267,2017-11-15,test,1,120,26,9
2267,2017-11-22,test,1,120,3,0
2267,2017-11-30,test,1,120,1,0
2267,2017-12-06,test,1,120,4,1
2267,2017-12-07,test,1,120,24,11
2267,2017-12-14,test,1,120,9,5
2267,2017-12-23,test,1,120,20,10
2267,2017-12-27,test,1,120,6,1
2270,2017-04-13,train,1,120,30,4
2270,2017-04-26,train,1,120,14,2
2270,2017-05-06,train,1,120,1,0
2270,2017-05-17,train,1,120,2,0
2270,2017-05-26,train,1,120,11,3
2270,2017-06-02,train,1,120,13,5
2270,2017-06-08,train,1,120,5,1
2270,2017-06-13,train,1,120,2,0
2270,2017-06-20,train,1,120,12,5
2270,2017-06-29,train,1,120,11,2
2270,2017-07-03,train,1,120,2,1
2270,2017-07-09,train,1,120,3,1
2270,2017-07-19,train,1,120,23,4
2270,2017-07-27,train,1,120,9,1
2270,2017-07-30,train,1,120,12,2
2270,2017-08-12,train,1,120,41,10
2270,2017-08-19,train,1,120,8,2
2270,2017-08-30,train,1,120,5,0
2270,2017-09-05,train,1,120,10,1
2270,2017-09-10,train,1,120,1,0
2270,2017-09-19,train,1,120,8,5
2270,2017-10-02,validation,1,120,17,2
2270,2017-10-11,validation,1,120,7,2
2270,2017-10-15,validation,1,120,3,1
2270,2017-10-17,validation,1,120,15,7
2270,2017-10-25,validation,1,120,10,5
2270,2017-10-28,validation,1,120,11,5
2270,2017-10-29,validation,1,120,14,5
2270,2017-11-04,test,1,120,11,4
2270,2017-11-06,test,1,120,8,2
2270,2017-11-07,test,1,120,15,6
2270,2017-11-09,test,1,120,6,3
2270,2017-11-15,test,1,120,20,10
2270,2017-11-18,test,1,120,15,4
2270,2017-11-20,test,1,120,1,0
2270,2017-11-27,test,1,120,1,1
2270,2017-11-29,test,1,120,30,8
2270,2017-11-30,test,1,120,7,2
2270,2017-12-07,test,1,120,25,7
2270,2017-12-08,test,1,120,4,1
2270,2017-12-09,test,1,120,2,1
2270,2017-12-11,test,1,120,7,5
2270,2017-12-13,test,1,120,18,5
2270,2017-12-15,test,1,120,1,0
2270,2017-12-18,test,1,120,16,6
2270,2017-12-22,test,1,120,5,1
2270,2017-12-23,test,1,120,15,7
2270,2017-12-24,test,1,120,6,2
2270,2017-12-30,test,1,120,20,5
2276,2017-06-07,train,1,116,8,2
2276,2017-09-05,train,1,87,1,0
2276,2017-09-25,train,1,83,38,6
2276,2017-10-27,validation,1,86,10,3
2276,2017-11-22,test,1,88,15,4
2276,2017-12-05,test,1,91,26,0
2276,2017-12-19,test,1,109,27,2
2277,2017-04-23,train,1,120,1,1
2277,2017-05-04,train,1,120,27,15
2277,2017-05-17,train,1,120,14,8
2277,2017-05-26,train,1,120,1,0
2277,2017-06-06,train,1,120,7,2
2277,2017-06-16,train,1,120,17,7
2277,2017-06-26,train,1,120,26,15
2277,2017-07-07,train,1,120,10,2
2277,2017-07-27,train,1,120,17,6
2277,2017-08-20,train,1,120,5,1
2277,2017-09-21,train,1,120,1,0
2277,2017-10-09,validation,1,120,2,0
2277,2017-12-15,test,1,120,4,1
228,2017-04-15,train,1,31,13,1
228,2017-06-12,train,1,49,3,0
228,2017-07-20,train,1,73,8,2
228,2017-08-05,train,1,68,1,1
228,2017-08-26,train,1,103,19,4
228,2017-09-16,train,1,120,13,2
228,2017-10-04,validation,1,120,2,1
228,2017-10-09,validation,1,120,20,7
228,2017-11-04,test,1,120,8,0
228,2017-11-09,test,1,120,6,1
228,2017-11-19,test,1,120,1,0
228,2017-11-22,test,1,120,7,4
228,2017-11-28,test,1,120,5,2
228,2017-12-07,test,1,120,11,1
228,2017-12-10,test,1,120,4,2
228,2017-12-17,test,1,120,1,1
2281,2017-04-09,train,1,64,17,7
2281,2017-05-17,train,1,94,6,1
2281,2017-06-15,train,1,120,9,4
2281,2017-06-28,train,1,120,8,2
2281,2017-07-10,train,1,120,28,17
2281,2017-07-23,train,1,120,2,2
2281,2017-08-08,train,1,120,15,9
2281,2017-08-23,train,1,120,4,1
2281,2017-09-02,train,1,120,5,3
2281,2017-09-13,train,1,120,2,2
2281,2017-09-30,train,1,120,12,7
2281,2017-10-05,validation,1,120,3,2
2281,2017-10-10,validation,1,120,3,1
2281,2017-10-11,validation,1,120,34,16
2281,2017-10-16,validation,1,120,6,5
2281,2017-10-21,validation,1,120,33,19
2281,2017-10-23,validation,1,120,5,2
2281,2017-10-25,validation,1,120,4,2
2281,2017-10-29,validation,1,120,16,7
2281,2017-11-10,test,1,120,19,14
2281,2017-11-11,test,1,120,3,2
2281,2017-11-13,test,1,120,2,1
2281,2017-11-17,test,1,120,40,23
2281,2017-11-22,test,1,120,26,8
2281,2017-11-26,test,1,120,4,3
2281,2017-11-28,test,1,120,19,16
2281,2017-12-02,test,1,120,21,7
2281,2017-12-03,test,1,120,4,2
2281,2017-12-05,test,1,120,8,0
2281,2017-12-10,test,1,120,53,23
2281,2017-12-12,test,1,120,10,0
2281,2017-12-14,test,1,120,10,4
2281,2017-12-16,test,1,120,8,2
2281,2017-12-17,test,1,120,3,1
2281,2017-12-18,test,1,120,2,1
2281,2017-12-19,test,1,120,1,0
2281,2017-12-22,test,1,120,63,25
2282,2017-04-26,train,1,45,15,3
2282,2017-05-31,train,1,61,6,3
2282,2017-06-28,train,1,74,11,1
2282,2017-07-09,train,1,91,5,3
2282,2017-08-09,train,1,90,7,4
2282,2017-08-29,train,1,99,8,4
2282,2017-09-13,train,1,105,7,0
2282,2017-10-04,validation,1,116,5,2
2282,2017-10-11,validation,1,119,10,4
2282,2017-10-20,validation,1,120,4,1
2282,2017-10-24,validation,1,116,9,2
2282,2017-10-26,validation,1,120,5,2
2282,2017-11-01,test,1,120,6,2
2282,2017-11-05,test,1,120,6,4
2282,2017-11-09,test,1,120,3,0
2282,2017-11-19,test,1,120,4,3
2282,2017-11-22,test,1,120,4,3
2282,2017-11-24,test,1,120,5,2
2282,2017-12-26,test,1,118,4,0
229,2017-04-21,train,1,47,10,1
229,2017-06-01,train,1,76,11,3
229,2017-07-03,train,1,81,16,7
229,2017-08-11,train,1,90,12,4
229,2017-09-03,train,1,113,11,3
229,2017-10-10,validation,1,105,2,1
229,2017-10-25,validation,1,100,1,0
229,2017-11-17,test,1,92,3,2
2295,2017-04-13,train,1,120,63,25
2295,2017-05-02,train,1,120,15,1
2295,2017-06-04,train,1,120,105,41
2295,2017-07-08,train,1,120,89,36
2295,2017-08-04,train,1,120,2,0
2295,2017-09-06,train,1,120,21,13
2295,2017-09-25,train,1,120,1,0
2295,2017-10-14,validation,1,120,68,18
2295,2017-11-30,test,1,120,1,0
2295,2017-12-05,test,1,120,42,9
2295,2017-12-24,test,1,120,13,2
2298,2017-04-21,train,1,120,7,3
2298,2017-05-01,train,1,120,15,7
2298,2017-06-04,train,1,120,30,10
2298,2017-07-17,train,1,120,14,7
2298,2017-08-11,train,1,120,4,1
2298,2017-09-06,train,1,120,5,1
2298,2017-09-21,train,1,120,7,2
2298,2017-10-05,validation,1,120,8,5
2298,2017-10-21,validation,1,120,9,0
2298,2017-11-05,test,1,120,7,1
2298,2017-11-16,test,1,120,6,3
2298,2017-11-18,test,1,120,7,4
2298,2017-11-22,test,1,120,2,0
2298,2017-12-09,test,1,120,10,2
2298,2017-12-14,test,1,120,10,6
2298,2017-12-15,test,1,120,10,5
2298,2017-12-19,test,1,120,66,9
2298,2017-12-26,test,1,120,2,0
2298,2017-12-29,test,1,120,7,3
2301,2017-04-08,train,1,120,30,16
2301,2017-04-14,train,1,120,2,2
2301,2017-04-24,train,1,120,6,6
2301,2017-05-07,train,1,120,37,16
2301,2017-06-02,train,1,120,6,6
2301,2017-06-16,train,1,120,1,0
2301,2017-06-20,train,1,120,1,0
2301,2017-07-05,train,1,120,9,5
2301,2017-07-15,train,1,120,18,6
2301,2017-08-24,train,1,120,3,2
2301,2017-11-19,test,1,120,4,0
2301,2017-11-21,test,1,120,33,5
2301,2017-11-22,test,1,120,5,1
2301,2017-11-30,test,1,120,2,0
2301,2017-12-09,test,1,120,2,0
2310,2017-06-01,train,1,120,7,6
2310,2017-06-18,train,1,120,3,3
2310,2017-07-04,train,1,120,28,9
2310,2017-07-24,train,1,120,10,2
2310,2017-08-28,train,1,120,5,2
2310,2017-10-03,validation,1,120,1,0
2310,2017-10-09,validation,1,120,4,1
2310,2017-10-22,validation,1,120,4,2
2310,2017-10-31,validation,1,120,9,1
2310,2017-11-05,test,1,120,7,1
2310,2017-11-06,test,1,120,6,1
2310,2017-11-08,test,1,120,9,0
2310,2017-11-10,test,1,120,3,2
2310,2017-11-12,test,1,120,7,4
2310,2017-11-16,test,1,120,6,0
2310,2017-11-22,test,1,120,6,4
2310,2017-11-23,test,1,120,10,4
2310,2017-12-03,test,1,120,2,0
2310,2017-12-06,test,1,120,3,2
2310,2017-12-08,test,1,120,3,1
2310,2017-12-19,test,1,120,6,1
2314,2017-04-19,train,1,120,6,2
2314,2017-05-09,train,1,120,25,19
2314,2017-05-25,train,1,120,2,2
2314,2017-06-23,train,1,120,30,13
2314,2017-07-16,train,1,120,29,15
2314,2017-08-18,train,1,120,26,15
2314,2017-09-11,train,1,120,27,21
2314,2017-10-11,validation,1,120,26,14
2314,2017-10-15,validation,1,120,3,2
2314,2017-10-23,validation,1,120,41,21
2314,2017-10-27,validation,1,120,12,7
2314,2017-10-31,validation,1,120,4,2
2314,2017-11-10,test,1,120,3,0
2314,2017-11-12,test,1,120,62,18
2314,2017-11-18,test,1,120,22,8
2314,2017-11-20,test,1,120,1,0
2314,2017-12-13,test,1,120,29,13
2314,2017-12-21,test,1,120,29,16
2314,2017-12-24,test,1,120,5,1
2314,2017-12-31,test,1,120,17,10
2317,2017-04-08,train,1,120,84,24
2317,2017-04-21,train,1,120,6,1
2317,2017-05-09,train,1,120,55,22
2317,2017-05-18,train,1,120,28,15
2317,2017-05-31,train,1,120,23,9
2317,2017-06-12,train,1,120,58,19
2317,2017-06-26,train,1,120,59,14
2317,2017-07-02,train,1,120,28,7
2317,2017-07-11,train,1,120,36,9
2317,2017-08-04,train,1,120,60,17
2317,2017-08-18,train,1,120,25,19
2317,2017-08-26,train,1,120,18,5
2317,2017-09-17,train,1,120,64,24
2317,2017-10-03,validation,1,120,2,1
2317,2017-10-06,validation,1,120,18,9
2317,2017-10-10,validation,1,120,4,1
2317,2017-10-12,validation,1,120,24,9
2317,2017-11-03,test,1,120,24,7
2317,2017-11-04,test,1,120,1,0
2317,2017-11-05,test,1,120,9,3
2317,2017-11-08,test,1,120,67,15
2317,2017-11-22,test,1,120,18,5
2317,2017-11-29,test,1,120,70,26
2317,2017-12-03,test,1,120,37,12
2317,2017-12-07,test,1,120,54,18
2317,2017-12-14,test,1,120,59,19
2317,2017-12-15,test,1,120,6,4
2317,2017-12-17,test,1,120,1,0
2317,2017-12-20,test,1,120,42,20
2317,2017-12-24,test,1,120,31,10
2317,2017-12-28,test,1,120,54,23
2322,2017-04-17,train,1,120,16,5
2322,2017-04-25,train,1,120,53,14
2322,2017-05-03,train,1,120,3,0
2322,2017-05-24,train,1,120,20,11
2322,2017-06-01,train,1,120,55,21
2322,2017-06-16,train,1,120,18,6
2322,2017-06-23,train,1,120,16,7
2322,2017-07-12,train,1,120,1,0
2322,2017-07-23,train,1,120,11,2
2322,2017-07-31,train,1,120,39,13
2322,2017-08-07,train,1,120,14,1
2322,2017-08-18,train,1,120,14,10
2322,2017-08-21,train,1,120,13,5
2322,2017-08-24,train,1,120,28,5
2322,2017-09-08,train,1,120,48,14
2322,2017-09-16,train,1,120,1,0
2322,2017-09-23,train,1,120,7,4
2322,2017-10-01,validation,1,120,12,3
2322,2017-10-02,validation,1,120,17,7
2322,2017-10-06,validation,1,120,29,12
2322,2017-10-07,validation,1,120,4,1
2322,2017-10-08,validation,1,120,5,1
2322,2017-10-11,validation,1,120,12,5
2322,2017-10-16,validation,1,120,4,0
2322,2017-10-17,validation,1,120,21,8
2322,2017-10-18,validation,1,120,6,2
2322,2017-10-20,validation,1,120,39,11
2322,2017-10-21,validation,1,120,3,0
2322,2017-10-23,validation,1,120,13,5
2322,2017-10-25,validation,1,120,12,4
2322,2017-10-26,validation,1,120,16,4
2322,2017-10-30,validation,1,120,35,18
2322,2017-11-03,test,1,120,1,1
2322,2017-11-05,test,1,120,59,24
2322,2017-11-08,test,1,120,1,0
2322,2017-11-11,test,1,120,10,7
2322,2017-11-12,test,1,120,4,3
2322,2017-11-13,test,1,120,21,10
2322,2017-11-17,test,1,120,1,0
2322,2017-11-18,test,1,120,8,1
2322,2017-11-19,test,1,120,16,8
2322,2017-11-20,test,1,120,9,4
2322,2017-11-22,test,1,120,19,8
2322,2017-11-24,test,1,120,8,3
2322,2017-11-27,test,1,120,11,4
2322,2017-11-28,test,1,120,1,0
2322,2017-11-29,test,1,120,1,0
2322,2017-12-09,test,1,120,79,23
2322,2017-12-14,test,1,120,6,4
2322,2017-12-15,test,1,120,62,13
2322,2017-12-17,test,1,120,14,5
2322,2017-12-19,test,1,120,4,1
2322,2017-12-22,test,1,120,6,1
2322,2017-12-23,test,1,120,28,7
2322,2017-12-24,test,1,120,1,0
2322,2017-12-26,test,1,120,16,8
2322,2017-12-27,test,1,120,6,3
2322,2017-12-28,test,1,120,5,1
2322,2017-12-29,test,1,120,21,10
2322,2017-12-30,test,1,120,14,3
2326,2017-05-29,train,1,43,3,0
2326,2017-06-30,train,1,56,49,2
2326,2017-07-25,train,1,108,1,0
2326,2017-08-25,train,1,92,11,2
2326,2017-09-25,train,1,107,4,1
2326,2017-10-06,validation,1,107,50,10
2326,2017-11-17,test,1,120,56,20
2326,2017-11-22,test,1,120,4,0
2326,2017-11-23,test,1,120,7,0
2326,2017-12-01,test,1,120,3,0
2326,2017-12-16,test,1,120,31,17
2326,2017-12-17,test,1,120,16,1
2326,2017-12-21,test,1,120,1,1
2326,2017-12-22,test,1,120,9,3
2328,2017-04-04,train,1,120,26,1
2328,2017-04-23,train,1,120,33,16
2328,2017-05-03,train,1,120,23,8
2328,2017-05-21,train,1,120,13,6
2328,2017-05-30,train,1,120,10,5
2328,2017-06-30,train,1,120,20,11
2328,2017-07-17,train,1,120,1,1
2328,2017-08-15,train,1,120,28,13
2328,2017-09-06,train,1,120,6,2
2328,2017-10-04,validation,1,120,5,1
2328,2017-10-07,validation,1,120,5,0
2328,2017-10-10,validation,1,120,3,0
2328,2017-10-12,validation,1,120,47,10
2328,2017-10-20,validation,1,120,7,5
2328,2017-10-22,validation,1,120,20,4
2328,2017-10-29,validation,1,120,33,4
2328,2017-11-02,test,1,120,16,2
2328,2017-11-06,test,1,120,36,11
2328,2017-11-08,test,1,120,12,1
2328,2017-11-21,test,1,120,6,2
2328,2017-11-22,test,1,120,5,2
2328,2017-11-23,test,1,120,3,1
2328,2017-11-29,test,1,120,7,1
2328,2017-11-30,test,1,120,15,2
2328,2017-12-02,test,1,120,7,2
2328,2017-12-04,test,1,120,16,4
2328,2017-12-10,test,1,120,1,0
2328,2017-12-12,test,1,120,8,4
2328,2017-12-17,test,1,120,23,12
2328,2017-12-19,test,1,120,29,7
2328,2017-12-22,test,1,120,16,8
2328,2017-12-27,test,1,120,13,6
2330,2017-04-20,train,1,120,42,11
2330,2017-06-08,train,1,120,12,1
2330,2017-07-13,train,1,120,52,13
2330,2017-10-10,validation,1,120,53,9
2330,2017-12-12,test,1,120,46,4
2330,2017-12-31,test,1,120,43,9
2331,2017-04-03,train,1,120,46,12
2331,2017-04-24,train,1,120,33,8
2331,2017-05-10,train,1,120,50,15
2331,2017-06-05,train,1,120,7,3
2331,2017-07-09,train,1,120,30,11
2331,2017-08-09,train,1,120,34,11
2331,2017-08-24,train,1,120,12,4
2331,2017-09-29,train,1,120,25,8
2331,2017-10-13,validation,1,120,25,9
2331,2017-10-22,validation,1,120,40,12
2331,2017-11-20,test,1,120,33,8
2331,2017-12-17,test,1,120,47,18
2331,2017-12-20,test,1,120,5,0
2331,2017-12-26,test,1,120,33,17
2338,2017-04-09,train,1,95,25,5
2338,2017-04-25,train,1,120,15,2
2338,2017-05-04,train,1,120,2,0
2338,2017-05-15,train,1,120,30,8
2338,2017-06-21,train,1,120,1,0
2338,2017-07-09,train,1,120,5,1
2338,2017-07-20,train,1,120,4,1
2338,2017-09-19,train,1,120,36,3
2338,2017-10-08,validation,1,120,16,4
2338,2017-10-23,validation,1,120,10,1
2338,2017-10-26,validation,1,120,6,2
2338,2017-11-06,test,1,120,2,1
2338,2017-11-16,test,1,120,4,1
2338,2017-11-29,test,1,120,2,0
2338,2017-12-08,test,1,120,5,1
2338,2017-12-18,test,1,120,3,0
2338,2017-12-22,test,1,120,48,8
2342,2017-04-01,train,1,88,2,2
2342,2017-04-15,train,1,99,4,2
2342,2017-04-29,train,1,117,2,2
2342,2017-05-11,train,1,120,4,1
2342,2017-05-28,train,1,120,13,2
2342,2017-06-10,train,1,120,1,0
2342,2017-06-24,train,1,120,16,5
2342,2017-07-01,train,1,120,2,2
2342,2017-07-09,train,1,120,9,3
2342,2017-07-21,train,1,120,11,5
2342,2017-08-14,train,1,120,8,6
2342,2017-08-26,train,1,120,19,6
2342,2017-09-09,train,1,120,4,3
2342,2017-09-28,train,1,120,14,6
2342,2017-10-07,validation,1,120,5,2
2342,2017-10-10,validation,1,120,2,1
2342,2017-10-15,validation,1,120,10,8
2342,2017-10-20,validation,1,120,1,1
2342,2017-10-22,validation,1,120,6,4
2342,2017-10-26,validation,1,120,7,3
2342,2017-11-02,test,1,120,3,2
2342,2017-11-05,test,1,120,7,5
2342,2017-11-12,test,1,120,6,5
2342,2017-11-16,test,1,120,18,6
2342,2017-11-19,test,1,120,11,5
2342,2017-11-24,test,1,120,2,2
2342,2017-11-28,test,1,120,1,1
2342,2017-12-05,test,1,120,12,6
2342,2017-12-10,test,1,120,34,7
2342,2017-12-14,test,1,120,13,6
2342,2017-12-18,test,1,120,7,3
2342,2017-12-23,test,1,120,5,0
2342,2017-12-26,test,1,120,14,5
2342,2017-12-28,test,1,120,6,4
2342,2017-12-31,test,1,120,5,3
2350,2017-05-03,train,1,120,6,1
2350,2017-06-04,train,1,120,27,8
2355,2017-06-20,train,0,3,4,1
2355,2017-10-18,validation,0,7,2,0
2355,2017-10-23,validation,1,9,4,0
2355,2017-11-17,test,1,11,2,0
2357,2017-04-28,train,1,22,3,0
2357,2017-07-12,train,1,28,1,0
2357,2017-11-03,test,1,10,1,0
2357,2017-12-01,test,1,10,1,1
2360,2017-04-04,train,1,120,28,14
2360,2017-04-15,train,1,120,15,1
2360,2017-04-24,train,1,120,3,1
2360,2017-05-06,train,1,120,7,5
2360,2017-05-09,train,1,120,3,0
2360,2017-05-16,train,1,120,1,1
2360,2017-06-02,train,1,120,15,9
2360,2017-06-15,train,1,120,3,0
2360,2017-06-25,train,1,120,12,7
2360,2017-07-10,train,1,120,1,1
2360,2017-07-16,train,1,120,21,8
2360,2017-07-27,train,1,120,5,2
2360,2017-08-18,train,1,120,2,1
2360,2017-09-10,train,1,120,12,8
2360,2017-09-19,train,1,120,2,0
2360,2017-09-25,train,1,120,4,0
2360,2017-10-03,validation,1,120,20,7
2360,2017-10-07,validation,1,120,11,3
2360,2017-10-08,validation,1,120,9,1
2360,2017-10-11,validation,1,120,2,0
2360,2017-10-13,validation,1,120,9,3
2360,2017-10-15,validation,1,120,7,3
2360,2017-10-19,validation,1,120,3,1
2360,2017-10-21,validation,1,120,11,3
2360,2017-10-23,validation,1,120,5,1
2360,2017-10-26,validation,1,120,3,1
2360,2017-10-28,validation,1,120,19,8
2360,2017-11-04,test,1,120,16,5
2360,2017-11-06,test,1,120,5,3
2360,2017-11-24,test,1,120,10,3
2360,2017-11-25,test,1,120,7,3
2360,2017-12-01,test,1,120,23,7
2360,2017-12-03,test,1,120,13,7
2360,2017-12-04,test,1,120,4,1
2360,2017-12-05,test,1,120,1,1
2360,2017-12-08,test,1,120,8,4
2360,2017-12-09,test,1,120,3,0
2360,2017-12-11,test,1,120,10,1
2360,2017-12-16,test,1,120,22,11
2360,2017-12-18,test,1,120,4,1
2360,2017-12-23,test,1,120,2,1
2360,2017-12-24,test,1,120,8,4
2360,2017-12-30,test,1,120,19,3
2374,2017-05-04,train,1,120,16,2
2374,2017-06-14,train,1,120,52,4
2374,2017-07-03,train,1,120,24,8
2374,2017-07-21,train,1,120,6,0
2374,2017-08-10,train,1,120,13,4
2374,2017-09-07,train,1,120,7,5
2374,2017-09-28,train,1,120,32,6
2374,2017-10-09,validation,1,120,4,1
2374,2017-10-19,validation,1,120,63,7
2374,2017-10-25,validation,1,120,16,6
2374,2017-11-14,test,1,120,40,6
2374,2017-11-17,test,1,120,15,0
2374,2017-11-22,test,1,120,4,0
2374,2017-11-27,test,1,120,41,10
2374,2017-12-01,test,1,120,1,1
2374,2017-12-14,test,1,120,28,6
2374,2017-12-21,test,1,120,29,6
2374,2017-12-22,test,1,120,13,4
2374,2017-12-28,test,1,120,4,2
2377,2017-05-07,train,1,72,16,7
2377,2017-06-03,train,1,94,23,6
2377,2017-07-07,train,1,120,7,5
2377,2017-08-03,train,1,120,13,8
2377,2017-08-26,train,1,120,15,9
2377,2017-09-14,train,1,120,9,2
2377,2017-10-02,validation,1,120,9,3
2377,2017-10-07,validation,1,120,9,4
2377,2017-10-09,validation,1,120,4,2
2377,2017-10-15,validation,1,120,5,3
2377,2017-10-22,validation,1,120,9,4
2377,2017-10-24,validation,1,120,3,0
2377,2017-10-29,validation,1,120,7,5
2377,2017-11-12,test,1,120,8,5
2377,2017-11-14,test,1,120,3,1
2377,2017-11-18,test,1,120,6,3
2377,2017-11-29,test,1,120,22,4
2377,2017-12-18,test,1,120,1,0
2377,2017-12-29,test,1,120,7,3
2379,2017-05-15,train,1,20,9,0
2379,2017-06-27,train,1,52,3,0
2379,2017-07-25,train,1,78,21,6
2379,2017-08-30,train,1,84,4,2
2379,2017-11-07,test,1,120,5,5
2379,2017-11-19,test,1,106,18,4
2379,2017-11-23,test,1,120,1,1
2379,2017-12-18,test,1,110,11,5
2383,2017-06-13,train,0,19,5,1
2383,2017-12-31,test,0,0,1,0
2388,2017-06-15,train,1,120,2,0
2388,2017-09-13,train,0,7,5,0
2388,2017-10-14,validation,1,24,4,1
2388,2017-10-30,validation,1,27,2,0
2388,2017-11-16,test,1,29,66,3
2388,2017-12-01,test,1,92,2,1
2388,2017-12-10,test,1,93,2,1
2389,2017-05-01,train,1,101,8,5
2389,2017-06-01,train,1,120,28,4
2389,2017-09-06,train,1,115,6,4
2389,2017-10-22,validation,1,81,7,3
2389,2017-10-25,validation,1,85,7,4
2389,2017-11-01,test,1,81,10,2
2389,2017-12-02,test,1,40,37,6
2389,2017-12-11,test,1,71,3,1
2389,2017-12-18,test,1,73,4,3
2389,2017-12-27,test,1,74,9,2
2390,2017-04-05,train,1,14,6,1
2390,2017-07-06,train,1,24,8,2
2390,2017-08-11,train,1,34,12,1
2390,2017-09-25,train,1,55,2,0
2390,2017-10-03,validation,1,51,10,3
2390,2017-10-10,validation,1,58,4,0
2390,2017-10-15,validation,1,62,7,3
2390,2017-10-16,validation,1,66,4,1
2390,2017-10-29,validation,1,69,4,1
2390,2017-11-06,test,1,72,4,1
2390,2017-11-07,test,1,75,1,0
2390,2017-12-06,test,1,76,2,2
2393,2017-05-13,train,1,120,4,2
2393,2017-06-08,train,1,120,6,5
2393,2017-06-26,train,1,120,20,8
2393,2017-07-25,train,1,120,4,2
2393,2017-08-05,train,1,120,4,3
2393,2017-09-26,train,1,120,33,17
2393,2017-10-16,validation,1,120,7,2
2393,2017-10-30,validation,1,120,29,11
2393,2017-11-10,test,1,120,1,0
2393,2017-12-03,test,1,120,33,9
2393,2017-12-08,test,1,120,10,4
2393,2017-12-12,test,1,120,7,1
2393,2017-12-31,test,1,120,16,3
2395,2017-04-02,train,1,120,40,12
2395,2017-04-23,train,1,120,6,3
2395,2017-05-05,train,1,120,2,1
2395,2017-05-15,train,1,120,16,7
2395,2017-06-01,train,1,120,9,2
2395,2017-06-11,train,1,120,22,8
2395,2017-06-19,train,1,120,18,11
2395,2017-06-30,train,1,120,13,4
2395,2017-07-08,train,1,120,6,3
2395,2017-07-14,train,1,120,6,2
2395,2017-07-22,train,1,120,9,3
2395,2017-07-27,train,1,120,8,3
2395,2017-08-02,train,1,120,12,5
2395,2017-08-21,train,1,120,13,4
2395,2017-09-04,train,1,120,10,6
2395,2017-09-11,train,1,120,6,3
2395,2017-09-18,train,1,120,4,0
2395,2017-09-23,train,1,120,7,3
2395,2017-10-04,validation,1,120,4,1
2395,2017-10-11,validation,1,120,6,2
2395,2017-10-17,validation,1,120,2,0
2395,2017-10-21,validation,1,120,16,8
2395,2017-10-23,validation,1,120,1,0
2395,2017-10-28,validation,1,120,8,5
2395,2017-11-01,test,1,120,4,4
2395,2017-11-04,test,1,120,3,0
2395,2017-11-13,test,1,120,1,0
2395,2017-11-14,test,1,120,4,1
2395,2017-11-21,test,1,120,3,1
2395,2017-11-22,test,1,120,10,6
2395,2017-11-28,test,1,120,11,2
2395,2017-12-02,test,1,120,7,7
2395,2017-12-03,test,1,120,10,6
2395,2017-12-07,test,1,120,6,5
2395,2017-12-10,test,1,120,16,6
2395,2017-12-19,test,1,120,10,3
2395,2017-12-27,test,1,120,6,0
2400,2017-04-15,train,1,120,2,0
2400,2017-05-07,train,1,120,62,15
2400,2017-06-01,train,1,120,6,1
2400,2017-06-10,train,1,120,7,1
2400,2017-07-01,train,1,120,9,3
2400,2017-07-08,train,1,120,8,1
2400,2017-07-15,train,1,120,7,2
2400,2017-08-01,train,1,120,33,4
2400,2017-08-06,train,1,120,51,9
2400,2017-08-15,train,1,120,38,12
2400,2017-08-23,train,1,120,8,0
2400,2017-09-03,train,1,120,58,15
2400,2017-09-10,train,1,120,12,2
2400,2017-09-30,train,1,120,7,3
2400,2017-10-01,validation,1,120,1,0
2400,2017-10-07,validation,1,120,8,7
2400,2017-10-10,validation,1,120,48,16
2400,2017-10-13,validation,1,120,5,2
2400,2017-10-21,validation,1,120,61,9
2400,2017-10-28,validation,1,120,10,6
2400,2017-10-31,validation,1,120,22,8
2400,2017-11-11,test,1,120,16,9
2400,2017-11-12,test,1,120,60,12
2400,2017-11-14,test,1,120,1,0
2400,2017-11-18,test,1,120,8,7
2400,2017-11-21,test,1,120,50,3
2400,2017-11-25,test,1,120,7,5
2400,2017-12-02,test,1,120,8,8
2400,2017-12-03,test,1,120,28,6
2400,2017-12-05,test,1,120,25,8
2400,2017-12-16,test,1,120,16,9
2400,2017-12-23,test,1,120,45,10
2400,2017-12-26,test,1,120,17,3
2400,2017-12-30,test,1,120,4,1
2401,2017-04-13,train,1,24,3,0
2401,2017-05-13,train,1,32,5,3
2401,2017-06-26,train,1,42,4,1
2401,2017-07-12,train,1,49,1,0
2401,2017-08-03,train,1,60,10,1
2401,2017-08-21,train,1,73,15,10
2401,2017-09-09,train,1,77,5,1
2401,2017-10-04,validation,1,82,5,4
2401,2017-10-17,validation,1,80,10,6
2401,2017-10-19,validation,1,84,2,1
2401,2017-11-04,test,1,82,1,0
2401,2017-11-13,test,1,79,8,6
2401,2017-12-05,test,1,79,1,1
2401,2017-12-06,test,1,79,3,3
2401,2017-12-14,test,1,79,3,2
2402,2017-04-03,train,0,71,6,1
2402,2017-05-25,train,1,120,9,3
2402,2017-07-04,train,1,120,5,1
2402,2017-07-13,train,1,120,8,2
2402,2017-07-25,train,1,120,5,1
2402,2017-08-09,train,1,120,6,4
2402,2017-10-01,validation,1,119,41,6
2402,2017-10-26,validation,1,107,2,0
2402,2017-12-14,test,1,102,14,3
2413,2017-05-10,train,0,15,1,0
2413,2017-10-16,validation,1,13,2,0
2413,2017-10-19,validation,1,15,2,2
2413,2017-11-05,test,1,13,2,0
2413,2017-11-14,test,1,14,3,0
2413,2017-11-30,test,1,17,1,0
2423,2017-06-01,train,1,120,5,1
2423,2017-06-30,train,1,120,3,0
2423,2017-09-05,train,1,120,43,19
2423,2017-10-04,validation,1,120,45,20
2423,2017-11-05,test,1,120,55,26
2423,2017-12-05,test,1,120,56,25
2424,2017-04-12,train,1,120,35,15
2424,2017-04-30,train,1,120,26,11
2424,2017-05-27,train,1,120,9,2
2424,2017-06-09,train,1,120,11,4
2424,2017-07-03,train,1,120,37,14
2424,2017-07-24,train,1,120,18,8
2424,2017-08-15,train,1,120,29,14
2424,2017-09-03,train,1,120,47,14
2424,2017-09-24,train,1,120,2,0
2424,2017-10-02,validation,1,120,6,1
2424,2017-10-12,validation,1,120,2,1
2424,2017-11-04,test,1,120,34,15
2424,2017-11-11,test,1,120,3,1
2424,2017-11-19,test,1,120,24,5
2424,2017-11-22,test,1,120,5,1
2424,2017-11-25,test,1,120,13,5
2424,2017-12-09,test,1,120,9,5
2424,2017-12-10,test,1,120,7,0
2424,2017-12-16,test,1,120,2,1
2424,2017-12-17,test,1,120,4,1
2424,2017-12-23,test,1,120,20,8
2427,2017-04-07,train,1,120,2,0
2427,2017-04-12,train,1,120,10,1
2427,2017-04-17,train,1,120,4,1
2427,2017-04-22,train,1,120,16,1
2427,2017-04-28,train,1,120,4,0
2427,2017-05-06,train,1,120,9,4
2427,2017-05-22,train,1,120,13,7
2427,2017-06-02,train,1,120,23,9
2427,2017-06-17,train,1,120,18,5
2427,2017-06-28,train,1,120,38,15
2427,2017-07-06,train,1,120,2,0
2427,2017-07-13,train,1,120,10,4
2427,2017-07-22,train,1,120,12,3
2427,2017-07-30,train,1,120,35,18
2427,2017-08-09,train,1,120,18,4
2427,2017-08-19,train,1,120,35,18
2427,2017-08-28,train,1,120,19,12
2427,2017-09-05,train,1,120,6,3
2427,2017-09-17,train,1,120,23,5
2427,2017-09-23,train,1,120,3,3
2427,2017-10-01,validation,1,120,34,8
2427,2017-10-04,validation,1,120,13,5
2427,2017-10-05,validation,1,120,3,0
2427,2017-10-11,validation,1,120,2,0
2427,2017-10-12,validation,1,120,5,4
2427,2017-10-17,validation,1,120,3,1
2427,2017-10-18,validation,1,120,14,7
2427,2017-10-20,validation,1,120,8,0
2427,2017-10-22,validation,1,120,5,0
2427,2017-10-23,validation,1,120,14,6
2427,2017-10-29,validation,1,120,15,8
2427,2017-10-30,validation,1,120,2,0
2427,2017-11-05,test,1,120,2,0
2427,2017-11-09,test,1,120,23,8
2427,2017-11-12,test,1,120,5,1
2427,2017-11-15,test,1,120,4,0
2427,2017-11-17,test,1,120,7,3
2427,2017-11-19,test,1,120,25,9
2427,2017-11-22,test,1,120,5,1
2427,2017-11-26,test,1,120,18,2
2427,2017-11-28,test,1,120,1,1
2427,2017-12-02,test,1,120,22,8
2427,2017-12-04,test,1,120,16,12
2427,2017-12-05,test,1,120,6,1
2427,2017-12-12,test,1,120,4,1
2427,2017-12-13,test,1,120,34,19
2427,2017-12-16,test,1,120,6,2
2427,2017-12-18,test,1,120,5,1
2427,2017-12-19,test,1,120,5,2
2427,2017-12-20,test,1,120,2,0
2427,2017-12-22,test,1,120,7,2
2427,2017-12-24,test,1,120,6,4
2427,2017-12-31,test,1,120,1,0
2428,2017-04-05,train,0,8,1,1
2428,2017-12-11,test,0,1,1,0
2431,2017-05-03,train,1,45,3,0
2431,2017-07-25,train,1,54,9,3
2431,2017-10-09,validation,1,29,7,3
2431,2017-10-10,validation,1,33,12,2
2431,2017-10-12,validation,1,43,2,1
2431,2017-10-17,validation,1,44,6,2
2431,2017-10-22,validation,1,48,10,6
2431,2017-11-19,test,1,46,17,4
2431,2017-12-20,test,1,59,11,5
2439,2017-05-01,train,1,51,3,0
2439,2017-05-13,train,1,56,2,1
2439,2017-07-06,train,1,58,2,1
2439,2017-08-05,train,1,52,4,0
2439,2017-09-25,train,1,41,5,2
2439,2017-10-01,validation,1,44,1,1
2439,2017-10-23,validation,1,30,2,1
2439,2017-10-29,validation,1,29,1,1
2439,2017-10-30,validation,1,29,1,0
2439,2017-11-05,test,1,26,1,1
2439,2017-12-07,test,1,21,1,0
2443,2017-04-07,train,1,107,6,4
2443,2017-04-25,train,1,114,8,2
2443,2017-05-05,train,1,120,4,2
2443,2017-05-13,train,1,120,11,5
2443,2017-05-19,train,1,120,6,1
2443,2017-05-31,train,1,120,8,3
2443,2017-06-14,train,1,120,9,8
2445,2017-04-05,train,1,120,3,1
2445,2017-04-19,train,1,120,13,2
2445,2017-05-18,train,1,120,15,6
2445,2017-06-01,train,1,120,33,6
2445,2017-06-21,train,1,120,1,1
2445,2017-07-09,train,1,120,27,5
2445,2017-07-19,train,1,120,34,3
2445,2017-07-26,train,1,120,1,1
2445,2017-08-06,train,1,120,18,8
2445,2017-08-29,train,1,120,2,1
2445,2017-09-14,train,1,120,15,3
2445,2017-10-05,validation,1,120,20,4
2445,2017-10-08,validation,1,120,10,6
2445,2017-10-13,validation,1,120,7,2
2445,2017-10-16,validation,1,120,10,1
2445,2017-10-23,validation,1,120,37,6
2445,2017-10-26,validation,1,120,22,3
2445,2017-10-30,validation,1,120,12,0
2445,2017-11-01,test,1,120,4,0
2445,2017-11-05,test,1,120,5,1
2445,2017-11-19,test,1,120,17,1
2445,2017-11-27,test,1,120,8,1
2445,2017-12-01,test,1,120,8,0
2445,2017-12-02,test,1,120,4,1
2445,2017-12-03,test,1,120,2,1
2445,2017-12-06,test,1,120,16,3
2445,2017-12-11,test,1,120,42,11
2445,2017-12-16,test,1,120,7,3
2445,2017-12-23,test,1,120,16,3
2445,2017-12-27,test,1,120,53,12
2445,2017-12-31,test,1,120,26,0
2446,2017-04-03,train,1,120,7,2
2446,2017-04-15,train,1,120,4,0
2446,2017-04-27,train,1,120,8,1
2446,2017-05-16,train,1,120,3,2
2446,2017-06-10,train,1,120,5,0
2446,2017-06-28,train,1,120,4,2
2446,2017-07-26,train,1,120,5,1
2446,2017-08-19,train,1,120,18,5
2446,2017-09-01,train,1,120,13,3
2446,2017-09-09,train,1,120,7,5
2446,2017-09-23,train,1,120,4,2
2446,2017-10-03,validation,1,120,1,1
2446,2017-10-07,validation,1,120,2,0
2446,2017-10-11,validation,1,120,4,0
2446,2017-10-17,validation,1,120,5,1
2446,2017-10-21,validation,1,120,9,1
2446,2017-10-23,validation,1,120,2,0
2446,2017-10-25,validation,1,120,29,5
2446,2017-10-30,validation,1,120,7,0
2446,2017-10-31,validation,1,120,7,1
2446,2017-11-08,test,1,120,24,4
2446,2017-11-09,test,1,120,9,5
2446,2017-11-13,test,1,120,2,2
2446,2017-11-18,test,1,120,5,2
2446,2017-12-12,test,1,120,5,3
2446,2017-12-16,test,1,120,6,2
2446,2017-12-18,test,1,120,26,9
2446,2017-12-19,test,1,120,2,0
2446,2017-12-20,test,1,120,8,1
2446,2017-12-22,test,1,120,5,0
2446,2017-12-29,test,1,120,2,0
2446,2017-12-30,test,1,120,37,11
245,2017-04-08,train,0,12,5,3
245,2017-07-03,train,1,27,5,0
245,2017-08-18,train,1,52,8,3
245,2017-10-20,validation,1,64,19,1
245,2017-10-29,validation,1,73,5,0
245,2017-11-11,test,1,78,5,0
245,2017-12-05,test,1,83,23,3
245,2017-12-10,test,1,103,6,0
245,2017-12-14,test,1,109,57,4
245,2017-12-29,test,1,120,24,6
2451,2017-04-04,train,1,120,11,8
2451,2017-04-09,train,1,120,3,0
2451,2017-04-13,train,1,120,4,1
2451,2017-04-16,train,1,120,7,4
2451,2017-04-23,train,1,120,6,3
2451,2017-04-27,train,1,120,6,4
2451,2017-05-13,train,1,120,5,4
2451,2017-05-27,train,1,120,3,0
2451,2017-06-05,train,1,120,32,9
2451,2017-06-20,train,1,120,26,9
2451,2017-06-26,train,1,120,16,1
2451,2017-07-14,train,1,120,42,12
2451,2017-07-26,train,1,120,4,2
2451,2017-08-10,train,1,120,23,6
2451,2017-08-21,train,1,120,7,3
2451,2017-08-26,train,1,120,1,0
2451,2017-09-07,train,1,120,16,4
2451,2017-09-29,train,1,120,10,4
2451,2017-10-03,validation,1,120,13,6
2451,2017-10-08,validation,1,120,5,4
2451,2017-10-09,validation,1,120,1,0
2451,2017-10-22,validation,1,120,16,9
2451,2017-10-24,validation,1,120,38,9
2451,2017-10-27,validation,1,120,27,11
2451,2017-11-03,test,1,120,31,11
2451,2017-11-05,test,1,120,19,6
2451,2017-11-07,test,1,120,9,3
2451,2017-11-09,test,1,120,1,0
2451,2017-11-10,test,1,120,29,8
2451,2017-11-13,test,1,120,11,9
2451,2017-11-17,test,1,120,29,6
2451,2017-11-20,test,1,120,17,4
2451,2017-11-21,test,1,120,11,3
2451,2017-11-24,test,1,120,19,9
2451,2017-11-25,test,1,120,1,1
2451,2017-11-27,test,1,120,5,0
2451,2017-12-05,test,1,120,35,13
2451,2017-12-08,test,1,120,4,2
2451,2017-12-09,test,1,120,14,7
2451,2017-12-12,test,1,120,21,4
2451,2017-12-14,test,1,120,1,0
2451,2017-12-16,test,1,120,11,7
2451,2017-12-19,test,1,120,9,5
2451,2017-12-20,test,1,120,1,0
2451,2017-12-21,test,1,120,7,4
2451,2017-12-29,test,1,120,35,21
2452,2017-04-02,train,1,113,15,2
2452,2017-04-13,train,1,120,3,1
2452,2017-05-05,train,1,120,6,2
2452,2017-06-04,train,1,120,10,3
2452,2017-07-15,train,1,120,13,6
2452,2017-08-24,train,1,120,2,2
2452,2017-09-12,train,1,120,1,0
2452,2017-10-03,validation,1,120,4,2
2452,2017-10-20,validation,1,88,4,1
2452,2017-10-24,validation,1,91,79,13
2452,2017-10-29,validation,1,120,5,0
2452,2017-11-05,test,1,120,15,6
2452,2017-11-12,test,1,120,8,2
2452,2017-11-23,test,1,120,13,4
2452,2017-11-29,test,1,120,7,5
2452,2017-11-30,test,1,120,12,5
2452,2017-12-05,test,1,120,22,10
2452,2017-12-14,test,1,120,7,0
2452,2017-12-22,test,1,120,10,3
2452,2017-12-31,test,1,120,3,0
2453,2017-05-06,train,1,107,8,1
2453,2017-05-28,train,1,120,6,0
2453,2017-06-16,train,1,120,1,1
2453,2017-07-07,train,1,120,19,5
2453,2017-07-31,train,1,120,16,4
2453,2017-08-13,train,1,120,10,2
2453,2017-09-05,train,1,120,4,1
2453,2017-09-25,train,1,120,4,2
2453,2017-10-02,validation,1,120,12,1
2453,2017-10-07,validation,1,120,2,1
2453,2017-10-14,validation,1,120,6,0
2453,2017-10-23,validation,1,120,12,3
2453,2017-10-31,validation,1,120,5,0
2453,2017-11-03,test,1,120,4,1
2453,2017-11-04,test,1,120,7,1
2453,2017-11-09,test,1,120,13,5
2453,2017-11-13,test,1,120,11,5
2453,2017-11-15,test,1,120,23,5
2453,2017-11-16,test,1,120,15,2
2453,2017-11-24,test,1,120,7,4
2453,2017-12-07,test,1,120,31,5
2453,2017-12-13,test,1,120,5,2
2453,2017-12-16,test,1,120,5,3
2453,2017-12-19,test,1,120,10,4
2453,2017-12-22,test,1,120,6,4
2453,2017-12-27,test,1,120,6,5
2453,2017-12-31,test,1,120,16,4
2458,2017-07-09,train,1,20,2,0
2458,2017-07-28,train,1,41,4,0
2458,2017-08-19,train,1,57,3,0
2458,2017-12-06,test,1,59,18,4
2458,2017-12-12,test,1,73,8,2
2458,2017-12-31,test,1,79,2,0
2459,2017-04-05,train,1,120,2,0
2459,2017-04-09,train,1,120,10,4
2459,2017-04-14,train,1,120,18,10
2459,2017-04-20,train,1,120,8,6
2459,2017-04-23,train,1,120,2,1
2459,2017-05-01,train,1,120,1,0
2459,2017-05-06,train,1,120,24,5
2459,2017-05-09,train,1,120,8,0
2459,2017-05-15,train,1,120,3,1
2459,2017-05-18,train,1,120,2,0
2459,2017-05-23,train,1,120,27,6
2459,2017-05-29,train,1,120,4,1
2459,2017-06-01,train,1,120,2,0
2459,2017-06-05,train,1,120,89,9
2459,2017-06-08,train,1,120,5,2
2459,2017-06-12,train,1,120,18,3
2459,2017-06-16,train,1,120,2,1
2459,2017-06-19,train,1,120,1,1
2459,2017-06-23,train,1,120,24,5
2459,2017-06-26,train,1,120,17,5
2459,2017-06-30,train,1,120,6,4
2459,2017-07-04,train,1,120,2,1
2459,2017-07-08,train,1,120,3,1
2459,2017-07-12,train,1,120,8,0
2459,2017-07-15,train,1,120,2,1
2459,2017-07-20,train,1,120,18,11
2459,2017-07-25,train,1,120,1,0
2459,2017-07-28,train,1,120,2,0
2459,2017-08-02,train,1,120,1,1
2459,2017-08-05,train,1,120,7,4
2459,2017-08-09,train,1,120,11,5
2459,2017-08-16,train,1,120,5,2
2459,2017-08-24,train,1,120,9,4
2459,2017-08-31,train,1,120,69,9
2459,2017-09-07,train,1,120,20,4
2459,2017-09-17,train,1,120,3,3
2459,2017-09-23,train,1,120,27,1
2459,2017-09-27,train,1,120,1,0
2459,2017-10-09,validation,1,120,4,1
2459,2017-10-14,validation,1,120,4,1
2459,2017-10-16,validation,1,120,2,1
2459,2017-10-18,validation,1,120,1,0
2459,2017-10-19,validation,1,120,9,4
2459,2017-10-21,validation,1,120,37,5
2459,2017-10-22,validation,1,120,24,14
2459,2017-10-29,validation,1,120,24,6
2459,2017-11-04,test,1,120,46,6
2459,2017-11-06,test,1,120,6,4
2459,2017-11-07,test,1,120,12,3
2459,2017-11-08,test,1,120,12,4
2459,2017-11-11,test,1,120,1,1
2459,2017-11-18,test,1,120,14,2
2459,2017-11-20,test,1,120,2,1
2459,2017-11-22,test,1,120,9,3
2459,2017-11-28,test,1,120,46,6
2459,2017-11-30,test,1,120,28,5
2459,2017-12-01,test,1,120,7,2
2459,2017-12-02,test,1,120,2,0
2459,2017-12-06,test,1,120,21,6
2459,2017-12-09,test,1,120,25,8
2459,2017-12-12,test,1,120,36,7
2459,2017-12-15,test,1,120,1,0
2459,2017-12-16,test,1,120,12,5
2459,2017-12-21,test,1,120,5,2
2459,2017-12-23,test,1,120,14,6
2459,2017-12-24,test,1,120,1,0
2459,2017-12-26,test,1,120,12,3
2459,2017-12-30,test,1,120,1,0
246,2017-04-27,train,1,62,3,3
246,2017-06-06,train,1,75,1,0
246,2017-07-06,train,1,94,11,3
246,2017-10-10,validation,1,65,8,2
246,2017-11-22,test,1,61,3,0
246,2017-12-14,test,1,37,1,0
2461,2017-05-28,train,0,70,8,0
2461,2017-10-29,validation,1,74,41,9
2461,2017-11-21,test,1,55,14,5
2461,2017-12-19,test,1,57,11,3
2462,2017-04-16,train,1,120,34,16
2462,2017-05-01,train,1,120,5,2
2462,2017-05-11,train,1,120,27,8
2462,2017-05-25,train,1,120,3,0
2462,2017-06-04,train,1,120,19,10
2462,2017-06-12,train,1,120,3,1
2462,2017-06-21,train,1,120,17,5
2462,2017-07-02,train,1,120,23,11
2462,2017-07-20,train,1,120,28,7
2462,2017-07-30,train,1,120,5,3
2462,2017-08-11,train,1,120,5,2
2462,2017-08-27,train,1,120,11,6
2462,2017-09-08,train,1,120,26,14
2462,2017-09-19,train,1,120,4,2
2462,2017-10-04,validation,1,120,7,5
2462,2017-10-14,validation,1,120,26,12
2462,2017-10-22,validation,1,120,14,8
2462,2017-10-25,validation,1,120,15,5
2462,2017-11-14,test,1,120,16,6
2462,2017-11-18,test,1,120,25,12
2462,2017-11-19,test,1,120,6,2
2462,2017-11-21,test,1,120,22,7
2462,2017-11-22,test,1,120,8,3
2462,2017-11-24,test,1,120,9,2
2462,2017-11-28,test,1,120,3,1
2462,2017-11-30,test,1,120,9,2
2462,2017-12-03,test,1,120,26,13
2462,2017-12-10,test,1,120,10,4
2462,2017-12-15,test,1,120,20,6
2462,2017-12-17,test,1,120,4,1
2462,2017-12-18,test,1,120,2,0
2462,2017-12-19,test,1,120,23,5
2462,2017-12-23,test,1,120,47,9
2462,2017-12-24,test,1,120,3,0
2462,2017-12-26,test,1,120,25,7
2462,2017-12-27,test,1,120,7,0
2462,2017-12-31,test,1,120,9,3
2470,2017-04-07,train,1,17,4,1
2470,2017-05-08,train,1,24,1,0
2470,2017-05-24,train,1,31,2,1
2470,2017-06-19,train,1,37,4,2
2470,2017-07-06,train,1,42,2,1
2470,2017-07-31,train,1,44,1,0
2470,2017-08-23,train,1,45,6,3
2470,2017-09-26,train,1,52,6,2
2470,2017-10-06,validation,1,53,4,0
2470,2017-10-17,validation,1,57,5,1
2470,2017-11-06,test,1,57,8,2
2470,2017-11-07,test,1,63,2,0
2470,2017-11-10,test,1,62,2,1
2470,2017-11-26,test,1,60,5,4
2470,2017-12-01,test,1,58,2,1
2470,2017-12-03,test,1,59,4,3
2470,2017-12-11,test,1,57,1,1
2471,2017-04-11,train,0,23,5,0
2471,2017-06-17,train,1,36,14,3
2471,2017-09-23,train,1,33,4,1
2471,2017-10-07,validation,1,36,3,0
2471,2017-10-11,validation,1,33,5,0
2471,2017-10-16,validation,1,38,4,0
2471,2017-10-18,validation,1,42,46,4
2471,2017-11-01,test,1,84,9,1
2471,2017-11-19,test,1,92,2,0
2471,2017-11-28,test,1,90,14,4
2471,2017-12-09,test,1,100,18,2
2471,2017-12-30,test,1,103,4,0
2472,2017-04-10,train,0,4,26,1
2472,2017-05-04,train,1,65,2,1
2472,2017-05-26,train,1,97,13,2
2472,2017-06-22,train,1,113,4,0
2472,2017-07-23,train,1,120,7,2
2472,2017-08-26,train,1,120,6,1
2472,2017-11-20,test,1,109,3,0
2472,2017-12-24,test,1,65,10,1
2473,2017-11-15,test,0,0,3,0
2474,2017-04-08,train,0,15,5,1
2474,2017-05-05,train,1,25,2,1
2474,2017-05-27,train,1,38,7,3
2474,2017-07-03,train,1,52,4,2
2474,2017-09-26,train,1,50,1,0
2474,2017-11-02,test,1,40,5,1
2474,2017-11-04,test,1,44,5,1
2474,2017-11-12,test,1,42,5,2
2474,2017-11-19,test,1,43,7,2
2474,2017-12-09,test,1,41,7,3
2474,2017-12-30,test,1,39,8,3
2477,2017-06-15,train,0,44,11,0
2477,2017-11-13,test,1,92,45,5
2477,2017-11-22,test,1,120,16,3
2477,2017-12-02,test,1,112,17,1
2477,2017-12-07,test,1,120,19,0
2477,2017-12-09,test,1,120,21,4
2477,2017-12-15,test,1,120,17,4
2478,2017-04-13,train,1,120,2,2
2478,2017-05-01,train,1,120,15,8
2478,2017-05-14,train,1,120,9,2
2478,2017-06-01,train,1,120,22,15
2478,2017-06-19,train,1,120,19,4
2478,2017-07-20,train,1,120,9,5
2478,2017-08-03,train,1,120,6,2
2478,2017-08-14,train,1,120,2,2
2478,2017-09-13,train,1,120,18,12
2478,2017-10-06,validation,1,120,3,1
2478,2017-10-07,validation,1,120,1,0
2478,2017-10-10,validation,1,120,3,2
2478,2017-10-16,validation,1,120,12,4
2478,2017-10-20,validation,1,120,11,6
2478,2017-10-22,validation,1,120,2,1
2478,2017-10-23,validation,1,120,19,4
2478,2017-10-24,validation,1,120,2,1
2478,2017-11-13,test,1,120,13,9
2478,2017-11-14,test,1,120,2,2
2478,2017-11-17,test,1,120,11,6
2478,2017-11-30,test,1,120,17,15
2478,2017-12-02,test,1,120,5,2
2478,2017-12-11,test,1,120,5,2
2478,2017-12-15,test,1,120,8,4
2478,2017-12-22,test,1,120,9,5
2478,2017-12-23,test,1,120,28,3
2479,2017-04-03,train,1,120,66,35
2479,2017-05-01,train,1,120,48,17
2479,2017-05-22,train,1,120,31,18
2479,2017-06-12,train,1,120,58,22
2479,2017-07-08,train,1,120,51,22
2479,2017-07-23,train,1,120,34,17
2479,2017-08-14,train,1,120,57,18
2479,2017-09-04,train,1,120,20,9
2479,2017-09-11,train,1,120,9,3
2479,2017-09-29,train,1,120,38,9
2479,2017-10-02,validation,1,120,5,1
2479,2017-10-09,validation,1,120,43,18
2479,2017-10-14,validation,1,120,47,9
2479,2017-10-19,validation,1,120,3,0
2479,2017-10-24,validation,1,120,52,25
2479,2017-10-30,validation,1,120,41,17
2479,2017-11-05,test,1,120,34,16
2479,2017-11-12,test,1,120,55,19
2479,2017-11-13,test,1,120,7,0
2479,2017-11-17,test,1,120,6,6
2479,2017-11-20,test,1,120,47,10
2479,2017-11-27,test,1,120,47,20
2479,2017-12-05,test,1,120,41,21
2479,2017-12-07,test,1,120,13,3
2479,2017-12-11,test,1,120,40,14
2479,2017-12-17,test,1,120,62,18
2479,2017-12-23,test,1,120,28,10
2479,2017-12-31,test,1,120,25,4
2480,2017-05-30,train,0,19,24,3
2480,2017-06-27,train,1,55,13,5
2480,2017-07-20,train,1,85,17,8
2480,2017-08-22,train,1,118,37,9
2483,2017-04-02,train,1,21,4,3
2483,2017-04-23,train,1,26,9,6
2483,2017-05-14,train,1,31,6,5
2483,2017-06-04,train,1,38,4,4
2483,2017-06-25,train,1,42,12,7
2483,2017-07-11,train,1,50,2,1
2483,2017-07-30,train,1,52,7,7
2483,2017-08-20,train,1,51,11,9
2483,2017-09-10,train,1,49,3,3
2483,2017-10-01,validation,1,54,5,5
2483,2017-10-08,validation,1,54,8,7
2483,2017-10-10,validation,1,55,3,0
2483,2017-10-13,validation,1,58,12,1
2483,2017-10-15,validation,1,69,3,3
2483,2017-10-16,validation,1,69,2,0
2483,2017-10-19,validation,1,71,13,2
2483,2017-10-22,validation,1,81,7,6
2483,2017-10-26,validation,1,82,7,3
2483,2017-10-29,validation,1,84,13,2
2483,2017-11-05,test,1,95,6,4
2483,2017-11-07,test,1,97,6,3
2483,2017-11-12,test,1,100,6,5
2483,2017-11-15,test,1,101,3,2
2483,2017-11-19,test,1,101,7,6
2483,2017-11-22,test,1,102,5,3
2483,2017-11-26,test,1,101,7,7
2483,2017-12-03,test,1,100,5,3
2483,2017-12-08,test,1,102,11,7
2483,2017-12-10,test,1,105,7,4
2483,2017-12-14,test,1,108,8,3
2483,2017-12-17,test,1,110,13,10
2483,2017-12-20,test,1,113,3,1
2483,2017-12-24,test,1,113,7,6
2483,2017-12-31,test,1,112,3,3
2485,2017-04-23,train,1,120,2,1
2485,2017-06-11,train,1,120,4,0
2485,2017-07-02,train,1,120,5,3
2485,2017-08-23,train,1,64,3,2
2485,2017-09-14,train,1,44,16,5
2485,2017-10-22,validation,1,53,1,1
2485,2017-11-05,test,1,45,3,1
2485,2017-11-17,test,1,47,2,0
2485,2017-11-19,test,1,49,3,0
2485,2017-12-10,test,1,48,3,0
2485,2017-12-13,test,1,51,4,1
2492,2017-04-25,train,0,45,36,16
2492,2017-06-22,train,1,84,32,22
2492,2017-08-13,train,1,104,29,18
2492,2017-09-16,train,1,120,23,11
2492,2017-10-10,validation,1,120,18,13
2492,2017-10-16,validation,1,120,17,11
2492,2017-10-26,validation,1,120,16,10
2492,2017-11-01,test,1,120,3,3
2492,2017-11-06,test,1,120,2,2
2492,2017-11-07,test,1,120,13,12
2492,2017-11-11,test,1,120,23,19
2492,2017-11-12,test,1,120,3,0
2492,2017-11-23,test,1,120,2,0
2492,2017-11-29,test,1,120,18,11
2492,2017-12-12,test,1,120,7,4
2496,2017-04-29,train,1,120,43,18
2496,2017-06-03,train,1,120,38,24
2496,2017-07-02,train,1,120,46,17
2496,2017-08-20,train,1,120,17,7
2496,2017-09-23,train,1,120,3,0
2496,2017-10-08,validation,1,120,37,14
2496,2017-10-22,validation,1,120,43,19
2496,2017-11-04,test,1,120,53,30
2496,2017-11-11,test,1,120,6,1
2496,2017-11-22,test,1,120,48,13
2496,2017-11-30,test,1,120,40,14
2496,2017-12-16,test,1,120,39,21
2498,2017-04-09,train,1,120,3,0
2498,2017-04-19,train,1,120,6,1
2498,2017-04-23,train,1,120,1,0
2498,2017-05-04,train,1,120,2,0
2498,2017-05-12,train,1,120,2,2
2498,2017-05-23,train,1,120,15,4
2498,2017-05-28,train,1,120,1,1
2498,2017-06-05,train,1,120,50,12
2498,2017-06-18,train,1,120,8,1
2498,2017-07-01,train,1,120,4,0
2498,2017-07-13,train,1,120,14,3
2498,2017-07-26,train,1,120,1,0
2498,2017-08-07,train,1,120,1,0
2498,2017-09-08,train,1,120,13,2
2498,2017-09-20,train,1,120,2,1
2498,2017-09-30,train,1,120,1,0
2498,2017-10-01,validation,1,120,23,2
2498,2017-10-02,validation,1,120,1,1
2498,2017-10-20,validation,1,120,6,0
2498,2017-10-21,validation,1,120,6,0
2498,2017-10-28,validation,1,120,5,2
2498,2017-10-31,validation,1,120,6,1
2498,2017-11-04,test,1,120,20,6
2498,2017-11-05,test,1,120,3,0
2498,2017-11-06,test,1,120,6,0
2498,2017-11-11,test,1,120,16,3
2498,2017-11-13,test,1,120,1,0
2498,2017-11-14,test,1,120,5,1
2498,2017-11-16,test,1,120,2,0
2498,2017-11-17,test,1,120,3,1
2498,2017-11-20,test,1,120,5,0
2498,2017-11-29,test,1,120,12,2
2498,2017-12-16,test,1,120,2,0
2498,2017-12-17,test,1,120,3,1
2498,2017-12-23,test,1,120,10,2
2498,2017-12-26,test,1,120,6,0
250,2017-04-02,train,1,74,20,17
250,2017-04-22,train,1,87,5,2
250,2017-04-29,train,1,97,5,3
250,2017-05-11,train,1,108,8,1
250,2017-05-21,train,1,120,9,7
250,2017-05-29,train,1,120,9,4
250,2017-06-08,train,1,120,10,5
250,2017-06-22,train,1,120,1,1
250,2017-07-09,train,1,120,19,18
250,2017-07-23,train,1,120,21,16
250,2017-08-13,train,1,120,30,21
250,2017-09-03,train,1,120,25,18
250,2017-09-17,train,1,120,27,24
250,2017-10-01,validation,1,120,33,26
250,2017-10-08,validation,1,120,33,22
250,2017-10-12,validation,1,120,2,1
250,2017-10-14,validation,1,120,3,0
250,2017-10-15,validation,1,120,32,19
250,2017-10-16,validation,1,120,3,1
250,2017-10-19,validation,1,120,10,3
250,2017-10-22,validation,1,120,23,20
250,2017-10-23,validation,1,120,11,1
250,2017-10-31,validation,1,120,4,4
250,2017-11-01,test,1,120,5,3
250,2017-11-05,test,1,120,38,26
250,2017-11-12,test,1,120,36,24
250,2017-11-14,test,1,120,2,2
250,2017-11-20,test,1,120,25,20
250,2017-11-21,test,1,120,6,0
250,2017-11-25,test,1,120,26,18
250,2017-11-27,test,1,120,2,1
250,2017-12-01,test,1,120,10,4
250,2017-12-03,test,1,120,35,27
250,2017-12-10,test,1,120,5,1
250,2017-12-11,test,1,120,28,20
250,2017-12-12,test,1,120,5,4
250,2017-12-14,test,1,120,3,1
250,2017-12-17,test,1,120,21,16
250,2017-12-20,test,1,120,4,3
250,2017-12-23,test,1,120,12,9
250,2017-12-26,test,1,120,17,11
250,2017-12-28,test,1,120,3,2
252,2017-05-30,train,0,7,2,1
254,2017-05-29,train,1,22,2,1
254,2017-08-11,train,1,18,18,2
254,2017-10-10,validation,1,33,2,0
254,2017-11-01,test,1,31,1,0
254,2017-11-25,test,1,29,4,3
254,2017-12-02,test,1,29,3,2
254,2017-12-05,test,1,30,2,1
254,2017-12-16,test,1,31,2,0
254,2017-12-18,test,1,33,15,1
254,2017-12-27,test,1,44,6,2
255,2017-06-22,train,0,18,2,0
255,2017-09-16,train,1,12,20,1
255,2017-12-15,test,1,26,1,1
255,2017-12-24,test,1,24,15,3
256,2017-04-08,train,1,120,27,21
256,2017-04-29,train,1,120,46,27
256,2017-05-25,train,1,120,34,25
256,2017-06-24,train,1,120,8,3
256,2017-07-14,train,1,120,54,33
256,2017-08-11,train,1,120,30,21
256,2017-09-16,train,1,120,31,18
256,2017-10-01,validation,1,120,38,24
256,2017-10-03,validation,1,120,3,1
256,2017-10-09,validation,1,120,8,7
256,2017-10-10,validation,1,120,3,1
256,2017-10-13,validation,1,120,26,16
256,2017-10-22,validation,1,120,38,30
256,2017-11-04,test,1,120,50,24
256,2017-11-12,test,1,120,1,1
256,2017-11-17,test,1,120,3,3
256,2017-11-18,test,1,120,41,27
256,2017-12-01,test,1,120,51,33
256,2017-12-05,test,1,120,3,1
256,2017-12-11,test,1,120,7,6
256,2017-12-17,test,1,120,5,2
256,2017-12-20,test,1,120,58,47
257,2017-04-10,train,1,107,11,6
257,2017-04-23,train,1,120,17,6
257,2017-05-01,train,1,120,3,3
257,2017-05-09,train,1,120,2,0
257,2017-05-28,train,1,120,6,3
257,2017-06-15,train,1,120,44,17
257,2017-06-28,train,1,120,6,3
257,2017-07-14,train,1,120,3,2
257,2017-08-09,train,1,120,6,4
257,2017-08-21,train,1,120,25,15
257,2017-09-25,train,1,120,22,12
257,2017-10-04,validation,1,120,13,5
257,2017-10-08,validation,1,120,8,5
257,2017-10-09,validation,1,120,3,2
257,2017-10-15,validation,1,120,21,14
257,2017-11-04,test,1,120,38,21
257,2017-11-10,test,1,120,1,0
257,2017-11-11,test,1,120,1,1
257,2017-11-19,test,1,120,10,4
257,2017-11-22,test,1,120,15,7
257,2017-11-26,test,1,120,6,4
257,2017-12-07,test,1,120,5,1
257,2017-12-09,test,1,120,3,1
257,2017-12-12,test,1,120,19,12
257,2017-12-13,test,1,120,2,0
257,2017-12-20,test,1,120,9,2
257,2017-12-21,test,1,120,5,3
257,2017-12-26,test,1,120,17,10
266,2017-05-12,train,1,113,2,0
266,2017-08-14,train,1,111,15,9
266,2017-10-02,validation,1,92,26,6
266,2017-10-15,validation,1,112,25,16
266,2017-10-29,validation,1,120,38,22
266,2017-12-03,test,1,120,26,17
269,2017-04-19,train,0,16,34,1
269,2017-06-19,train,1,50,2,1
269,2017-09-22,train,1,43,34,10
269,2017-10-01,validation,1,67,3,2
269,2017-10-21,validation,1,44,6,3
269,2017-10-22,validation,1,47,7,2
269,2017-10-24,validation,1,52,1,1
269,2017-10-29,validation,1,51,1,0
269,2017-11-12,test,1,52,2,0
269,2017-11-15,test,1,54,6,2
269,2017-11-19,test,1,58,3,2
269,2017-11-22,test,1,59,26,7
269,2017-11-25,test,1,78,1,0
269,2017-11-28,test,1,79,4,3
269,2017-12-05,test,1,80,6,4
269,2017-12-10,test,1,82,4,3
269,2017-12-12,test,1,83,6,1
269,2017-12-23,test,1,88,9,4
269,2017-12-24,test,1,93,4,2
281,2017-04-03,train,1,43,14,9
281,2017-04-22,train,1,56,4,3
281,2017-05-07,train,1,67,11,7
281,2017-06-03,train,1,79,9,6
281,2017-07-17,train,1,87,1,1
281,2017-08-22,train,1,84,3,3
281,2017-09-13,train,1,92,6,4
281,2017-09-27,train,1,92,2,2
281,2017-10-04,validation,1,88,9,1
281,2017-10-13,validation,1,90,1,0
281,2017-10-17,validation,1,91,2,2
281,2017-11-07,test,1,74,8,6
281,2017-11-13,test,1,76,9,7
281,2017-12-10,test,1,62,12,4
281,2017-12-18,test,1,70,3,1
282,2017-04-10,train,1,106,28,10
282,2017-05-10,train,1,120,5,4
282,2017-05-27,train,1,120,39,17
282,2017-06-13,train,1,120,6,3
282,2017-07-12,train,1,120,9,5
282,2017-08-01,train,1,120,43,18
282,2017-08-24,train,1,120,2,1
282,2017-09-06,train,1,120,23,8
282,2017-10-05,validation,1,120,15,7
282,2017-10-15,validation,1,120,33,8
282,2017-11-13,test,1,120,47,16
282,2017-11-19,test,1,120,2,0
282,2017-11-27,test,1,120,5,2
282,2017-12-10,test,1,120,23,9
282,2017-12-17,test,1,120,22,1
282,2017-12-30,test,1,120,15,3
287,2017-04-05,train,1,120,24,4
287,2017-04-24,train,1,120,5,1
287,2017-05-08,train,1,120,1,0
287,2017-05-22,train,1,120,2,0
287,2017-05-30,train,1,120,5,1
287,2017-06-13,train,1,120,1,1
287,2017-06-25,train,1,120,1,1
287,2017-07-06,train,1,120,3,0
287,2017-07-15,train,1,120,2,1
287,2017-07-25,train,1,120,13,6
287,2017-07-31,train,1,120,9,3
287,2017-08-15,train,1,120,5,2
287,2017-08-24,train,1,120,1,1
287,2017-08-27,train,1,120,2,2
287,2017-09-11,train,1,120,4,3
287,2017-09-25,train,1,120,9,5
287,2017-10-06,validation,1,120,5,0
287,2017-10-08,validation,1,120,3,0
287,2017-10-13,validation,1,120,2,1
287,2017-10-19,validation,1,120,8,1
287,2017-10-23,validation,1,120,21,3
287,2017-10-31,validation,1,120,2,0
287,2017-11-03,test,1,120,1,1
287,2017-11-07,test,1,120,18,1
287,2017-11-10,test,1,120,1,1
287,2017-11-12,test,1,120,6,1
287,2017-11-17,test,1,120,4,1
287,2017-11-23,test,1,120,2,2
287,2017-11-24,test,1,120,1,1
287,2017-11-25,test,1,120,3,1
287,2017-11-28,test,1,120,3,1
287,2017-11-29,test,1,120,10,2
287,2017-12-06,test,1,120,36,5
287,2017-12-08,test,1,120,1,0
287,2017-12-11,test,1,120,10,1
287,2017-12-13,test,1,120,2,2
287,2017-12-15,test,1,120,2,1
287,2017-12-17,test,1,120,2,0
287,2017-12-18,test,1,120,1,0
287,2017-12-19,test,1,120,3,0
287,2017-12-20,test,1,120,2,0
287,2017-12-22,test,1,120,10,4
287,2017-12-26,test,1,120,7,1
287,2017-12-31,test,1,120,2,0
289,2017-04-07,train,1,120,6,1
289,2017-04-22,train,1,120,8,5
289,2017-05-27,train,1,120,5,2
289,2017-06-17,train,1,120,5,1
289,2017-07-29,train,1,120,11,2
289,2017-08-13,train,1,120,39,13
289,2017-08-27,train,1,120,19,8
289,2017-09-15,train,1,120,10,4
289,2017-10-14,validation,1,120,4,3
289,2017-10-19,validation,1,120,10,1
289,2017-10-21,validation,1,120,5,3
289,2017-10-24,validation,1,120,3,2
289,2017-10-25,validation,1,120,3,2
289,2017-11-04,test,1,120,19,5
289,2017-11-07,test,1,120,7,3
289,2017-11-09,test,1,120,6,3
289,2017-11-10,test,1,120,4,2
289,2017-11-13,test,1,120,18,7
289,2017-11-16,test,1,120,2,0
289,2017-11-19,test,1,120,6,1
289,2017-11-24,test,1,120,33,8
289,2017-11-25,test,1,120,14,3
289,2017-11-28,test,1,120,7,2
289,2017-11-30,test,1,120,4,1
289,2017-12-12,test,1,120,19,6
289,2017-12-16,test,1,120,28,4
289,2017-12-17,test,1,120,2,1
289,2017-12-19,test,1,120,19,10
289,2017-12-23,test,1,120,26,6
289,2017-12-30,test,1,120,14,5
29,2017-06-06,train,1,89,1,0
29,2017-07-28,train,1,47,3,0
29,2017-10-21,validation,1,28,1,0
29,2017-12-07,test,1,23,8,0
29,2017-12-16,test,1,31,4,0
29,2017-12-29,test,1,21,2,0
29,2017-12-31,test,1,23,1,0
291,2017-04-23,train,1,120,1,1
291,2017-05-19,train,1,120,13,6
291,2017-05-28,train,1,120,8,1
291,2017-07-24,train,1,120,3,0
291,2017-08-27,train,1,120,31,12
291,2017-09-24,train,1,120,8,4
291,2017-10-05,validation,1,120,53,14
291,2017-10-06,validation,1,120,1,0
291,2017-10-24,validation,1,120,11,7
291,2017-11-02,test,1,120,6,5
291,2017-11-05,test,1,120,24,10
291,2017-11-20,test,1,120,7,5
291,2017-11-21,test,1,120,9,2
291,2017-12-05,test,1,120,32,14
291,2017-12-22,test,1,120,16,5
292,2017-04-06,train,1,25,5,2
292,2017-04-30,train,1,31,4,0
292,2017-06-14,train,1,41,3,0
292,2017-08-26,train,1,34,4,0
292,2017-11-10,test,1,20,3,0
292,2017-11-18,test,1,23,3,0
292,2017-11-26,test,1,18,4,0
292,2017-12-06,test,1,22,4,1
292,2017-12-15,test,1,21,2,1
292,2017-12-21,test,1,22,2,1
293,2017-04-02,train,1,89,14,6
293,2017-04-19,train,1,100,3,2
293,2017-05-02,train,1,109,7,1
293,2017-05-16,train,1,120,14,12
293,2017-05-20,train,1,120,2,0
293,2017-06-03,train,1,120,3,0
293,2017-06-18,train,1,120,5,3
293,2017-06-26,train,1,120,19,10
293,2017-07-12,train,1,120,1,0
293,2017-08-01,train,1,120,10,4
293,2017-08-20,train,1,120,12,6
293,2017-09-14,train,1,120,6,0
293,2017-10-05,validation,1,120,12,6
293,2017-10-11,validation,1,120,11,4
293,2017-11-05,test,1,120,14,5
293,2017-11-19,test,1,120,27,10
293,2017-11-23,test,1,120,23,6
293,2017-11-24,test,1,120,4,0
293,2017-12-04,test,1,120,12,8
293,2017-12-09,test,1,120,18,7
293,2017-12-20,test,1,120,2,1
294,2017-04-03,train,1,120,10,1
294,2017-04-09,train,1,120,5,0
294,2017-04-15,train,1,120,4,4
294,2017-04-22,train,1,120,10,2
294,2017-04-27,train,1,120,38,6
294,2017-05-07,train,1,120,8,3
294,2017-05-19,train,1,120,43,14
294,2017-05-25,train,1,120,3,1
294,2017-05-28,train,1,120,18,5
294,2017-06-09,train,1,120,7,3
294,2017-06-16,train,1,120,22,8
294,2017-07-04,train,1,120,6,3
294,2017-07-15,train,1,120,7,1
294,2017-07-31,train,1,120,7,3
294,2017-08-16,train,1,120,2,0
294,2017-08-21,train,1,120,4,1
294,2017-08-29,train,1,120,4,1
294,2017-09-09,train,1,120,25,8
294,2017-09-23,train,1,120,2,2
294,2017-10-02,validation,1,120,1,1
294,2017-10-07,validation,1,120,5,3
294,2017-10-13,validation,1,120,21,9
294,2017-10-15,validation,1,120,2,2
294,2017-10-20,validation,1,120,6,1
294,2017-10-28,validation,1,120,3,2
294,2017-11-03,test,1,120,8,5
294,2017-11-11,test,1,120,7,2
294,2017-11-13,test,1,120,30,9
294,2017-11-17,test,1,120,1,0
294,2017-11-19,test,1,120,35,10
294,2017-11-25,test,1,120,9,6
294,2017-11-27,test,1,120,7,2
294,2017-12-01,test,1,120,16,3
294,2017-12-09,test,1,120,5,3
294,2017-12-15,test,1,120,27,10
294,2017-12-22,test,1,120,32,8
294,2017-12-26,test,1,120,7,3
294,2017-12-29,test,1,120,16,9
294,2017-12-30,test,1,120,6,1
294,2017-12-31,test,1,120,4,2
317,2017-04-15,train,1,120,21,6
317,2017-06-14,train,1,120,39,16
317,2017-07-03,train,1,120,26,8
317,2017-07-21,train,1,120,23,9
317,2017-08-20,train,1,120,36,13
317,2017-10-01,validation,1,120,24,13
317,2017-10-10,validation,1,120,14,7
317,2017-10-17,validation,1,120,35,13
317,2017-10-25,validation,1,120,19,9
317,2017-11-17,test,1,120,8,1
317,2017-11-19,test,1,120,16,7
317,2017-12-24,test,1,120,14,7
319,2017-05-10,train,1,120,10,4
319,2017-05-27,train,1,120,11,3
319,2017-06-24,train,1,120,1,0
319,2017-07-15,train,1,120,8,0
319,2017-07-24,train,1,120,9,3
319,2017-08-06,train,1,120,7,1
319,2017-09-23,train,1,120,33,6
319,2017-10-09,validation,1,120,21,7
319,2017-10-21,validation,1,120,19,6
319,2017-10-24,validation,1,120,40,9
319,2017-10-28,validation,1,120,4,0
319,2017-11-19,test,1,120,29,11
319,2017-11-23,test,1,120,12,1
319,2017-11-27,test,1,120,17,2
319,2017-12-02,test,1,120,17,8
319,2017-12-15,test,1,120,1,0
319,2017-12-16,test,1,120,8,5
319,2017-12-21,test,1,120,2,0
321,2017-04-13,train,1,120,5,2
321,2017-05-01,train,1,120,18,7
321,2017-05-19,train,1,120,34,15
321,2017-06-11,train,1,120,28,14
321,2017-06-18,train,1,120,10,5
321,2017-07-07,train,1,120,5,3
321,2017-07-15,train,1,120,3,1
321,2017-07-25,train,1,120,4,1
321,2017-08-05,train,1,120,1,0
321,2017-08-27,train,1,120,1,0
321,2017-09-18,train,1,120,5,3
321,2017-10-01,validation,1,120,22,10
321,2017-10-22,validation,1,120,53,15
321,2017-11-08,test,1,120,6,3
321,2017-11-14,test,1,120,13,4
321,2017-11-16,test,1,120,7,1
321,2017-11-17,test,1,120,21,8
321,2017-11-19,test,1,120,3,0
321,2017-11-26,test,1,120,8,4
321,2017-12-02,test,1,120,29,7
321,2017-12-03,test,1,120,3,0
321,2017-12-11,test,1,120,25,11
321,2017-12-23,test,1,120,20,6
323,2017-07-28,train,0,5,2,0
325,2017-04-28,train,1,74,23,3
325,2017-05-23,train,1,106,7,2
325,2017-06-17,train,1,120,23,5
325,2017-07-30,train,1,120,27,3
325,2017-09-12,train,1,120,15,4
325,2017-10-11,validation,1,120,32,4
325,2017-10-28,validation,1,120,5,0
325,2017-11-05,test,1,120,17,3
325,2017-11-14,test,1,120,22,3
325,2017-11-19,test,1,120,13,1
325,2017-11-21,test,1,120,2,0
325,2017-12-04,test,1,120,3,0
325,2017-12-08,test,1,120,5,0
325,2017-12-10,test,1,120,1,0
325,2017-12-19,test,1,120,2,0
325,2017-12-30,test,1,120,31,6
329,2017-04-03,train,1,117,11,5
329,2017-04-21,train,1,120,3,2
329,2017-04-27,train,1,120,6,4
329,2017-05-11,train,1,120,2,1
329,2017-05-22,train,1,120,6,4
329,2017-06-01,train,1,120,7,7
329,2017-06-09,train,1,120,8,3
329,2017-06-21,train,1,120,6,3
329,2017-07-10,train,1,120,6,3
329,2017-07-28,train,1,120,1,1
329,2017-08-08,train,1,120,17,4
329,2017-08-21,train,1,120,25,7
329,2017-09-05,train,1,120,16,11
329,2017-09-15,train,1,120,4,1
329,2017-09-26,train,1,120,2,1
329,2017-10-02,validation,1,120,7,3
329,2017-10-05,validation,1,120,10,6
329,2017-10-09,validation,1,120,9,5
329,2017-10-12,validation,1,120,13,7
329,2017-10-16,validation,1,120,10,7
329,2017-10-19,validation,1,120,22,8
329,2017-10-24,validation,1,120,10,6
329,2017-10-30,validation,1,120,20,7
329,2017-11-06,test,1,120,19,13
329,2017-11-11,test,1,120,6,5
329,2017-11-13,test,1,120,26,11
329,2017-11-20,test,1,120,17,7
329,2017-11-27,test,1,120,19,6
329,2017-12-04,test,1,120,14,11
329,2017-12-11,test,1,120,19,10
329,2017-12-16,test,1,120,2,0
329,2017-12-18,test,1,120,20,11
329,2017-12-26,test,1,120,1,1
329,2017-12-27,test,1,120,21,14
331,2017-04-09,train,1,84,5,0
331,2017-05-15,train,1,95,2,0
331,2017-05-31,train,1,120,29,13
331,2017-08-13,train,1,110,6,4
331,2017-09-21,train,1,92,5,5
331,2017-11-04,test,1,80,18,8
331,2017-11-17,test,1,64,9,2
331,2017-11-21,test,1,70,2,1
342,2017-07-13,train,1,108,32,0
342,2017-08-22,train,1,67,18,3
342,2017-09-05,train,1,85,11,0
342,2017-10-06,validation,1,117,9,4
342,2017-10-14,validation,1,120,31,10
342,2017-11-15,test,1,120,10,3
342,2017-11-17,test,1,120,10,2
342,2017-11-23,test,1,120,9,0
342,2017-11-27,test,1,120,10,6
342,2017-11-29,test,1,120,2,2
342,2017-12-03,test,1,120,6,2
342,2017-12-21,test,1,120,2,1
344,2017-04-16,train,0,21,43,0
344,2017-09-16,train,1,84,33,3
344,2017-10-09,validation,1,97,18,1
344,2017-11-02,test,1,66,3,1
344,2017-12-11,test,1,52,28,1
348,2017-04-02,train,1,110,4,1
348,2017-04-08,train,1,120,4,0
348,2017-04-21,train,1,120,15,4
348,2017-05-11,train,1,120,21,2
348,2017-06-07,train,1,120,72,18
348,2017-07-12,train,1,120,2,0
348,2017-07-19,train,1,120,6,2
348,2017-07-24,train,1,120,2,0
348,2017-08-14,train,1,120,4,1
348,2017-08-18,train,1,120,1,1
348,2017-09-02,train,1,120,36,5
348,2017-10-09,validation,1,120,6,1
348,2017-10-12,validation,1,120,4,1
348,2017-10-19,validation,1,120,7,0
348,2017-11-03,test,1,120,64,21
348,2017-11-04,test,1,120,30,6
348,2017-11-05,test,1,120,13,2
348,2017-11-07,test,1,120,51,8
348,2017-11-11,test,1,120,29,12
348,2017-11-15,test,1,120,16,2
348,2017-11-19,test,1,120,9,4
348,2017-11-23,test,1,120,22,0
348,2017-11-24,test,1,120,6,4
348,2017-11-29,test,1,120,9,1
348,2017-12-02,test,1,120,18,4
348,2017-12-05,test,1,120,8,2
348,2017-12-11,test,1,120,7,3
348,2017-12-13,test,1,120,3,1
348,2017-12-18,test,1,120,18,9
348,2017-12-23,test,1,120,10,5
348,2017-12-30,test,1,120,13,5
349,2017-06-15,train,0,7,6,1
349,2017-10-30,validation,1,17,1,0
349,2017-11-20,test,1,18,19,0
349,2017-12-11,test,1,36,3,0
349,2017-12-18,test,1,33,20,2
349,2017-12-23,test,1,51,8,4
350,2017-04-23,train,1,52,4,0
350,2017-05-18,train,1,67,2,1
350,2017-06-17,train,1,79,6,0
350,2017-07-20,train,1,87,4,2
350,2017-10-01,validation,1,70,12,2
350,2017-10-02,validation,1,80,4,1
350,2017-10-03,validation,1,83,10,3
350,2017-10-14,validation,1,90,2,1
350,2017-10-19,validation,1,90,5,1
350,2017-11-11,test,1,81,7,2
350,2017-11-22,test,1,73,17,4
350,2017-12-08,test,1,86,4,0
350,2017-12-11,test,1,90,2,1
350,2017-12-16,test,1,87,33,6
350,2017-12-23,test,1,114,7,1
350,2017-12-24,test,1,120,10,3
353,2017-04-14,train,1,118,4,1
353,2017-04-22,train,1,120,13,0
353,2017-05-13,train,1,120,14,0
353,2017-06-04,train,1,120,2,0
353,2017-06-14,train,1,120,1,0
353,2017-06-27,train,1,120,3,0
353,2017-07-07,train,1,120,9,4
353,2017-07-15,train,1,120,14,2
353,2017-07-21,train,1,120,4,0
353,2017-08-20,train,1,120,3,1
353,2017-09-03,train,1,120,18,2
353,2017-09-17,train,1,120,3,0
353,2017-10-14,validation,1,120,38,7
353,2017-10-29,validation,1,120,7,3
353,2017-11-04,test,1,120,16,6
353,2017-11-05,test,1,120,1,0
353,2017-11-07,test,1,120,15,5
353,2017-11-08,test,1,120,25,9
353,2017-11-11,test,1,120,17,2
353,2017-11-12,test,1,120,7,3
353,2017-11-18,test,1,120,16,2
353,2017-11-20,test,1,120,27,1
353,2017-11-22,test,1,120,2,0
353,2017-11-25,test,1,120,12,0
353,2017-11-30,test,1,120,15,3
353,2017-12-01,test,1,120,12,1
353,2017-12-04,test,1,120,6,2
353,2017-12-05,test,1,120,5,3
353,2017-12-09,test,1,120,2,0
353,2017-12-10,test,1,120,3,0
353,2017-12-18,test,1,120,5,0
353,2017-12-23,test,1,120,12,2
353,2017-12-24,test,1,120,7,2
353,2017-12-26,test,1,120,11,1
357,2017-05-30,train,1,120,2,1
357,2017-09-23,train,1,89,7,0
357,2017-10-21,validation,1,96,62,10
357,2017-10-29,validation,1,120,34,5
357,2017-11-03,test,1,120,19,7
357,2017-11-09,test,1,120,15,4
357,2017-12-18,test,1,120,84,11
357,2017-12-30,test,1,120,16,3
36,2017-04-05,train,1,26,1,1
36,2017-04-26,train,1,26,14,2
36,2017-05-07,train,1,39,26,8
36,2017-05-11,train,1,57,1,0
36,2017-05-19,train,1,58,5,2
36,2017-05-23,train,1,75,1,1
36,2017-05-30,train,1,98,16,6
36,2017-06-03,train,1,111,14,8
36,2017-06-12,train,1,120,1,0
36,2017-06-25,train,1,120,13,3
36,2017-07-07,train,1,120,1,1
36,2017-07-12,train,1,120,2,1
36,2017-07-24,train,1,120,3,1
36,2017-08-03,train,1,120,5,2
36,2017-08-08,train,1,120,5,3
36,2017-08-24,train,1,120,9,1
36,2017-09-01,train,1,120,7,4
36,2017-09-07,train,1,120,8,2
36,2017-09-15,train,1,120,1,1
36,2017-09-20,train,1,120,2,2
36,2017-09-27,train,1,120,2,2
36,2017-10-01,validation,1,120,28,11
36,2017-10-08,validation,1,120,8,5
36,2017-10-11,validation,1,120,2,1
36,2017-10-12,validation,1,120,5,2
36,2017-10-18,validation,1,120,19,5
36,2017-10-23,validation,1,120,25,11
36,2017-10-28,validation,1,120,13,6
36,2017-10-31,validation,1,120,6,2
36,2017-11-03,test,1,120,3,3
36,2017-11-05,test,1,120,29,11
36,2017-11-06,test,1,120,1,1
36,2017-11-07,test,1,120,2,1
36,2017-11-10,test,1,120,3,1
36,2017-11-11,test,1,120,15,5
36,2017-11-13,test,1,120,2,2
36,2017-11-14,test,1,120,6,4
36,2017-11-17,test,1,120,3,3
36,2017-11-19,test,1,120,8,4
36,2017-11-21,test,1,120,1,1
36,2017-11-26,test,1,120,16,6
36,2017-11-27,test,1,120,2,1
36,2017-11-30,test,1,120,1,1
36,2017-12-01,test,1,120,2,1
36,2017-12-04,test,1,120,7,5
36,2017-12-06,test,1,120,2,2
36,2017-12-08,test,1,120,5,3
36,2017-12-11,test,1,120,2,1
36,2017-12-15,test,1,120,2,2
36,2017-12-20,test,1,120,9,6
36,2017-12-23,test,1,120,1,1
36,2017-12-24,test,1,120,15,7
36,2017-12-28,test,1,120,3,3
36,2017-12-29,test,1,120,1,0
36,2017-12-30,test,1,120,1,1
360,2017-05-22,train,0,6,13,0
360,2017-06-09,train,1,24,1,0
360,2017-07-09,train,1,26,3,0
360,2017-07-26,train,1,32,2,1
360,2017-11-05,test,1,46,3,0
360,2017-11-12,test,1,49,8,1
360,2017-11-20,test,1,43,8,1
361,2017-04-03,train,1,120,15,3
361,2017-04-14,train,1,120,9,2
361,2017-05-01,train,1,120,16,5
361,2017-05-29,train,1,120,33,11
361,2017-06-09,train,1,120,1,0
361,2017-06-19,train,1,120,14,5
361,2017-07-01,train,1,120,5,3
361,2017-07-10,train,1,120,4,2
361,2017-07-17,train,1,120,2,1
361,2017-07-24,train,1,120,44,17
361,2017-08-01,train,1,120,15,9
361,2017-08-10,train,1,120,5,4
361,2017-08-19,train,1,120,54,19
361,2017-08-31,train,1,120,8,3
361,2017-09-18,train,1,120,15,7
361,2017-09-27,train,1,120,40,18
361,2017-10-08,validation,1,120,38,17
361,2017-10-09,validation,1,120,7,3
361,2017-10-10,validation,1,120,3,0
361,2017-10-14,validation,1,120,12,3
361,2017-10-22,validation,1,120,12,9
361,2017-10-27,validation,1,120,3,3
361,2017-10-28,validation,1,120,38,10
361,2017-11-06,test,1,120,26,16
361,2017-11-10,test,1,120,59,24
361,2017-11-11,test,1,120,7,0
361,2017-11-21,test,1,120,59,25
361,2017-11-22,test,1,120,23,4
361,2017-11-24,test,1,120,26,6
361,2017-11-28,test,1,120,16,4
361,2017-12-03,test,1,120,15,6
361,2017-12-11,test,1,120,1,0
361,2017-12-14,test,1,120,12,5
361,2017-12-17,test,1,120,20,7
361,2017-12-18,test,1,120,3,1
361,2017-12-19,test,1,120,10,3
361,2017-12-22,test,1,120,67,24
361,2017-12-27,test,1,120,35,20
361,2017-12-28,test,1,120,32,9
364,2017-04-16,train,1,120,4,1
364,2017-07-09,train,1,120,3,1
364,2017-08-03,train,1,120,17,4
364,2017-11-04,test,1,55,12,1
364,2017-12-23,test,1,58,4,0
37,2017-04-07,train,1,48,10,6
37,2017-04-28,train,1,55,2,1
37,2017-05-31,train,1,60,6,4
37,2017-09-05,train,1,55,2,0
37,2017-10-09,validation,1,37,1,0
37,2017-10-17,validation,1,36,1,1
37,2017-10-21,validation,1,32,1,1
37,2017-11-12,test,1,27,1,0
37,2017-11-18,test,1,28,1,1
37,2017-11-21,test,1,23,1,1
37,2017-11-25,test,1,23,5,2
37,2017-11-29,test,1,22,1,0
37,2017-12-10,test,1,23,5,1
37,2017-12-28,test,1,19,6,2
371,2017-04-15,train,1,120,20,7
371,2017-05-01,train,1,120,58,23
371,2017-05-09,train,1,120,59,21
371,2017-05-17,train,1,120,51,21
371,2017-05-27,train,1,120,9,1
371,2017-06-06,train,1,120,55,19
371,2017-06-12,train,1,120,64,22
371,2017-06-20,train,1,120,48,12
371,2017-07-10,train,1,120,62,23
371,2017-07-25,train,1,120,74,27
371,2017-08-08,train,1,120,50,17
371,2017-08-29,train,1,120,46,18
371,2017-09-12,train,1,120,62,14
371,2017-09-24,train,1,120,7,0
371,2017-10-02,validation,1,120,51,27
371,2017-10-08,validation,1,120,32,13
371,2017-10-11,validation,1,120,3,1
371,2017-10-12,validation,1,120,37,13
371,2017-10-14,validation,1,120,11,2
371,2017-10-16,validation,1,120,16,5
371,2017-10-19,validation,1,120,55,24
371,2017-10-22,validation,1,120,7,0
371,2017-10-26,validation,1,120,63,22
371,2017-11-05,test,1,120,34,15
371,2017-11-09,test,1,120,50,14
371,2017-11-14,test,1,120,68,24
371,2017-11-16,test,1,120,9,2
371,2017-11-19,test,1,120,52,16
371,2017-11-21,test,1,120,13,2
371,2017-11-22,test,1,120,1,0
371,2017-11-25,test,1,120,30,8
371,2017-11-28,test,1,120,53,23
371,2017-12-05,test,1,120,45,13
371,2017-12-07,test,1,120,13,0
371,2017-12-12,test,1,120,69,18
371,2017-12-14,test,1,120,20,1
371,2017-12-16,test,1,120,10,1
371,2017-12-20,test,1,120,49,19
371,2017-12-24,test,1,120,7,1
371,2017-12-27,test,1,120,54,23
371,2017-12-30,test,1,120,38,11
376,2017-04-03,train,1,120,1,1
376,2017-04-08,train,1,120,5,3
376,2017-04-12,train,1,120,5,3
376,2017-04-19,train,1,120,5,3
376,2017-04-24,train,1,120,7,4
376,2017-05-01,train,1,120,6,3
376,2017-05-09,train,1,120,9,4
376,2017-05-13,train,1,120,1,1
376,2017-05-17,train,1,120,5,4
376,2017-05-21,train,1,120,12,8
376,2017-05-24,train,1,120,4,4
376,2017-05-27,train,1,120,2,2
376,2017-05-30,train,1,120,6,4
376,2017-06-02,train,1,120,3,2
376,2017-06-05,train,1,120,5,3
376,2017-06-09,train,1,120,2,1
376,2017-06-12,train,1,120,5,4
376,2017-06-15,train,1,120,8,6
376,2017-06-19,train,1,120,5,3
376,2017-06-25,train,1,120,10,7
376,2017-06-29,train,1,120,1,1
376,2017-07-03,train,1,120,9,5
376,2017-07-07,train,1,120,3,3
376,2017-07-13,train,1,120,2,2
376,2017-07-19,train,1,120,2,2
376,2017-07-22,train,1,120,1,1
376,2017-07-25,train,1,120,7,2
376,2017-07-29,train,1,120,2,2
376,2017-08-02,train,1,120,10,7
376,2017-08-08,train,1,120,5,4
376,2017-08-13,train,1,120,9,4
376,2017-08-19,train,1,120,8,4
376,2017-08-24,train,1,120,4,2
376,2017-09-07,train,1,120,3,3
376,2017-09-13,train,1,120,3,0
376,2017-09-28,train,1,120,10,6
376,2017-10-07,validation,1,120,7,0
376,2017-10-09,validation,1,120,3,3
376,2017-10-10,validation,1,120,5,4
376,2017-10-15,validation,1,120,6,5
376,2017-10-16,validation,1,120,2,2
376,2017-10-17,validation,1,120,16,6
376,2017-10-25,validation,1,120,16,5
376,2017-10-27,validation,1,120,6,0
376,2017-10-28,validation,1,120,10,7
376,2017-11-01,test,1,120,3,2
376,2017-11-07,test,1,120,1,1
376,2017-11-14,test,1,120,5,3
376,2017-11-15,test,1,120,12,8
376,2017-11-18,test,1,120,5,4
376,2017-11-20,test,1,120,3,2
376,2017-11-22,test,1,120,19,8
376,2017-11-23,test,1,120,4,1
376,2017-11-24,test,1,120,1,1
376,2017-11-26,test,1,120,2,2
376,2017-11-28,test,1,120,8,7
376,2017-12-01,test,1,120,2,0
376,2017-12-02,test,1,120,16,6
376,2017-12-03,test,1,120,3,0
376,2017-12-05,test,1,120,2,1
376,2017-12-06,test,1,120,16,9
376,2017-12-08,test,1,120,2,2
376,2017-12-09,test,1,120,1,1
376,2017-12-11,test,1,120,5,5
376,2017-12-14,test,1,120,2,1
376,2017-12-16,test,1,120,3,3
376,2017-12-19,test,1,120,14,10
376,2017-12-27,test,1,120,1,1
376,2017-12-29,test,1,120,9,7
376,2017-12-30,test,1,120,12,7
376,2017-12-31,test,1,120,6,1
378,2017-04-01,train,1,114,2,1
378,2017-04-05,train,1,117,4,1
378,2017-04-14,train,1,120,9,5
378,2017-04-21,train,1,120,9,3
378,2017-04-27,train,1,120,3,1
378,2017-05-05,train,1,120,3,2
378,2017-05-14,train,1,120,3,2
378,2017-05-18,train,1,120,4,3
378,2017-05-24,train,1,120,3,2
378,2017-05-30,train,1,120,6,2
378,2017-06-04,train,1,120,3,0
378,2017-06-11,train,1,120,4,2
378,2017-06-23,train,1,120,5,2
378,2017-06-28,train,1,120,2,0
378,2017-07-05,train,1,120,4,2
378,2017-07-12,train,1,120,4,2
378,2017-07-17,train,1,120,3,1
378,2017-07-24,train,1,120,7,3
378,2017-08-01,train,1,120,4,3
378,2017-08-06,train,1,120,2,1
378,2017-08-13,train,1,120,6,3
378,2017-08-22,train,1,120,7,4
378,2017-08-29,train,1,120,1,1
378,2017-09-03,train,1,120,3,3
378,2017-09-07,train,1,120,5,4
378,2017-09-13,train,1,120,4,2
378,2017-09-18,train,1,120,5,4
378,2017-09-28,train,1,120,4,3
378,2017-10-03,validation,1,120,10,5
378,2017-10-08,validation,1,120,8,5
378,2017-10-09,validation,1,120,5,1
378,2017-10-10,validation,1,120,4,2
378,2017-10-11,validation,1,120,2,0
378,2017-10-12,validation,1,120,1,1
378,2017-10-15,validation,1,120,2,0
378,2017-10-19,validation,1,120,4,2
378,2017-10-21,validation,1,120,1,1
378,2017-10-23,validation,1,120,9,4
378,2017-10-26,validation,1,120,5,4
378,2017-10-28,validation,1,120,2,1
378,2017-10-29,validation,1,120,5,2
378,2017-11-03,test,1,120,5,2
378,2017-11-05,test,1,120,7,6
378,2017-11-07,test,1,120,7,5
378,2017-11-10,test,1,120,3,2
378,2017-11-12,test,1,120,4,1
378,2017-11-16,test,1,120,3,2
378,2017-11-17,test,1,120,10,3
378,2017-11-22,test,1,120,11,5
378,2017-11-26,test,1,120,1,1
378,2017-11-28,test,1,120,5,3
378,2017-11-30,test,1,120,1,0
378,2017-12-01,test,1,120,7,5
378,2017-12-03,test,1,120,4,2
378,2017-12-08,test,1,120,3,3
378,2017-12-13,test,1,120,4,2
378,2017-12-14,test,1,120,3,2
378,2017-12-15,test,1,120,3,2
378,2017-12-16,test,1,120,5,1
378,2017-12-19,test,1,120,3,2
378,2017-12-23,test,1,120,6,4
378,2017-12-28,test,1,120,6,4
380,2017-04-04,train,1,120,9,4
380,2017-04-16,train,1,120,11,2
380,2017-04-28,train,1,120,34,20
380,2017-05-12,train,1,120,30,16
380,2017-06-02,train,1,120,26,13
380,2017-06-18,train,1,120,15,5
380,2017-07-02,train,1,120,16,6
380,2017-07-14,train,1,120,35,17
380,2017-07-21,train,1,120,31,10
380,2017-08-04,train,1,120,12,3
380,2017-09-01,train,1,120,39,25
380,2017-09-11,train,1,120,23,10
380,2017-09-23,train,1,120,47,24
380,2017-10-06,validation,1,120,29,12
380,2017-10-07,validation,1,120,19,11
380,2017-10-13,validation,1,120,27,16
380,2017-10-20,validation,1,120,30,19
380,2017-10-25,validation,1,120,3,1
380,2017-10-29,validation,1,120,17,9
380,2017-11-03,test,1,120,34,16
380,2017-11-10,test,1,120,37,20
380,2017-11-14,test,1,120,8,4
380,2017-11-18,test,1,120,35,18
380,2017-11-22,test,1,120,21,12
380,2017-11-27,test,1,120,14,9
380,2017-11-30,test,1,120,21,13
380,2017-12-04,test,1,120,10,4
380,2017-12-06,test,1,120,31,17
380,2017-12-08,test,1,120,31,11
380,2017-12-12,test,1,120,23,4
380,2017-12-21,test,1,120,36,17
380,2017-12-23,test,1,120,13,5
380,2017-12-24,test,1,120,4,3
380,2017-12-27,test,1,120,9,3
381,2017-04-18,train,1,63,1,0
381,2017-05-04,train,1,70,2,0
381,2017-05-20,train,1,75,9,0
381,2017-06-18,train,1,104,19,4
381,2017-07-04,train,1,120,9,4
381,2017-09-20,train,1,108,2,0
381,2017-10-07,validation,1,120,9,1
381,2017-10-14,validation,1,120,52,6
381,2017-10-15,validation,1,120,7,2
381,2017-10-23,validation,1,120,5,0
381,2017-10-28,validation,1,120,20,7
381,2017-11-12,test,1,120,14,3
381,2017-12-24,test,1,120,6,2
381,2017-12-30,test,1,120,1,1
381,2017-12-31,test,1,120,12,1
384,2017-05-13,train,1,81,4,0
384,2017-06-10,train,1,90,2,0
384,2017-06-27,train,1,116,35,8
384,2017-07-21,train,1,120,42,0
384,2017-09-15,train,1,120,1,0
384,2017-09-25,train,1,120,2,0
384,2017-10-03,validation,1,120,2,0
384,2017-10-06,validation,1,120,22,1
384,2017-10-17,validation,1,120,58,10
384,2017-10-29,validation,1,120,2,0
384,2017-10-31,validation,1,120,20,7
384,2017-11-08,test,1,120,1,0
384,2017-11-14,test,1,120,24,10
384,2017-11-21,test,1,120,8,0
384,2017-11-29,test,1,120,38,13
384,2017-12-15,test,1,120,20,1
384,2017-12-16,test,1,120,8,0
384,2017-12-22,test,1,120,1,0
384,2017-12-23,test,1,120,1,0
384,2017-12-24,test,1,120,1,0
384,2017-12-29,test,1,120,1,0
385,2017-04-20,train,1,106,1,1
385,2017-09-29,train,1,105,46,14
385,2017-10-03,validation,1,120,43,9
385,2017-10-04,validation,1,120,4,0
385,2017-10-06,validation,1,120,8,3
385,2017-10-12,validation,1,120,82,26
385,2017-10-19,validation,1,120,38,5
385,2017-11-07,test,1,120,8,2
385,2017-11-11,test,1,120,30,9
385,2017-11-27,test,1,120,4,2
385,2017-12-09,test,1,120,46,20
385,2017-12-24,test,1,120,10,3
389,2017-04-05,train,1,120,47,13
389,2017-04-13,train,1,120,36,15
389,2017-04-26,train,1,120,36,15
389,2017-05-09,train,1,120,34,11
389,2017-05-16,train,1,120,24,11
389,2017-05-23,train,1,120,1,0
389,2017-05-29,train,1,120,14,6
389,2017-06-11,train,1,120,56,26
389,2017-06-21,train,1,120,39,18
389,2017-06-29,train,1,120,10,3
389,2017-07-08,train,1,120,6,2
389,2017-07-21,train,1,120,14,10
389,2017-08-01,train,1,120,32,15
389,2017-08-12,train,1,120,6,1
389,2017-08-18,train,1,120,13,2
389,2017-09-02,train,1,120,22,10
389,2017-09-24,train,1,120,14,6
389,2017-09-28,train,1,120,20,7
389,2017-10-03,validation,1,120,50,15
389,2017-10-05,validation,1,120,32,13
389,2017-10-11,validation,1,120,16,10
389,2017-10-13,validation,1,120,9,1
389,2017-10-16,validation,1,120,30,19
389,2017-10-18,validation,1,120,11,4
389,2017-10-19,validation,1,120,6,1
389,2017-10-21,validation,1,120,6,3
389,2017-10-25,validation,1,120,51,12
389,2017-10-26,validation,1,120,2,0
389,2017-10-27,validation,1,120,4,2
389,2017-11-02,test,1,120,41,18
389,2017-11-08,test,1,120,32,13
389,2017-11-09,test,1,120,3,0
389,2017-11-14,test,1,120,26,13
389,2017-11-15,test,1,120,1,0
389,2017-11-19,test,1,120,4,0
389,2017-11-20,test,1,120,3,1
389,2017-11-21,test,1,120,78,24
389,2017-11-24,test,1,120,8,0
389,2017-11-25,test,1,120,2,0
389,2017-11-28,test,1,120,2,2
389,2017-12-02,test,1,120,7,6
389,2017-12-03,test,1,120,35,8
389,2017-12-07,test,1,120,24,7
389,2017-12-12,test,1,120,34,16
389,2017-12-13,test,1,120,1,0
389,2017-12-16,test,1,120,10,5
389,2017-12-18,test,1,120,10,2
389,2017-12-21,test,1,120,31,11
389,2017-12-24,test,1,120,21,7
389,2017-12-27,test,1,120,4,3
389,2017-12-29,test,1,120,9,4
389,2017-12-31,test,1,120,15,8
39,2017-04-03,train,0,90,58,8
39,2017-06-17,train,1,120,36,5
39,2017-08-05,train,1,120,20,3
39,2017-09-07,train,1,120,16,2
39,2017-10-01,validation,1,120,13,4
39,2017-10-05,validation,1,120,2,0
39,2017-10-06,validation,1,120,64,13
39,2017-10-16,validation,1,120,27,1
39,2017-10-30,validation,1,120,46,7
39,2017-11-18,test,1,120,27,8
39,2017-12-01,test,1,120,36,13
39,2017-12-09,test,1,120,9,2
39,2017-12-21,test,1,120,16,6
39,2017-12-22,test,1,120,3,0
39,2017-12-24,test,1,120,15,2
39,2017-12-26,test,1,120,3,2
390,2017-04-15,train,1,56,3,3
390,2017-05-17,train,1,74,1,0
390,2017-06-10,train,1,78,36,8
390,2017-07-14,train,1,105,22,4
390,2017-08-18,train,1,104,18,8
390,2017-09-10,train,1,103,4,2
390,2017-10-06,validation,1,104,4,2
390,2017-10-13,validation,1,105,3,1
390,2017-10-17,validation,1,107,5,5
390,2017-10-21,validation,1,107,12,6
390,2017-10-25,validation,1,113,2,1
390,2017-10-31,validation,1,102,2,2
390,2017-11-04,test,1,102,7,2
390,2017-11-12,test,1,106,4,2
390,2017-11-14,test,1,107,2,0
390,2017-11-20,test,1,109,1,1
390,2017-11-22,test,1,109,10,3
390,2017-11-24,test,1,116,2,1
390,2017-12-08,test,1,87,3,3
390,2017-12-16,test,1,87,5,3
390,2017-12-19,test,1,89,1,0
390,2017-12-21,test,1,90,1,0
390,2017-12-22,test,1,91,2,1
390,2017-12-23,test,1,92,2,0
390,2017-12-29,test,1,94,3,2
393,2017-04-07,train,1,120,2,0
393,2017-04-18,train,1,120,3,0
393,2017-04-25,train,1,120,1,0
393,2017-05-02,train,1,120,48,6
393,2017-05-12,train,1,120,7,1
393,2017-05-20,train,1,120,1,1
393,2017-06-01,train,1,120,1,1
393,2017-06-04,train,1,120,1,1
393,2017-06-16,train,1,120,2,0
393,2017-07-01,train,1,120,1,0
393,2017-07-07,train,1,120,1,0
393,2017-07-24,train,1,120,2,0
393,2017-09-02,train,1,120,14,4
393,2017-09-13,train,1,120,13,2
393,2017-10-03,validation,1,120,2,0
393,2017-10-05,validation,1,120,11,3
393,2017-10-12,validation,1,120,2,1
393,2017-10-17,validation,1,120,13,2
393,2017-10-19,validation,1,120,1,0
393,2017-10-21,validation,1,120,1,0
393,2017-10-23,validation,1,120,14,2
393,2017-10-26,validation,1,120,14,3
393,2017-10-28,validation,1,120,11,1
393,2017-10-30,validation,1,120,28,4
393,2017-10-31,validation,1,120,2,0
393,2017-11-04,test,1,120,46,10
393,2017-11-12,test,1,120,5,0
393,2017-11-13,test,1,120,2,1
393,2017-11-14,test,1,120,11,4
393,2017-11-15,test,1,120,4,1
393,2017-11-19,test,1,120,8,1
393,2017-11-20,test,1,120,10,2
393,2017-11-22,test,1,120,30,6
393,2017-11-25,test,1,120,20,4
393,2017-12-10,test,1,120,5,1
393,2017-12-28,test,1,120,28,7
393,2017-12-31,test,1,120,2,1
395,2017-04-14,train,1,43,3,1
395,2017-06-07,train,1,50,3,0
395,2017-08-01,train,1,41,4,2
395,2017-08-15,train,1,58,4,3
395,2017-08-26,train,1,60,8,1
395,2017-09-10,train,1,66,15,6
395,2017-10-04,validation,1,70,2,1
395,2017-10-14,validation,1,66,5,3
395,2017-10-17,validation,1,64,4,2
395,2017-11-11,test,1,65,4,1
395,2017-11-15,test,1,68,6,1
395,2017-12-30,test,1,71,5,1
405,2017-04-30,train,1,98,11,4
405,2017-06-18,train,1,120,16,10
405,2017-07-09,train,1,120,7,4
405,2017-09-02,train,1,120,2,0
405,2017-09-16,train,1,120,15,4
405,2017-10-01,validation,1,120,3,0
405,2017-10-07,validation,1,120,20,5
405,2017-10-15,validation,1,120,20,3
405,2017-11-04,test,1,120,6,1
405,2017-11-19,test,1,120,19,5
405,2017-11-26,test,1,120,5,1
405,2017-12-09,test,1,120,15,5
405,2017-12-17,test,1,120,14,7
405,2017-12-24,test,1,120,20,10
409,2017-04-12,train,1,120,52,11
409,2017-04-25,train,1,120,13,2
409,2017-05-25,train,1,120,10,6
409,2017-06-24,train,1,120,14,1
409,2017-07-18,train,1,120,1,1
409,2017-07-27,train,1,120,13,1
409,2017-08-06,train,1,120,1,1
409,2017-08-21,train,1,120,39,7
409,2017-09-03,train,1,120,2,1
409,2017-09-12,train,1,120,37,11
409,2017-09-28,train,1,120,10,3
409,2017-10-08,validation,1,120,2,1
409,2017-10-09,validation,1,120,5,1
409,2017-10-19,validation,1,120,44,20
409,2017-10-24,validation,1,120,3,1
409,2017-11-06,test,1,120,3,0
409,2017-11-16,test,1,120,8,3
409,2017-11-19,test,1,120,45,10
409,2017-11-20,test,1,120,7,3
409,2017-11-25,test,1,120,8,2
409,2017-11-28,test,1,120,9,0
409,2017-11-29,test,1,120,2,0
409,2017-12-01,test,1,120,20,7
409,2017-12-18,test,1,120,2,0
409,2017-12-22,test,1,120,5,0
409,2017-12-23,test,1,120,1,0
41,2017-04-30,train,1,74,8,6
41,2017-05-22,train,1,85,10,7
41,2017-06-18,train,1,93,17,14
41,2017-07-09,train,1,111,17,15
41,2017-07-31,train,1,107,19,15
41,2017-08-20,train,1,108,4,4
41,2017-09-10,train,1,113,20,19
41,2017-10-02,validation,1,115,11,10
41,2017-10-08,validation,1,115,15,9
41,2017-10-17,validation,1,120,16,13
41,2017-10-23,validation,1,117,19,12
41,2017-10-31,validation,1,120,18,11
41,2017-11-08,test,1,120,12,11
41,2017-11-20,test,1,118,19,13
41,2017-11-29,test,1,120,15,9
41,2017-12-05,test,1,120,21,13
41,2017-12-13,test,1,120,16,10
41,2017-12-19,test,1,120,15,9
41,2017-12-27,test,1,120,11,11
413,2017-04-05,train,1,120,6,4
413,2017-04-12,train,1,120,11,9
413,2017-04-18,train,1,120,5,5
413,2017-04-25,train,1,120,2,2
413,2017-05-02,train,1,120,2,2
413,2017-05-07,train,1,120,2,0
413,2017-05-14,train,1,120,11,6
413,2017-05-17,train,1,120,2,0
413,2017-05-20,train,1,120,6,3
413,2017-05-23,train,1,120,4,4
413,2017-05-27,train,1,120,1,0
413,2017-06-01,train,1,120,4,2
413,2017-06-09,train,1,120,4,3
413,2017-06-14,train,1,120,1,1
413,2017-06-27,train,1,120,1,1
413,2017-07-04,train,1,120,1,1
413,2017-07-08,train,1,120,6,6
413,2017-07-15,train,1,120,4,4
413,2017-07-27,train,1,120,1,1
413,2017-08-06,train,1,120,13,5
413,2017-08-19,train,1,120,8,8
413,2017-08-26,train,1,120,12,5
413,2017-09-13,train,1,120,5,3
413,2017-09-23,train,1,120,7,7
413,2017-10-06,validation,1,120,8,7
413,2017-10-10,validation,1,120,9,8
413,2017-10-16,validation,1,120,6,5
413,2017-10-17,validation,1,120,3,3
413,2017-10-21,validation,1,120,12,9
413,2017-10-27,validation,1,120,1,1
413,2017-10-28,validation,1,120,12,8
413,2017-11-03,test,1,120,7,5
413,2017-11-04,test,1,120,2,1
413,2017-11-11,test,1,120,16,10
413,2017-11-18,test,1,120,2,0
413,2017-11-21,test,1,120,3,3
413,2017-11-27,test,1,113,2,1
413,2017-12-01,test,1,111,3,1
413,2017-12-07,test,1,111,12,6
413,2017-12-10,test,1,117,2,0
413,2017-12-12,test,1,118,3,3
413,2017-12-13,test,1,118,3,0
413,2017-12-14,test,1,120,1,1
413,2017-12-15,test,1,120,3,1
413,2017-12-17,test,1,120,1,1
413,2017-12-27,test,1,120,5,5
413,2017-12-31,test,1,120,4,3
415,2017-10-14,validation,0,0,1,0
415,2017-11-06,test,0,1,10,1
415,2017-11-17,test,0,10,1,1
417,2017-04-22,train,1,87,11,4
417,2017-05-23,train,1,120,4,0
417,2017-06-06,train,1,120,14,4
417,2017-07-07,train,1,120,2,0
417,2017-07-29,train,1,120,2,0
417,2017-08-03,train,1,120,14,2
417,2017-08-25,train,1,120,46,8
417,2017-08-31,train,1,120,3,2
417,2017-09-25,train,1,120,12,1
417,2017-10-20,validation,1,120,35,11
417,2017-10-28,validation,1,120,20,6
417,2017-11-22,test,1,120,27,5
417,2017-11-23,test,1,120,1,1
417,2017-11-24,test,1,120,17,3
417,2017-12-06,test,1,120,6,1
417,2017-12-22,test,1,120,8,3
417,2017-12-24,test,1,120,15,4
417,2017-12-31,test,1,120,29,7
42,2017-04-20,train,1,60,14,10
42,2017-05-11,train,1,66,5,4
42,2017-05-18,train,1,68,10,5
42,2017-06-02,train,1,79,5,2
42,2017-06-22,train,1,89,12,8
42,2017-07-18,train,1,89,16,12
42,2017-08-10,train,1,88,9,6
42,2017-09-21,train,1,90,8,7
42,2017-10-05,validation,1,86,11,6
42,2017-10-26,validation,1,87,10,5
42,2017-11-02,test,1,90,11,7
42,2017-11-09,test,1,93,14,8
42,2017-11-22,test,1,93,15,12
42,2017-11-30,test,1,94,9,6
42,2017-12-01,test,1,97,2,1
42,2017-12-13,test,1,91,16,13
42,2017-12-22,test,1,91,2,2
42,2017-12-28,test,1,91,9,9
420,2017-05-30,train,1,106,1,0
421,2017-04-01,train,1,120,21,4
421,2017-04-14,train,1,120,12,0
421,2017-05-19,train,1,120,48,4
421,2017-05-31,train,1,120,1,0
421,2017-06-18,train,1,120,50,3
421,2017-07-07,train,1,120,26,3
421,2017-08-17,train,1,120,9,1
421,2017-09-03,train,1,120,1,0
421,2017-09-24,train,1,120,2,0
421,2017-10-04,validation,1,120,3,0
421,2017-10-08,validation,1,120,20,3
421,2017-10-09,validation,1,120,3,0
421,2017-10-11,validation,1,120,9,1
421,2017-10-18,validation,1,120,6,1
421,2017-10-26,validation,1,120,6,0
421,2017-11-02,test,1,120,1,1
421,2017-11-19,test,1,120,3,0
421,2017-11-20,test,1,120,15,3
421,2017-11-26,test,1,120,10,4
421,2017-11-30,test,1,120,5,0
421,2017-12-10,test,1,120,2,2
421,2017-12-18,test,1,120,19,4
421,2017-12-22,test,1,120,12,1
421,2017-12-30,test,1,120,4,0
424,2017-08-03,train,0,22,43,1
424,2017-09-23,train,1,78,12,0
424,2017-10-04,validation,1,101,40,3
424,2017-10-07,validation,1,120,5,0
424,2017-10-22,validation,1,120,21,8
424,2017-10-31,validation,1,120,49,13
424,2017-11-07,test,1,120,7,2
424,2017-11-19,test,1,120,44,4
424,2017-11-21,test,1,120,9,3
424,2017-12-04,test,1,120,35,9
424,2017-12-13,test,1,120,4,1
424,2017-12-22,test,1,120,7,0
428,2017-04-13,train,1,120,39,14
428,2017-05-27,train,1,120,20,7
428,2017-06-18,train,1,120,17,10
428,2017-07-06,train,1,120,30,9
428,2017-07-23,train,1,120,8,4
428,2017-08-18,train,1,120,16,7
428,2017-09-08,train,1,120,4,3
428,2017-10-22,validation,1,120,1,0
428,2017-11-04,test,1,120,49,14
428,2017-11-19,test,1,120,23,10
428,2017-11-21,test,1,120,2,0
428,2017-11-27,test,1,120,32,8
428,2017-11-29,test,1,120,3,1
428,2017-12-02,test,1,120,30,10
429,2017-06-22,train,1,32,1,0
429,2017-07-15,train,1,40,6,2
429,2017-08-03,train,1,50,2,1
429,2017-10-06,validation,1,30,6,2
429,2017-10-24,validation,1,34,1,0
429,2017-11-02,test,1,35,4,2
429,2017-11-07,test,1,37,3,0
429,2017-11-16,test,1,40,1,1
429,2017-11-20,test,1,40,6,0
430,2017-04-30,train,1,25,11,0
430,2017-07-01,train,1,42,1,0
430,2017-09-12,train,1,28,12,1
430,2017-10-07,validation,1,44,19,0
430,2017-10-12,validation,1,56,18,0
430,2017-10-15,validation,1,74,27,0
430,2017-10-18,validation,1,101,5,1
430,2017-10-19,validation,1,105,13,1
430,2017-10-22,validation,1,117,42,7
430,2017-10-25,validation,1,120,4,4
430,2017-10-29,validation,1,120,35,9
430,2017-11-05,test,1,120,21,10
430,2017-11-08,test,1,120,1,0
430,2017-11-09,test,1,120,1,0
430,2017-11-10,test,1,120,1,0
430,2017-11-11,test,1,120,1,0
430,2017-11-12,test,1,120,20,9
430,2017-11-13,test,1,120,6,1
430,2017-11-25,test,1,120,7,3
430,2017-11-28,test,1,120,5,0
430,2017-11-29,test,1,120,2,1
430,2017-12-03,test,1,120,23,10
430,2017-12-07,test,1,120,1,1
430,2017-12-18,test,1,120,38,18
430,2017-12-23,test,1,120,9,3
430,2017-12-27,test,1,120,7,5
430,2017-12-31,test,1,120,11,3
431,2017-06-02,train,1,23,13,0
431,2017-10-05,validation,1,43,4,0
431,2017-10-08,validation,1,38,2,0
431,2017-10-10,validation,1,40,1,1
431,2017-11-06,test,1,40,2,0
431,2017-11-19,test,1,42,2,0
431,2017-11-26,test,1,44,3,2
431,2017-12-01,test,1,33,10,0
432,2017-04-04,train,1,103,1,0
432,2017-04-11,train,1,110,7,3
432,2017-04-24,train,1,120,3,2
432,2017-05-01,train,1,120,7,1
432,2017-05-13,train,1,120,4,1
432,2017-05-18,train,1,120,1,0
432,2017-05-26,train,1,120,16,6
432,2017-06-07,train,1,120,1,1
432,2017-06-14,train,1,120,2,2
432,2017-06-23,train,1,120,3,1
432,2017-07-02,train,1,120,2,0
432,2017-07-11,train,1,120,1,0
432,2017-07-21,train,1,120,9,5
432,2017-07-31,train,1,120,7,3
432,2017-08-07,train,1,120,2,2
432,2017-08-10,train,1,120,3,2
432,2017-08-18,train,1,120,4,1
432,2017-08-23,train,1,120,5,2
432,2017-08-30,train,1,120,1,1
432,2017-09-04,train,1,120,7,1
432,2017-09-18,train,1,120,2,1
432,2017-09-27,train,1,120,2,1
432,2017-10-02,validation,1,120,2,2
432,2017-10-03,validation,1,120,1,1
432,2017-10-06,validation,1,120,4,1
432,2017-10-09,validation,1,120,4,2
432,2017-10-15,validation,1,120,7,3
432,2017-10-16,validation,1,120,8,4
432,2017-10-18,validation,1,120,4,0
432,2017-10-21,validation,1,120,7,2
432,2017-10-28,validation,1,120,5,2
432,2017-10-30,validation,1,120,5,3
432,2017-11-03,test,1,120,6,2
432,2017-11-04,test,1,120,4,2
432,2017-11-07,test,1,120,7,7
432,2017-11-10,test,1,120,6,3
432,2017-11-11,test,1,120,16,7
432,2017-11-18,test,1,120,4,1
432,2017-11-22,test,1,120,6,1
432,2017-11-23,test,1,120,2,0
432,2017-11-25,test,1,120,4,2
432,2017-11-27,test,1,120,4,2
432,2017-12-02,test,1,120,14,5
432,2017-12-04,test,1,120,3,2
432,2017-12-05,test,1,120,1,1
432,2017-12-06,test,1,120,5,1
432,2017-12-07,test,1,120,2,1
432,2017-12-08,test,1,120,6,0
432,2017-12-09,test,1,120,2,1
432,2017-12-11,test,1,120,5,2
432,2017-12-13,test,1,120,2,0
432,2017-12-20,test,1,120,1,0
432,2017-12-22,test,1,120,4,2
432,2017-12-23,test,1,120,9,2
432,2017-12-28,test,1,120,11,3
433,2017-05-11,train,1,18,6,1
433,2017-07-23,train,1,16,4,1
433,2017-08-26,train,1,18,1,1
433,2017-09-22,train,1,21,2,1
433,2017-10-10,validation,1,26,2,1
433,2017-10-20,validation,1,27,2,0
433,2017-10-21,validation,1,29,6,3
433,2017-10-31,validation,1,32,3,3
433,2017-11-18,test,1,27,10,4
433,2017-12-16,test,1,33,6,4
433,2017-12-22,test,1,35,6,6
433,2017-12-31,test,1,35,5,3
434,2017-04-14,train,1,120,2,1
434,2017-04-29,train,1,120,10,5
434,2017-05-13,train,1,120,10,4
434,2017-05-28,train,1,120,10,8
434,2017-06-17,train,1,120,14,5
434,2017-07-09,train,1,120,10,7
434,2017-07-27,train,1,120,11,5
434,2017-08-18,train,1,120,19,9
434,2017-09-16,train,1,120,23,8
434,2017-10-14,validation,1,120,11,6
434,2017-10-29,validation,1,120,33,10
434,2017-10-31,validation,1,120,8,2
434,2017-11-02,test,1,120,4,0
434,2017-11-06,test,1,120,20,9
434,2017-11-12,test,1,120,15,7
434,2017-11-30,test,1,120,33,14
434,2017-12-06,test,1,120,17,7
434,2017-12-15,test,1,120,18,9
434,2017-12-22,test,1,120,15,7
434,2017-12-23,test,1,120,23,7
434,2017-12-30,test,1,120,13,5
436,2017-05-27,train,1,110,4,0
436,2017-08-03,train,1,120,2,0
436,2017-10-07,validation,1,109,48,10
436,2017-10-28,validation,1,120,33,7
436,2017-12-17,test,1,108,31,10
436,2017-12-21,test,1,120,2,0
438,2017-04-08,train,0,68,8,6
438,2017-04-22,train,1,86,21,7
438,2017-05-10,train,1,119,18,10
438,2017-05-28,train,1,120,34,14
438,2017-06-05,train,1,120,1,0
438,2017-06-18,train,1,120,33,16
438,2017-07-10,train,1,120,26,10
438,2017-08-03,train,1,120,7,1
438,2017-08-27,train,1,120,38,21
438,2017-09-25,train,1,120,24,14
438,2017-10-08,validation,1,120,14,4
438,2017-10-15,validation,1,120,30,18
438,2017-10-22,validation,1,120,23,13
438,2017-11-02,test,1,120,13,8
438,2017-11-05,test,1,120,33,17
438,2017-11-12,test,1,120,35,15
438,2017-11-16,test,1,120,5,0
438,2017-11-18,test,1,120,21,5
438,2017-12-02,test,1,120,36,20
438,2017-12-22,test,1,120,2,1
438,2017-12-23,test,1,120,32,13
438,2017-12-30,test,1,120,48,23
44,2017-04-04,train,0,100,10,1
44,2017-06-03,train,1,114,3,3
44,2017-06-12,train,1,120,2,1
44,2017-07-21,train,1,62,19,0
44,2017-08-07,train,1,90,19,1
44,2017-12-10,test,1,87,10,1
441,2017-04-08,train,1,57,14,10
441,2017-05-06,train,1,70,11,8
441,2017-06-12,train,1,77,15,10
441,2017-07-16,train,1,77,25,16
441,2017-08-11,train,1,91,20,11
441,2017-08-25,train,1,102,6,5
441,2017-09-09,train,1,95,14,11
441,2017-09-29,train,1,101,13,9
441,2017-10-01,validation,1,105,4,4
441,2017-10-06,validation,1,102,12,9
441,2017-10-13,validation,1,105,12,9
441,2017-10-14,validation,1,108,1,0
441,2017-10-20,validation,1,106,7,4
441,2017-10-28,validation,1,106,4,3
441,2017-11-04,test,1,106,12,11
441,2017-11-19,test,1,101,5,5
441,2017-11-23,test,1,101,3,2
441,2017-12-02,test,1,102,11,7
441,2017-12-09,test,1,106,9,8
441,2017-12-16,test,1,103,7,1
441,2017-12-27,test,1,109,9,8
442,2017-05-02,train,1,72,7,1
442,2017-05-14,train,1,87,4,0
442,2017-07-23,train,1,48,1,0
442,2017-07-29,train,1,63,1,0
442,2017-08-09,train,1,58,63,5
442,2017-08-15,train,1,114,1,1
442,2017-08-27,train,1,120,11,1
442,2017-09-02,train,1,120,2,2
442,2017-09-05,train,1,120,2,2
442,2017-09-11,train,1,120,4,2
442,2017-09-17,train,1,120,2,2
442,2017-09-21,train,1,120,1,1
442,2017-09-26,train,1,120,2,1
442,2017-09-30,train,1,120,2,2
442,2017-10-02,validation,1,120,3,1
442,2017-10-03,validation,1,120,2,2
442,2017-10-07,validation,1,120,2,1
442,2017-10-08,validation,1,120,2,1
442,2017-10-09,validation,1,120,2,2
442,2017-10-10,validation,1,120,2,2
442,2017-10-13,validation,1,120,5,4
442,2017-10-15,validation,1,120,3,3
442,2017-10-16,validation,1,120,7,3
442,2017-10-18,validation,1,120,8,1
442,2017-10-19,validation,1,120,2,1
442,2017-10-24,validation,1,120,2,2
442,2017-10-25,validation,1,120,9,1
442,2017-10-28,validation,1,120,5,4
442,2017-10-30,validation,1,120,2,2
442,2017-10-31,validation,1,120,2,2
442,2017-11-03,test,1,120,2,2
442,2017-11-04,test,1,120,6,0
442,2017-11-06,test,1,120,2,2
442,2017-11-09,test,1,120,2,2
442,2017-11-10,test,1,120,2,2
442,2017-11-14,test,1,120,2,2
442,2017-11-16,test,1,120,2,2
442,2017-11-17,test,1,120,2,2
442,2017-11-19,test,1,120,2,2
442,2017-11-20,test,1,120,6,0
442,2017-11-21,test,1,120,2,2
442,2017-11-24,test,1,120,2,2
442,2017-11-25,test,1,120,2,2
442,2017-11-26,test,1,120,3,1
442,2017-11-27,test,1,120,7,2
442,2017-11-28,test,1,120,2,2
442,2017-12-01,test,1,120,2,2
442,2017-12-02,test,1,120,2,2
442,2017-12-03,test,1,120,2,1
442,2017-12-05,test,1,120,2,2
442,2017-12-06,test,1,120,2,2
442,2017-12-08,test,1,120,2,2
442,2017-12-09,test,1,120,3,2
442,2017-12-10,test,1,120,4,3
442,2017-12-11,test,1,120,2,2
442,2017-12-12,test,1,120,3,2
442,2017-12-15,test,1,120,2,2
442,2017-12-16,test,1,120,2,2
442,2017-12-17,test,1,120,3,2
442,2017-12-19,test,1,120,2,2
442,2017-12-21,test,1,120,2,2
442,2017-12-22,test,1,120,6,2
442,2017-12-24,test,1,120,3,1
442,2017-12-26,test,1,120,4,2
442,2017-12-28,test,1,120,3,2
442,2017-12-30,test,1,120,2,2
442,2017-12-31,test,1,120,13,2
443,2017-04-07,train,1,114,26,10
443,2017-05-09,train,1,120,6,2
443,2017-06-22,train,1,120,16,11
443,2017-07-08,train,1,120,8,4
443,2017-07-26,train,1,120,4,3
443,2017-08-10,train,1,120,5,1
443,2017-08-16,train,1,120,2,0
443,2017-08-28,train,1,120,14,9
443,2017-09-14,train,1,120,16,9
443,2017-09-27,train,1,120,3,0
443,2017-10-04,validation,1,120,5,2
443,2017-10-09,validation,1,120,26,14
443,2017-10-13,validation,1,120,9,3
443,2017-10-18,validation,1,120,22,9
443,2017-10-22,validation,1,120,12,5
443,2017-10-25,validation,1,120,11,8
443,2017-10-30,validation,1,120,13,5
443,2017-11-08,test,1,120,25,10
443,2017-11-13,test,1,120,5,2
443,2017-11-14,test,1,120,3,2
443,2017-11-21,test,1,120,12,6
443,2017-12-08,test,1,120,19,14
443,2017-12-13,test,1,120,1,0
443,2017-12-15,test,1,120,6,4
443,2017-12-20,test,1,120,2,1
443,2017-12-24,test,1,120,3,1
443,2017-12-28,test,1,120,11,3
445,2017-04-14,train,1,67,3,2
445,2017-04-19,train,1,74,1,1
445,2017-04-24,train,1,77,4,2
445,2017-04-30,train,1,80,3,1
445,2017-05-17,train,1,84,30,0
445,2017-05-23,train,1,120,13,4
445,2017-05-29,train,1,120,3,2
445,2017-06-07,train,1,120,2,0
445,2017-06-15,train,1,120,2,2
445,2017-06-23,train,1,120,6,0
445,2017-07-04,train,1,120,2,0
445,2017-07-13,train,1,120,2,2
445,2017-07-24,train,1,120,2,0
445,2017-07-30,train,1,120,2,1
445,2017-08-07,train,1,120,3,2
445,2017-08-26,train,1,120,2,1
445,2017-09-03,train,1,120,3,0
445,2017-09-08,train,1,120,2,2
445,2017-09-13,train,1,120,2,0
445,2017-09-17,train,1,120,2,2
445,2017-09-23,train,1,120,1,0
445,2017-10-21,validation,1,120,1,0
445,2017-10-31,validation,1,120,2,0
445,2017-11-03,test,1,120,3,1
445,2017-12-08,test,1,80,5,0
445,2017-12-10,test,1,85,2,0
445,2017-12-18,test,1,78,1,1
447,2017-10-06,validation,0,7,7,1
447,2017-12-13,test,1,10,14,2
447,2017-12-23,test,1,22,4,0
447,2017-12-28,test,1,26,25,3
449,2017-05-02,train,0,10,23,1
449,2017-05-25,train,1,35,2,1
449,2017-10-21,validation,1,35,3,0
449,2017-11-17,test,1,15,3,0
449,2017-11-22,test,1,13,6,0
449,2017-12-24,test,1,14,11,0
45,2017-04-21,train,1,53,6,1
45,2017-10-30,validation,0,4,3,0
453,2017-04-20,train,1,23,4,2
453,2017-09-09,train,1,39,1,1
453,2017-10-07,validation,1,34,2,1
453,2017-10-21,validation,1,23,3,0
453,2017-10-24,validation,1,26,1,0
453,2017-11-14,test,1,27,1,0
456,2017-04-18,train,1,120,6,1
456,2017-05-14,train,1,120,1,1
456,2017-05-30,train,1,120,7,4
456,2017-06-20,train,1,120,13,5
456,2017-07-13,train,1,120,60,4
456,2017-07-25,train,1,120,2,1
456,2017-08-07,train,1,120,4,0
456,2017-08-29,train,1,120,20,6
456,2017-09-27,train,1,120,2,1
456,2017-10-05,validation,1,120,1,1
456,2017-10-16,validation,1,120,32,6
456,2017-10-31,validation,1,120,18,10
456,2017-11-14,test,1,120,31,12
456,2017-11-16,test,1,120,1,0
456,2017-12-09,test,1,120,6,3
456,2017-12-11,test,1,120,5,0
456,2017-12-18,test,1,120,31,7
456,2017-12-26,test,1,120,12,3
457,2017-04-13,train,1,90,9,4
457,2017-05-26,train,1,100,1,0
457,2017-07-28,train,1,39,1,1
457,2017-08-08,train,1,45,3,0
457,2017-08-27,train,1,48,5,2
457,2017-11-22,test,1,29,9,1
457,2017-11-23,test,1,36,7,1
457,2017-11-24,test,1,42,4,0
457,2017-11-29,test,1,46,3,0
457,2017-12-01,test,1,49,3,0
457,2017-12-04,test,1,52,2,0
457,2017-12-06,test,1,54,11,0
457,2017-12-24,test,1,64,14,3
457,2017-12-29,test,1,75,6,1
457,2017-12-30,test,1,80,1,0
457,2017-12-31,test,1,81,1,0
462,2017-04-20,train,1,64,5,0
462,2017-05-15,train,1,76,6,2
462,2017-06-01,train,1,91,5,3
462,2017-06-09,train,1,98,11,2
462,2017-07-14,train,1,118,5,2
462,2017-07-31,train,1,120,6,3
462,2017-08-17,train,1,120,9,2
462,2017-08-30,train,1,120,6,2
462,2017-09-22,train,1,120,6,1
462,2017-10-02,validation,1,120,3,1
462,2017-10-05,validation,1,120,13,2
462,2017-10-10,validation,1,120,6,3
462,2017-10-25,validation,1,120,3,1
462,2017-11-10,test,1,120,5,1
462,2017-11-14,test,1,120,6,1
462,2017-11-28,test,1,118,3,1
462,2017-12-01,test,1,116,13,2
462,2017-12-07,test,1,115,11,3
462,2017-12-17,test,1,117,4,2
462,2017-12-21,test,1,119,5,0
465,2017-04-24,train,0,5,1,0
465,2017-05-30,train,1,17,1,0
465,2017-08-11,train,1,22,2,0
465,2017-08-22,train,1,28,2,0
465,2017-10-07,validation,1,32,2,0
465,2017-10-26,validation,1,31,1,0
465,2017-12-13,test,1,18,1,1
466,2017-07-19,train,0,50,8,0
466,2017-11-25,test,1,66,3,0
466,2017-12-04,test,1,69,21,4
466,2017-12-23,test,1,42,9,0
469,2017-04-16,train,1,120,19,2
469,2017-04-29,train,1,120,28,2
469,2017-05-07,train,1,120,14,0
469,2017-06-01,train,1,120,4,1
469,2017-07-06,train,1,120,2,0
469,2017-07-18,train,1,120,7,1
469,2017-08-01,train,1,120,8,0
469,2017-08-18,train,1,120,40,13
469,2017-09-06,train,1,120,4,3
469,2017-09-11,train,1,120,2,0
469,2017-09-24,train,1,120,6,2
469,2017-10-01,validation,1,120,4,4
469,2017-10-08,validation,1,120,18,8
469,2017-10-14,validation,1,120,20,6
469,2017-10-15,validation,1,120,57,21
469,2017-10-20,validation,1,120,2,0
469,2017-10-22,validation,1,120,5,4
469,2017-11-05,test,1,120,20,11
469,2017-11-14,test,1,120,19,13
469,2017-11-18,test,1,120,3,0
469,2017-11-23,test,1,120,1,0
469,2017-11-24,test,1,120,2,0
469,2017-11-26,test,1,120,19,17
469,2017-12-10,test,1,120,13,10
469,2017-12-16,test,1,120,53,19
469,2017-12-21,test,1,120,6,2
469,2017-12-24,test,1,120,14,5
469,2017-12-28,test,1,120,16,4
47,2017-04-02,train,1,54,8,1
47,2017-04-11,train,1,77,7,2
47,2017-04-19,train,1,86,2,0
47,2017-05-08,train,1,92,2,0
47,2017-05-28,train,1,101,5,0
47,2017-06-12,train,1,120,1,0
47,2017-06-23,train,1,120,9,1
47,2017-07-23,train,1,120,6,0
47,2017-08-10,train,1,120,3,3
47,2017-08-29,train,1,120,10,4
47,2017-09-08,train,1,120,3,2
47,2017-10-09,validation,1,120,2,0
47,2017-10-10,validation,1,120,12,0
47,2017-10-14,validation,1,120,1,0
47,2017-10-18,validation,1,120,10,2
47,2017-11-14,test,1,120,3,1
47,2017-11-22,test,1,120,2,0
47,2017-11-28,test,1,120,6,0
47,2017-12-14,test,1,120,4,2
47,2017-12-29,test,1,119,4,0
471,2017-05-25,train,1,43,11,4
471,2017-07-25,train,1,61,1,0
471,2017-09-14,train,1,67,1,0
471,2017-10-02,validation,1,72,13,1
471,2017-10-19,validation,1,76,33,4
471,2017-12-21,test,1,88,11,5
472,2017-05-06,train,1,120,40,12
472,2017-06-10,train,1,120,30,10
472,2017-06-24,train,1,120,13,1
472,2017-07-30,train,1,120,62,22
472,2017-08-20,train,1,120,85,23
472,2017-09-20,train,1,120,34,8
472,2017-10-14,validation,1,120,8,2
472,2017-10-21,validation,1,120,14,2
472,2017-11-04,test,1,120,2,0
473,2017-04-14,train,1,73,19,4
473,2017-05-25,train,1,99,22,4
473,2017-06-25,train,1,120,8,7
473,2017-07-16,train,1,120,14,4
473,2017-08-19,train,1,120,9,5
473,2017-09-22,train,1,120,22,9
473,2017-10-13,validation,1,120,14,8
473,2017-10-31,validation,1,120,27,15
473,2017-11-17,test,1,120,32,12
473,2017-11-21,test,1,120,19,4
473,2017-12-12,test,1,120,21,5
473,2017-12-24,test,1,120,11,5
474,2017-07-04,train,0,48,9,0
474,2017-10-03,validation,1,29,29,1
474,2017-10-16,validation,1,57,25,1
474,2017-10-26,validation,1,81,5,1
474,2017-11-11,test,1,85,1,0
474,2017-11-12,test,1,86,83,9
474,2017-11-16,test,1,120,12,2
474,2017-11-19,test,1,120,10,3
474,2017-12-04,test,1,120,7,0
474,2017-12-07,test,1,120,73,9
474,2017-12-18,test,1,120,32,8
474,2017-12-29,test,1,120,2,0
477,2017-04-29,train,0,32,1,0
477,2017-07-06,train,1,47,2,0
477,2017-09-21,train,1,64,5,1
477,2017-10-19,validation,1,39,9,1
477,2017-10-22,validation,1,47,5,0
477,2017-11-04,test,1,51,4,0
477,2017-12-21,test,1,41,17,2
477,2017-12-23,test,1,56,12,0
477,2017-12-28,test,1,68,7,1
478,2017-05-24,train,0,4,4,0
478,2017-09-29,train,0,6,1,1
478,2017-12-05,test,0,2,2,1
479,2017-05-03,train,1,66,3,0
479,2017-05-16,train,1,120,2,0
479,2017-07-18,train,1,120,27,8
479,2017-08-07,train,1,120,12,3
479,2017-08-31,train,1,120,19,4
479,2017-12-13,test,1,120,18,3
479,2017-12-16,test,1,120,2,0
479,2017-12-17,test,1,120,3,1
479,2017-12-21,test,1,120,1,1
480,2017-04-01,train,0,10,1,0
480,2017-04-29,train,1,65,5,0
480,2017-05-22,train,1,114,6,2
480,2017-08-11,train,1,120,13,6
480,2017-10-07,validation,1,120,26,9
480,2017-10-12,validation,1,120,28,8
480,2017-10-17,validation,1,120,6,1
480,2017-10-24,validation,1,120,26,8
480,2017-10-30,validation,1,120,2,0
480,2017-11-02,test,1,120,8,2
480,2017-11-10,test,1,120,6,2
480,2017-11-14,test,1,120,1,0
480,2017-11-21,test,1,120,29,7
480,2017-12-09,test,1,120,14,1
480,2017-12-12,test,1,120,30,7
481,2017-06-27,train,1,91,29,14
481,2017-11-09,test,1,101,17,4
481,2017-12-09,test,1,100,6,1
481,2017-12-23,test,1,93,9,5
481,2017-12-31,test,1,76,27,11
484,2017-04-07,train,1,107,2,0
484,2017-04-22,train,1,119,32,7
484,2017-05-08,train,1,120,14,5
484,2017-05-26,train,1,120,23,9
484,2017-06-12,train,1,120,17,5
484,2017-06-18,train,1,120,8,4
484,2017-08-11,train,1,120,17,2
484,2017-08-31,train,1,120,4,2
484,2017-09-20,train,1,120,1,1
484,2017-09-30,train,1,120,1,0
484,2017-10-06,validation,1,120,6,3
484,2017-10-08,validation,1,120,17,4
484,2017-10-13,validation,1,120,7,3
484,2017-10-14,validation,1,120,7,2
484,2017-10-15,validation,1,120,10,3
484,2017-10-16,validation,1,120,2,1
484,2017-10-17,validation,1,120,15,5
484,2017-11-10,test,1,120,33,9
484,2017-11-12,test,1,120,28,7
484,2017-11-19,test,1,120,11,7
484,2017-11-22,test,1,120,2,0
484,2017-11-26,test,1,120,31,11
484,2017-12-02,test,1,120,12,2
484,2017-12-08,test,1,120,28,8
484,2017-12-10,test,1,120,4,0
484,2017-12-15,test,1,120,7,2
484,2017-12-17,test,1,120,24,11
484,2017-12-23,test,1,120,2,0
490,2017-04-25,train,1,120,45,7
490,2017-05-12,train,1,120,8,5
490,2017-06-19,train,1,120,13,6
490,2017-06-28,train,1,120,14,3
490,2017-08-14,train,1,120,11,4
490,2017-08-27,train,1,120,22,8
490,2017-10-12,validation,1,120,30,1
490,2017-10-28,validation,1,120,79,12
490,2017-11-12,test,1,120,19,7
490,2017-11-19,test,1,120,17,2
490,2017-11-23,test,1,120,17,2
490,2017-11-25,test,1,120,19,4
490,2017-12-09,test,1,120,21,3
490,2017-12-26,test,1,120,11,2
491,2017-04-04,train,1,105,2,1
491,2017-04-27,train,1,109,5,0
491,2017-05-19,train,1,120,2,1
491,2017-06-24,train,1,120,38,6
491,2017-07-12,train,1,120,11,2
491,2017-09-05,train,1,120,10,4
491,2017-09-21,train,1,120,3,0
491,2017-10-21,validation,1,120,19,10
491,2017-11-04,test,1,120,13,4
491,2017-11-12,test,1,120,9,4
491,2017-11-21,test,1,120,18,1
491,2017-11-22,test,1,120,1,0
491,2017-11-30,test,1,120,23,6
491,2017-12-09,test,1,120,19,7
491,2017-12-11,test,1,120,10,2
491,2017-12-20,test,1,120,4,1
491,2017-12-23,test,1,120,1,1
491,2017-12-28,test,1,120,9,1
501,2017-08-08,train,1,25,7,0
501,2017-10-03,validation,1,12,10,2
501,2017-11-20,test,1,20,6,1
501,2017-12-02,test,1,25,12,0
501,2017-12-19,test,1,37,15,1
501,2017-12-22,test,1,51,17,2
503,2017-04-11,train,1,120,3,0
503,2017-04-25,train,1,120,2,1
503,2017-05-05,train,1,120,14,5
503,2017-05-16,train,1,120,10,1
503,2017-06-02,train,1,120,9,1
503,2017-06-15,train,1,120,4,0
503,2017-06-23,train,1,120,6,2
503,2017-06-29,train,1,120,7,0
503,2017-07-06,train,1,120,11,2
503,2017-07-15,train,1,120,11,3
503,2017-08-07,train,1,120,2,1
503,2017-08-17,train,1,120,2,0
503,2017-09-03,train,1,120,42,17
503,2017-09-20,train,1,120,31,7
503,2017-10-03,validation,1,120,20,4
503,2017-10-04,validation,1,120,21,2
503,2017-10-08,validation,1,120,13,6
503,2017-10-14,validation,1,120,20,5
503,2017-10-19,validation,1,120,15,4
503,2017-10-24,validation,1,120,6,2
503,2017-10-25,validation,1,120,4,1
503,2017-10-29,validation,1,120,2,1
503,2017-10-30,validation,1,120,2,2
503,2017-11-02,test,1,120,9,4
503,2017-11-03,test,1,120,36,13
503,2017-11-14,test,1,120,29,9
503,2017-11-21,test,1,120,1,1
503,2017-11-26,test,1,120,6,3
503,2017-11-30,test,1,120,3,0
503,2017-12-02,test,1,120,19,8
503,2017-12-05,test,1,120,21,6
503,2017-12-13,test,1,120,14,3
503,2017-12-17,test,1,120,9,3
503,2017-12-18,test,1,120,4,1
503,2017-12-20,test,1,120,9,5
503,2017-12-21,test,1,120,2,0
503,2017-12-22,test,1,120,6,1
503,2017-12-31,test,1,120,30,9
504,2017-09-18,train,0,82,7,2
504,2017-10-21,validation,0,87,48,15
504,2017-12-02,test,1,120,23,6
513,2017-04-08,train,1,120,13,8
513,2017-05-04,train,1,120,25,10
513,2017-05-14,train,1,120,3,2
513,2017-05-31,train,1,120,18,7
513,2017-06-13,train,1,120,6,4
513,2017-06-26,train,1,120,2,1
513,2017-07-04,train,1,120,17,10
513,2017-07-19,train,1,120,11,6
513,2017-08-01,train,1,120,4,2
513,2017-08-09,train,1,120,11,5
513,2017-08-20,train,1,120,4,2
513,2017-08-27,train,1,120,4,4
513,2017-09-12,train,1,120,5,4
513,2017-09-25,train,1,120,20,10
513,2017-10-07,validation,1,120,24,12
513,2017-10-12,validation,1,120,18,7
513,2017-10-13,validation,1,120,2,2
513,2017-10-21,validation,1,120,23,10
513,2017-10-22,validation,1,120,5,2
513,2017-10-24,validation,1,120,9,2
513,2017-10-29,validation,1,120,11,7
513,2017-11-05,test,1,120,6,5
513,2017-11-08,test,1,120,13,7
513,2017-11-09,test,1,120,8,3
513,2017-11-15,test,1,120,16,12
513,2017-11-21,test,1,120,13,6
513,2017-11-23,test,1,120,6,1
513,2017-11-28,test,1,120,18,12
513,2017-12-06,test,1,120,6,2
513,2017-12-13,test,1,120,27,15
513,2017-12-15,test,1,120,10,5
513,2017-12-22,test,1,120,12,7
513,2017-12-27,test,1,120,20,10
518,2017-04-03,train,1,116,5,3
518,2017-04-13,train,1,120,11,1
518,2017-04-21,train,1,120,6,1
518,2017-04-27,train,1,120,2,0
518,2017-05-03,train,1,120,6,3
518,2017-05-18,train,1,120,10,5
518,2017-05-26,train,1,120,3,2
518,2017-06-01,train,1,120,3,1
518,2017-06-10,train,1,120,6,1
518,2017-07-01,train,1,120,64,12
518,2017-07-08,train,1,120,20,9
518,2017-07-18,train,1,120,10,2
518,2017-07-22,train,1,120,16,5
518,2017-08-08,train,1,120,4,1
518,2017-08-23,train,1,120,2,2
518,2017-09-03,train,1,120,3,1
518,2017-09-16,train,1,120,7,1
518,2017-10-01,validation,1,120,14,6
518,2017-10-03,validation,1,120,6,2
518,2017-10-09,validation,1,120,30,7
518,2017-10-12,validation,1,120,5,0
518,2017-10-13,validation,1,120,9,4
518,2017-10-15,validation,1,120,54,15
518,2017-10-20,validation,1,120,3,2
518,2017-10-31,validation,1,120,4,0
518,2017-11-04,test,1,120,13,2
518,2017-11-08,test,1,120,2,0
518,2017-11-12,test,1,120,7,3
518,2017-11-13,test,1,120,11,2
518,2017-11-15,test,1,120,1,0
518,2017-11-18,test,1,120,20,9
518,2017-11-21,test,1,120,36,3
518,2017-11-22,test,1,120,3,0
518,2017-11-23,test,1,120,7,0
518,2017-11-28,test,1,120,2,0
518,2017-12-05,test,1,120,2,0
518,2017-12-07,test,1,120,10,3
518,2017-12-12,test,1,120,1,1
518,2017-12-23,test,1,120,22,10
518,2017-12-31,test,1,120,20,6
520,2017-04-16,train,1,76,11,5
520,2017-05-15,train,1,86,3,1
520,2017-06-13,train,1,98,1,0
520,2017-07-23,train,1,120,13,7
520,2017-08-02,train,1,120,5,3
520,2017-09-04,train,1,120,17,7
520,2017-10-04,validation,1,116,8,4
520,2017-10-11,validation,1,116,7,4
520,2017-10-14,validation,1,113,1,1
520,2017-11-01,test,1,111,3,2
520,2017-11-05,test,1,112,32,8
520,2017-11-08,test,1,120,4,1
520,2017-11-18,test,1,120,3,2
520,2017-11-21,test,1,120,27,7
520,2017-12-07,test,1,120,2,0
520,2017-12-10,test,1,120,4,3
520,2017-12-16,test,1,120,3,3
520,2017-12-26,test,1,120,4,3
521,2017-05-05,train,1,55,1,0
521,2017-07-01,train,1,60,16,1
521,2017-08-12,train,1,67,5,1
521,2017-08-25,train,1,80,2,1
521,2017-10-02,validation,1,53,7,2
521,2017-10-08,validation,1,58,10,6
521,2017-10-11,validation,1,62,1,0
521,2017-10-30,validation,1,60,11,0
521,2017-11-11,test,1,60,3,0
521,2017-12-11,test,1,63,6,0
521,2017-12-26,test,1,69,4,0
521,2017-12-27,test,1,73,4,0
527,2017-04-05,train,1,90,8,6
527,2017-04-20,train,1,103,11,9
527,2017-05-02,train,1,106,12,7
527,2017-05-16,train,1,117,10,8
527,2017-05-25,train,1,120,5,5
527,2017-06-03,train,1,120,5,5
527,2017-06-20,train,1,120,8,8
527,2017-07-01,train,1,120,15,14
527,2017-07-09,train,1,120,4,2
527,2017-07-19,train,1,120,6,6
527,2017-08-04,train,1,120,6,6
527,2017-08-22,train,1,120,9,4
527,2017-09-07,train,1,120,5,4
527,2017-09-15,train,1,120,3,3
527,2017-10-02,validation,1,113,15,3
527,2017-10-10,validation,1,120,12,6
527,2017-10-12,validation,1,116,3,3
527,2017-10-17,validation,1,116,8,8
527,2017-10-22,validation,1,115,2,2
527,2017-10-24,validation,1,114,8,7
527,2017-10-27,validation,1,115,6,1
527,2017-11-02,test,1,115,13,8
527,2017-11-13,test,1,115,9,6
527,2017-11-16,test,1,117,4,2
527,2017-11-22,test,1,117,7,5
527,2017-11-29,test,1,116,3,3
527,2017-12-03,test,1,116,23,13
527,2017-12-08,test,1,120,2,2
527,2017-12-12,test,1,120,11,10
527,2017-12-15,test,1,120,7,7
527,2017-12-17,test,1,120,13,3
527,2017-12-19,test,1,120,3,3
527,2017-12-23,test,1,120,4,4
527,2017-12-24,test,1,120,2,0
527,2017-12-27,test,1,120,6,6
529,2017-04-10,train,1,103,18,5
529,2017-05-31,train,1,120,24,9
529,2017-07-23,train,1,120,8,1
529,2017-08-23,train,1,120,8,3
53,2017-04-03,train,0,33,15,5
53,2017-05-14,train,1,60,9,3
53,2017-06-22,train,1,92,1,0
53,2017-07-08,train,1,106,14,3
53,2017-08-07,train,1,120,2,0
53,2017-09-18,train,1,120,7,3
53,2017-10-20,validation,1,108,5,3
53,2017-10-29,validation,1,108,9,5
53,2017-11-04,test,1,112,5,3
53,2017-11-21,test,1,111,8,1
53,2017-11-23,test,1,118,8,0
53,2017-12-01,test,1,110,5,3
53,2017-12-12,test,1,112,17,6
535,2017-05-08,train,1,71,29,4
535,2017-07-03,train,1,120,18,1
535,2017-07-25,train,1,120,1,0
535,2017-08-16,train,1,120,4,1
535,2017-10-28,validation,1,120,23,3
535,2017-12-14,test,1,117,9,0
537,2017-04-09,train,1,92,16,2
537,2017-11-22,test,0,5,10,0
537,2017-12-08,test,1,15,4,0
537,2017-12-11,test,1,19,2,0
537,2017-12-13,test,1,21,5,1
537,2017-12-26,test,1,21,1,0
538,2017-04-20,train,1,101,10,2
538,2017-05-19,train,1,120,26,9
538,2017-06-21,train,1,120,9,0
538,2017-07-24,train,1,120,16,6
538,2017-08-03,train,1,120,6,2
538,2017-08-21,train,1,120,21,4
538,2017-09-07,train,1,120,4,1
538,2017-09-20,train,1,120,31,10
538,2017-10-09,validation,1,120,27,8
538,2017-10-23,validation,1,120,41,13
538,2017-10-31,validation,1,120,11,2
538,2017-11-09,test,1,120,14,10
538,2017-11-22,test,1,120,56,15
538,2017-12-01,test,1,120,35,15
538,2017-12-14,test,1,120,37,21
538,2017-12-20,test,1,120,9,2
538,2017-12-23,test,1,120,34,5
54,2017-07-30,train,0,2,12,0
542,2017-04-02,train,1,88,12,1
542,2017-04-19,train,1,120,5,1
542,2017-05-08,train,1,120,3,0
542,2017-06-01,train,1,120,15,3
542,2017-07-06,train,1,120,3,1
542,2017-08-14,train,1,120,2,2
542,2017-09-06,train,1,120,15,5
542,2017-09-25,train,1,120,2,1
542,2017-10-02,validation,1,120,2,2
542,2017-10-04,validation,1,120,8,2
542,2017-10-10,validation,1,120,1,0
542,2017-10-20,validation,1,120,2,2
542,2017-11-05,test,1,107,5,3
542,2017-11-15,test,1,98,5,0
542,2017-11-19,test,1,101,5,1
542,2017-11-26,test,1,105,47,9
542,2017-11-27,test,1,120,2,1
542,2017-12-01,test,1,120,14,5
542,2017-12-03,test,1,120,1,0
542,2017-12-11,test,1,120,1,0
542,2017-12-13,test,1,120,5,4
542,2017-12-15,test,1,120,7,3
542,2017-12-16,test,1,120,2,0
542,2017-12-27,test,1,120,7,1
542,2017-12-30,test,1,120,8,1
543,2017-04-15,train,1,52,14,9
543,2017-05-07,train,1,59,18,15
543,2017-05-20,train,1,67,4,1
543,2017-06-10,train,1,77,21,15
543,2017-07-09,train,1,97,18,13
543,2017-08-05,train,1,110,19,14
543,2017-08-19,train,1,114,17,15
543,2017-08-26,train,1,117,17,17
543,2017-09-09,train,1,119,25,19
543,2017-09-30,train,1,120,16,12
543,2017-10-07,validation,1,120,22,16
543,2017-10-14,validation,1,120,24,15
543,2017-10-21,validation,1,120,12,11
543,2017-10-28,validation,1,120,20,16
543,2017-11-04,test,1,120,19,16
543,2017-11-11,test,1,120,11,7
543,2017-11-18,test,1,120,17,15
543,2017-11-25,test,1,120,21,14
543,2017-12-02,test,1,120,27,14
543,2017-12-09,test,1,120,26,21
543,2017-12-16,test,1,120,22,16
543,2017-12-23,test,1,120,18,16
543,2017-12-24,test,1,120,2,0
543,2017-12-30,test,1,120,23,14
544,2017-05-08,train,1,110,5,1
544,2017-06-04,train,1,120,8,2
544,2017-07-25,train,1,120,14,1
544,2017-08-31,train,1,120,4,0
544,2017-09-15,train,1,120,1,0
544,2017-10-27,validation,1,120,3,0
544,2017-11-12,test,1,120,8,0
544,2017-12-10,test,1,120,3,0
546,2017-04-21,train,1,52,3,0
546,2017-05-02,train,1,59,8,4
546,2017-05-11,train,1,84,3,3
546,2017-05-27,train,1,96,4,2
546,2017-06-10,train,1,115,7,1
546,2017-06-22,train,1,120,1,0
546,2017-07-08,train,1,120,22,8
546,2017-07-23,train,1,120,11,6
546,2017-08-03,train,1,120,4,1
546,2017-08-25,train,1,120,16,11
546,2017-09-03,train,1,120,20,7
546,2017-10-01,validation,1,120,7,3
546,2017-10-15,validation,1,120,7,3
546,2017-10-22,validation,1,120,16,7
546,2017-11-02,test,1,120,7,4
546,2017-11-12,test,1,120,16,9
546,2017-11-23,test,1,120,13,8
546,2017-12-15,test,1,120,11,6
552,2017-04-17,train,1,66,8,1
552,2017-05-21,train,1,120,10,3
552,2017-06-16,train,1,120,16,7
552,2017-08-19,train,1,120,9,0
552,2017-09-23,train,1,120,23,5
552,2017-10-05,validation,1,120,24,11
552,2017-10-14,validation,1,120,9,4
552,2017-10-26,validation,1,120,1,0
552,2017-11-04,test,1,120,73,13
552,2017-11-12,test,1,120,8,2
552,2017-11-18,test,1,120,8,1
552,2017-12-05,test,1,120,43,9
552,2017-12-06,test,1,120,24,3
552,2017-12-12,test,1,120,7,3
553,2017-04-09,train,1,120,25,8
553,2017-04-19,train,1,120,21,6
553,2017-04-29,train,1,120,4,1
553,2017-05-11,train,1,120,30,10
553,2017-05-16,train,1,120,7,2
553,2017-05-21,train,1,120,9,2
553,2017-05-30,train,1,120,10,4
553,2017-06-13,train,1,120,2,1
553,2017-06-18,train,1,120,4,1
553,2017-07-05,train,1,120,11,6
553,2017-07-15,train,1,120,9,1
553,2017-07-23,train,1,120,2,0
553,2017-08-01,train,1,120,6,1
553,2017-08-07,train,1,120,2,0
553,2017-08-16,train,1,120,2,0
553,2017-08-27,train,1,120,14,6
553,2017-09-03,train,1,120,5,3
553,2017-09-08,train,1,120,8,2
553,2017-09-15,train,1,120,2,1
553,2017-09-21,train,1,120,20,8
553,2017-09-27,train,1,120,7,3
553,2017-10-03,validation,1,120,7,4
553,2017-10-08,validation,1,120,17,2
553,2017-10-12,validation,1,120,15,9
553,2017-10-13,validation,1,120,5,0
553,2017-10-14,validation,1,120,13,3
553,2017-10-19,validation,1,120,6,0
553,2017-10-21,validation,1,120,4,1
553,2017-10-22,validation,1,120,27,7
553,2017-10-24,validation,1,120,3,0
553,2017-10-25,validation,1,120,10,3
553,2017-10-28,validation,1,120,26,5
553,2017-10-30,validation,1,120,9,3
553,2017-10-31,validation,1,120,1,0
553,2017-11-06,test,1,120,7,2
553,2017-11-09,test,1,120,15,5
553,2017-11-11,test,1,120,5,3
553,2017-11-13,test,1,120,3,2
553,2017-11-18,test,1,120,12,6
553,2017-11-22,test,1,120,27,5
553,2017-11-27,test,1,120,1,1
553,2017-11-30,test,1,120,20,10
553,2017-12-02,test,1,120,2,0
553,2017-12-07,test,1,120,19,7
553,2017-12-17,test,1,120,8,5
553,2017-12-19,test,1,120,1,0
553,2017-12-22,test,1,120,3,1
553,2017-12-24,test,1,120,15,5
553,2017-12-30,test,1,120,3,1
553,2017-12-31,test,1,120,12,6
555,2017-05-22,train,1,14,2,1
559,2017-04-21,train,1,12,2,0
559,2017-07-02,train,1,16,7,0
562,2017-05-22,train,1,89,3,1
562,2017-06-09,train,1,97,14,5
562,2017-07-14,train,1,105,13,6
562,2017-08-11,train,1,100,7,4
562,2017-09-21,train,1,94,5,4
562,2017-10-05,validation,1,106,3,3
562,2017-10-16,validation,1,106,14,4
562,2017-10-20,validation,1,116,7,5
562,2017-11-05,test,1,118,2,1
562,2017-11-06,test,1,119,8,3
562,2017-11-11,test,1,120,2,0
562,2017-11-13,test,1,120,2,1
562,2017-11-17,test,1,120,8,1
562,2017-11-22,test,1,120,2,0
562,2017-11-26,test,1,120,4,2
562,2017-12-04,test,1,120,8,3
562,2017-12-12,test,1,119,2,2
562,2017-12-23,test,1,116,23,2
562,2017-12-27,test,1,120,33,7
562,2017-12-28,test,1,120,2,1
566,2017-04-10,train,1,26,4,0
566,2017-05-06,train,1,35,5,1
566,2017-06-09,train,1,44,9,0
566,2017-07-23,train,1,54,14,4
566,2017-08-20,train,1,64,4,1
567,2017-04-02,train,1,103,7,3
567,2017-04-19,train,1,115,1,1
567,2017-04-29,train,1,118,4,3
567,2017-05-05,train,1,120,2,0
567,2017-05-16,train,1,120,1,1
567,2017-05-24,train,1,120,4,2
567,2017-06-01,train,1,120,1,1
567,2017-06-07,train,1,120,8,5
567,2017-06-11,train,1,120,1,0
567,2017-06-24,train,1,120,6,2
567,2017-06-29,train,1,120,9,5
567,2017-07-03,train,1,120,2,0
567,2017-07-09,train,1,120,1,1
567,2017-07-13,train,1,120,3,2
567,2017-07-18,train,1,120,4,2
567,2017-07-31,train,1,120,1,0
567,2017-08-09,train,1,120,3,0
567,2017-08-17,train,1,120,9,6
567,2017-08-22,train,1,120,9,5
567,2017-08-28,train,1,120,2,2
567,2017-09-03,train,1,120,7,1
567,2017-09-13,train,1,120,2,1
567,2017-09-17,train,1,120,7,5
567,2017-09-24,train,1,120,10,2
567,2017-09-27,train,1,120,7,3
567,2017-10-02,validation,1,120,6,3
567,2017-10-04,validation,1,120,2,2
567,2017-10-05,validation,1,120,2,2
567,2017-10-07,validation,1,120,6,1
567,2017-10-09,validation,1,120,8,2
567,2017-10-11,validation,1,120,8,6
567,2017-10-13,validation,1,120,6,3
567,2017-10-14,validation,1,120,1,1
567,2017-10-15,validation,1,120,7,2
567,2017-10-17,validation,1,120,6,4
567,2017-10-19,validation,1,120,3,1
567,2017-10-20,validation,1,120,1,0
567,2017-10-24,validation,1,120,2,2
567,2017-10-25,validation,1,120,6,4
567,2017-10-26,validation,1,120,6,3
567,2017-10-27,validation,1,120,2,2
567,2017-10-28,validation,1,120,5,2
567,2017-10-30,validation,1,120,9,5
567,2017-11-01,test,1,120,4,2
567,2017-11-02,test,1,120,51,18
567,2017-11-06,test,1,120,2,0
567,2017-11-07,test,1,120,1,1
567,2017-11-08,test,1,120,2,1
567,2017-11-13,test,1,120,2,2
567,2017-11-14,test,1,120,3,2
567,2017-11-15,test,1,120,14,13
567,2017-11-20,test,1,120,4,2
567,2017-11-23,test,1,120,4,1
567,2017-11-26,test,1,120,6,4
567,2017-11-27,test,1,120,7,3
567,2017-11-29,test,1,120,11,2
567,2017-11-30,test,1,120,3,2
567,2017-12-03,test,1,120,5,2
567,2017-12-04,test,1,120,3,0
567,2017-12-10,test,1,120,3,2
567,2017-12-13,test,1,120,21,10
567,2017-12-16,test,1,120,14,5
567,2017-12-22,test,1,120,3,3
567,2017-12-26,test,1,120,7,3
567,2017-12-27,test,1,120,4,2
568,2017-04-22,train,1,120,18,8
568,2017-04-29,train,1,120,4,0
568,2017-05-08,train,1,120,2,0
568,2017-05-16,train,1,120,44,14
568,2017-06-03,train,1,120,15,4
568,2017-06-07,train,1,120,16,3
568,2017-06-14,train,1,120,16,7
568,2017-06-18,train,1,120,11,4
568,2017-06-23,train,1,120,19,9
568,2017-06-30,train,1,120,5,1
568,2017-07-09,train,1,120,8,1
568,2017-07-20,train,1,120,8,4
568,2017-08-03,train,1,120,83,22
568,2017-08-09,train,1,120,23,10
568,2017-08-18,train,1,120,1,0
568,2017-09-01,train,1,120,15,11
568,2017-09-04,train,1,120,20,7
568,2017-09-07,train,1,120,32,10
568,2017-09-12,train,1,120,4,0
568,2017-09-27,train,1,120,48,12
568,2017-10-01,validation,1,120,47,4
568,2017-10-02,validation,1,120,40,8
568,2017-10-03,validation,1,120,49,7
568,2017-10-06,validation,1,120,21,7
568,2017-10-09,validation,1,120,13,1
568,2017-10-10,validation,1,120,13,4
568,2017-10-14,validation,1,120,2,0
568,2017-10-16,validation,1,120,13,3
568,2017-10-22,validation,1,120,12,5
568,2017-10-23,validation,1,120,26,8
568,2017-10-28,validation,1,120,14,11
568,2017-11-01,test,1,120,40,20
568,2017-11-02,test,1,120,13,5
568,2017-11-03,test,1,120,29,9
568,2017-11-07,test,1,120,58,13
568,2017-11-16,test,1,120,3,1
568,2017-11-21,test,1,120,7,3
568,2017-11-24,test,1,120,9,4
568,2017-11-26,test,1,120,13,5
568,2017-11-28,test,1,120,4,1
568,2017-12-02,test,1,120,7,4
568,2017-12-05,test,1,120,22,13
568,2017-12-06,test,1,120,15,5
568,2017-12-08,test,1,120,33,19
568,2017-12-10,test,1,120,16,8
568,2017-12-14,test,1,120,13,8
568,2017-12-17,test,1,120,11,4
568,2017-12-29,test,1,120,27,11
568,2017-12-31,test,1,120,18,6
569,2017-04-11,train,1,120,6,2
569,2017-04-21,train,1,120,8,3
569,2017-05-23,train,1,120,4,1
569,2017-06-15,train,1,120,3,2
569,2017-07-16,train,1,120,10,5
569,2017-08-04,train,1,120,6,1
569,2017-08-21,train,1,120,6,2
569,2017-10-08,validation,1,106,16,1
569,2017-10-17,validation,1,113,6,0
569,2017-10-25,validation,1,112,39,11
569,2017-11-16,test,1,120,2,1
569,2017-11-29,test,1,113,20,1
569,2017-12-05,test,1,120,18,4
570,2017-04-14,train,0,30,7,0
570,2017-07-04,train,1,43,7,0
570,2017-09-06,train,1,49,7,1
570,2017-10-01,validation,1,55,26,7
570,2017-10-15,validation,1,63,23,2
570,2017-10-21,validation,1,84,1,0
570,2017-12-19,test,1,85,2,1
574,2017-04-15,train,1,120,26,8
574,2017-05-07,train,1,120,20,6
574,2017-05-29,train,1,120,28,8
574,2017-06-17,train,1,120,27,11
574,2017-07-09,train,1,120,19,9
574,2017-07-25,train,1,120,19,2
574,2017-08-07,train,1,120,10,5
574,2017-08-20,train,1,120,13,9
574,2017-09-10,train,1,120,20,8
574,2017-10-01,validation,1,120,20,9
574,2017-10-08,validation,1,120,19,10
574,2017-10-11,validation,1,120,6,2
574,2017-10-15,validation,1,120,26,13
574,2017-10-21,validation,1,120,23,11
574,2017-10-29,validation,1,120,35,17
574,2017-11-05,test,1,120,22,9
574,2017-11-12,test,1,120,31,7
574,2017-11-19,test,1,120,20,9
574,2017-11-24,test,1,120,3,1
574,2017-11-26,test,1,120,39,16
574,2017-12-03,test,1,120,19,9
574,2017-12-05,test,1,120,1,0
574,2017-12-10,test,1,120,28,4
574,2017-12-12,test,1,120,1,0
574,2017-12-16,test,1,120,24,10
574,2017-12-22,test,1,120,26,12
574,2017-12-30,test,1,120,33,16
575,2017-04-07,train,1,120,18,7
575,2017-04-15,train,1,120,17,4
575,2017-04-21,train,1,120,18,7
575,2017-04-26,train,1,120,2,0
575,2017-05-05,train,1,120,19,5
575,2017-05-14,train,1,120,21,10
575,2017-05-20,train,1,120,18,5
575,2017-06-07,train,1,120,25,14
575,2017-06-17,train,1,120,22,11
575,2017-06-22,train,1,120,9,1
575,2017-07-01,train,1,120,18,8
575,2017-07-06,train,1,120,24,11
575,2017-07-12,train,1,120,10,7
575,2017-07-20,train,1,120,14,7
575,2017-07-29,train,1,120,44,16
575,2017-08-08,train,1,120,17,8
575,2017-08-23,train,1,120,4,2
575,2017-08-29,train,1,120,16,9
575,2017-09-05,train,1,120,2,0
575,2017-09-09,train,1,120,6,4
575,2017-09-19,train,1,120,10,8
575,2017-09-28,train,1,120,21,13
575,2017-10-01,validation,1,120,17,10
575,2017-10-02,validation,1,120,11,0
575,2017-10-04,validation,1,120,9,3
575,2017-10-05,validation,1,120,2,2
575,2017-10-06,validation,1,120,21,12
575,2017-10-11,validation,1,120,1,0
575,2017-10-12,validation,1,120,17,10
575,2017-10-19,validation,1,120,9,6
575,2017-10-21,validation,1,120,13,9
575,2017-10-24,validation,1,120,17,9
575,2017-10-28,validation,1,120,19,11
575,2017-10-29,validation,1,120,36,12
575,2017-10-30,validation,1,120,8,2
575,2017-10-31,validation,1,120,1,0
575,2017-11-05,test,1,120,11,9
575,2017-11-09,test,1,120,3,3
575,2017-11-11,test,1,120,23,9
575,2017-11-12,test,1,120,12,7
575,2017-11-17,test,1,120,4,2
575,2017-11-18,test,1,120,29,10
575,2017-11-20,test,1,120,5,0
575,2017-11-22,test,1,120,14,1
575,2017-11-24,test,1,120,7,4
575,2017-11-29,test,1,120,7,4
575,2017-12-01,test,1,120,2,2
575,2017-12-02,test,1,120,21,5
575,2017-12-05,test,1,120,22,13
575,2017-12-08,test,1,120,28,10
575,2017-12-12,test,1,120,3,1
575,2017-12-13,test,1,120,13,7
575,2017-12-14,test,1,120,1,1
575,2017-12-15,test,1,120,24,13
575,2017-12-16,test,1,120,17,9
575,2017-12-18,test,1,120,1,0
575,2017-12-23,test,1,120,5,4
575,2017-12-28,test,1,120,5,0
575,2017-12-29,test,1,120,23,12
575,2017-12-31,test,1,120,15,6
576,2017-04-12,train,1,120,17,6
576,2017-04-28,train,1,120,14,9
576,2017-05-12,train,1,120,24,16
576,2017-05-28,train,1,120,26,11
576,2017-06-06,train,1,120,4,1
576,2017-06-27,train,1,120,2,2
576,2017-07-14,train,1,120,3,2
576,2017-09-17,train,1,120,22,9
576,2017-10-09,validation,1,120,15,1
576,2017-10-22,validation,1,120,20,6
576,2017-11-05,test,1,120,15,7
576,2017-11-08,test,1,120,5,1
576,2017-11-11,test,1,120,9,1
576,2017-11-22,test,1,120,7,2
576,2017-12-04,test,1,111,3,0
576,2017-12-10,test,1,108,12,2
580,2017-04-29,train,1,36,1,1
580,2017-05-09,train,1,42,1,1
580,2017-06-04,train,1,46,3,2
580,2017-06-17,train,1,49,10,5
580,2017-07-30,train,1,46,6,3
580,2017-09-02,train,1,50,1,0
580,2017-09-22,train,1,47,3,1
580,2017-10-07,validation,1,48,4,2
580,2017-10-15,validation,1,49,1,1
580,2017-10-24,validation,1,43,4,1
580,2017-10-31,validation,1,44,2,2
580,2017-11-06,test,1,43,6,3
580,2017-11-09,test,1,46,1,1
580,2017-11-20,test,1,42,4,2
580,2017-11-23,test,1,44,2,1
580,2017-12-04,test,1,44,6,4
580,2017-12-16,test,1,38,6,4
580,2017-12-23,test,1,40,5,1
580,2017-12-29,test,1,44,1,0
580,2017-12-30,test,1,45,8,5
583,2017-04-09,train,1,41,9,1
583,2017-04-30,train,1,57,1,1
583,2017-05-10,train,1,61,2,0
583,2017-05-22,train,1,65,1,1
583,2017-06-09,train,1,65,4,1
583,2017-07-09,train,1,72,19,2
583,2017-07-25,train,1,85,1,1
583,2017-08-15,train,1,83,1,1
583,2017-09-13,train,1,74,1,1
583,2017-09-24,train,1,70,14,1
583,2017-10-03,validation,1,95,2,1
583,2017-10-05,validation,1,96,57,3
583,2017-10-07,validation,1,120,4,1
583,2017-10-08,validation,1,120,12,0
583,2017-10-09,validation,1,120,15,3
583,2017-10-11,validation,1,120,8,1
583,2017-10-14,validation,1,120,5,0
583,2017-10-18,validation,1,120,11,2
583,2017-10-20,validation,1,120,1,1
583,2017-10-22,validation,1,120,1,1
583,2017-10-28,validation,1,120,2,1
583,2017-10-29,validation,1,120,1,1
583,2017-10-31,validation,1,120,2,1
583,2017-11-01,test,1,120,2,1
583,2017-11-09,test,1,120,18,1
583,2017-11-10,test,1,120,9,2
583,2017-11-12,test,1,120,5,1
583,2017-11-15,test,1,120,2,0
583,2017-11-17,test,1,120,3,2
583,2017-11-18,test,1,120,11,2
583,2017-11-21,test,1,120,9,3
583,2017-11-23,test,1,120,1,0
583,2017-11-24,test,1,120,5,3
583,2017-11-26,test,1,120,2,1
583,2017-12-02,test,1,120,2,1
583,2017-12-03,test,1,120,2,1
583,2017-12-06,test,1,120,1,1
583,2017-12-07,test,1,120,1,1
583,2017-12-09,test,1,120,4,2
583,2017-12-10,test,1,120,1,0
584,2017-05-21,train,0,15,1,0
584,2017-06-06,train,1,28,4,0
584,2017-07-16,train,1,42,9,8
588,2017-04-04,train,1,120,23,6
588,2017-04-08,train,1,120,2,0
588,2017-04-15,train,1,120,3,2
588,2017-05-02,train,1,120,13,5
588,2017-05-13,train,1,120,7,2
588,2017-06-01,train,1,120,61,17
588,2017-06-09,train,1,120,2,1
588,2017-07-01,train,1,120,55,20
588,2017-07-19,train,1,120,12,9
588,2017-08-08,train,1,120,5,4
588,2017-08-16,train,1,120,6,1
588,2017-08-23,train,1,120,1,1
588,2017-09-05,train,1,120,8,2
588,2017-09-15,train,1,120,42,16
588,2017-09-27,train,1,120,11,3
588,2017-10-04,validation,1,120,11,5
588,2017-10-09,validation,1,120,1,0
588,2017-10-10,validation,1,120,2,1
588,2017-10-19,validation,1,120,2,0
588,2017-10-20,validation,1,120,31,16
588,2017-10-23,validation,1,120,9,4
588,2017-10-25,validation,1,120,5,2
588,2017-11-01,test,1,120,3,2
588,2017-11-02,test,1,120,6,4
588,2017-11-03,test,1,120,48,19
588,2017-11-16,test,1,120,28,12
588,2017-11-18,test,1,120,16,2
588,2017-11-22,test,1,120,17,6
588,2017-11-30,test,1,120,50,22
588,2017-12-02,test,1,120,4,1
588,2017-12-08,test,1,120,5,0
588,2017-12-15,test,1,120,58,18
588,2017-12-16,test,1,120,1,0
588,2017-12-21,test,1,120,31,14
588,2017-12-27,test,1,120,5,2
588,2017-12-30,test,1,120,25,9
589,2017-06-26,train,1,28,40,5
589,2017-07-26,train,1,68,3,0
589,2017-11-07,test,1,49,1,1
592,2017-07-06,train,1,57,9,0
592,2017-09-18,train,1,40,5,0
592,2017-10-07,validation,1,45,5,1
592,2017-10-09,validation,1,49,1,1
592,2017-11-29,test,1,28,2,0
592,2017-12-05,test,1,30,8,1
592,2017-12-11,test,1,37,3,0
592,2017-12-26,test,1,40,2,0
592,2017-12-27,test,1,42,24,1
596,2017-04-15,train,1,111,2,1
596,2017-05-02,train,1,120,3,0
596,2017-05-17,train,1,120,5,4
596,2017-05-28,train,1,120,2,1
596,2017-06-27,train,1,120,2,1
596,2017-07-07,train,1,120,5,3
596,2017-08-05,train,1,120,11,4
596,2017-08-26,train,1,120,4,2
596,2017-10-01,validation,1,114,8,2
596,2017-10-04,validation,1,115,10,5
596,2017-10-08,validation,1,120,21,8
596,2017-10-14,validation,1,120,1,0
596,2017-10-15,validation,1,120,4,1
596,2017-10-24,validation,1,117,7,2
596,2017-11-05,test,1,120,12,7
596,2017-11-11,test,1,120,30,6
596,2017-11-22,test,1,120,6,2
596,2017-12-02,test,1,120,20,9
596,2017-12-10,test,1,120,2,2
596,2017-12-26,test,1,120,9,5
596,2017-12-27,test,1,120,14,5
6,2017-04-06,train,1,120,5,5
6,2017-04-12,train,1,120,5,2
6,2017-04-19,train,1,120,7,3
6,2017-04-27,train,1,120,7,6
6,2017-05-09,train,1,120,5,5
6,2017-05-14,train,1,120,2,0
6,2017-05-24,train,1,120,1,1
6,2017-06-01,train,1,120,5,1
6,2017-06-09,train,1,120,3,2
6,2017-06-20,train,1,120,10,8
6,2017-06-25,train,1,120,4,3
6,2017-06-28,train,1,120,2,1
6,2017-07-07,train,1,120,12,7
6,2017-07-16,train,1,120,14,7
6,2017-07-25,train,1,120,9,8
6,2017-08-03,train,1,120,2,1
6,2017-08-11,train,1,120,4,3
6,2017-08-18,train,1,120,6,5
6,2017-08-30,train,1,120,7,3
6,2017-09-05,train,1,120,3,2
6,2017-09-10,train,1,120,2,1
6,2017-09-16,train,1,120,1,0
6,2017-09-29,train,1,120,13,8
6,2017-10-06,validation,1,120,6,0
6,2017-10-15,validation,1,120,12,1
6,2017-10-17,validation,1,120,2,0
6,2017-10-18,validation,1,120,4,3
6,2017-10-21,validation,1,120,9,5
6,2017-10-22,validation,1,120,17,7
6,2017-10-25,validation,1,120,9,1
6,2017-10-28,validation,1,120,6,0
6,2017-10-30,validation,1,120,2,2
6,2017-11-03,test,1,120,5,2
6,2017-11-05,test,1,120,7,6
6,2017-11-09,test,1,120,3,2
6,2017-11-10,test,1,120,3,3
6,2017-11-15,test,1,120,7,2
6,2017-11-19,test,1,120,12,6
6,2017-11-22,test,1,120,5,2
6,2017-11-23,test,1,120,15,4
6,2017-11-28,test,1,120,5,0
6,2017-12-01,test,1,120,2,2
6,2017-12-02,test,1,120,3,2
6,2017-12-06,test,1,120,10,5
6,2017-12-09,test,1,120,4,2
6,2017-12-11,test,1,120,3,0
6,2017-12-14,test,1,120,2,2
6,2017-12-17,test,1,120,15,10
6,2017-12-22,test,1,120,11,5
6,2017-12-23,test,1,120,3,2
6,2017-12-30,test,1,120,7,2
6,2017-12-31,test,1,120,2,0
600,2017-04-05,train,1,120,7,1
600,2017-04-23,train,1,120,6,4
600,2017-05-07,train,1,120,24,8
600,2017-05-21,train,1,120,10,6
600,2017-06-11,train,1,120,1,1
600,2017-06-19,train,1,120,3,2
600,2017-06-27,train,1,120,9,4
600,2017-07-07,train,1,120,5,1
600,2017-08-10,train,1,120,14,7
600,2017-09-01,train,1,120,46,13
600,2017-09-09,train,1,120,5,2
600,2017-09-17,train,1,120,2,1
600,2017-10-01,validation,1,120,10,5
600,2017-10-02,validation,1,120,9,2
600,2017-10-19,validation,1,120,10,6
600,2017-10-23,validation,1,120,15,6
600,2017-10-27,validation,1,120,15,7
600,2017-10-31,validation,1,120,3,1
600,2017-11-02,test,1,120,5,2
600,2017-11-12,test,1,120,4,1
600,2017-11-15,test,1,120,4,2
600,2017-11-19,test,1,120,1,0
600,2017-11-20,test,1,120,6,3
600,2017-11-22,test,1,120,3,3
600,2017-11-29,test,1,120,2,0
600,2017-12-05,test,1,120,27,9
600,2017-12-06,test,1,120,1,1
600,2017-12-17,test,1,120,12,4
600,2017-12-20,test,1,120,6,3
600,2017-12-30,test,1,120,7,2
601,2017-05-03,train,1,120,33,11
601,2017-05-17,train,1,120,11,2
601,2017-06-23,train,1,120,5,0
601,2017-07-05,train,1,120,3,2
601,2017-07-29,train,1,120,9,7
601,2017-08-08,train,1,120,24,11
601,2017-09-08,train,1,120,20,7
601,2017-09-22,train,1,120,17,7
601,2017-11-11,test,1,120,14,4
601,2017-11-25,test,1,120,3,1
601,2017-11-26,test,1,120,6,0
601,2017-11-27,test,1,120,11,3
601,2017-12-16,test,1,120,1,1
603,2017-04-22,train,1,67,5,0
603,2017-06-10,train,1,119,1,0
603,2017-07-16,train,1,108,9,2
603,2017-11-07,test,1,60,3,0
603,2017-11-15,test,1,63,5,2
603,2017-11-27,test,1,66,2,0
603,2017-12-19,test,1,19,1,1
603,2017-12-29,test,1,17,2,1
605,2017-04-06,train,1,120,18,5
605,2017-05-03,train,1,120,2,2
605,2017-05-26,train,1,120,2,0
605,2017-06-06,train,1,120,41,16
605,2017-06-14,train,1,120,23,10
605,2017-06-26,train,1,120,27,14
605,2017-07-09,train,1,120,22,11
605,2017-07-20,train,1,120,22,13
605,2017-09-19,train,1,120,16,5
605,2017-10-01,validation,1,120,26,11
605,2017-10-06,validation,1,120,16,11
605,2017-10-08,validation,1,120,3,1
605,2017-10-10,validation,1,120,15,11
605,2017-10-17,validation,1,120,22,4
605,2017-10-23,validation,1,120,5,4
605,2017-11-05,test,1,120,31,13
605,2017-11-13,test,1,120,25,14
605,2017-11-18,test,1,120,9,6
605,2017-11-24,test,1,120,24,12
605,2017-11-25,test,1,120,5,2
605,2017-12-01,test,1,120,47,29
605,2017-12-09,test,1,120,24,11
605,2017-12-15,test,1,120,22,14
605,2017-12-18,test,1,120,10,6
605,2017-12-26,test,1,120,15,7
605,2017-12-27,test,1,120,4,2
607,2017-06-03,train,1,120,4,0
607,2017-06-08,train,1,120,9,1
607,2017-10-13,validation,1,27,8,0
607,2017-11-06,test,1,34,1,1
607,2017-11-10,test,1,34,1,0
610,2017-07-07,train,0,62,4,1
610,2017-09-10,train,1,63,3,1
610,2017-10-08,validation,1,71,20,5
610,2017-10-11,validation,1,86,1,0
612,2017-05-06,train,1,120,21,10
612,2017-06-16,train,1,120,5,1
612,2017-06-30,train,1,120,5,2
612,2017-07-23,train,1,120,12,7
612,2017-08-19,train,1,120,22,13
612,2017-09-01,train,1,120,17,5
612,2017-09-16,train,1,120,8,4
612,2017-10-06,validation,1,120,19,12
612,2017-10-13,validation,1,120,23,9
612,2017-10-19,validation,1,120,13,7
612,2017-10-24,validation,1,120,3,1
612,2017-10-31,validation,1,120,5,0
612,2017-11-03,test,1,120,26,18
612,2017-11-09,test,1,120,1,0
612,2017-11-11,test,1,120,2,1
612,2017-11-17,test,1,120,21,18
612,2017-11-20,test,1,120,4,2
612,2017-11-24,test,1,120,16,10
612,2017-11-30,test,1,120,8,0
612,2017-12-02,test,1,120,14,10
612,2017-12-03,test,1,120,3,0
612,2017-12-11,test,1,120,1,1
612,2017-12-13,test,1,120,1,0
612,2017-12-15,test,1,120,20,10
612,2017-12-19,test,1,120,1,1
612,2017-12-22,test,1,120,24,11
612,2017-12-26,test,1,120,2,2
612,2017-12-30,test,1,120,18,14
612,2017-12-31,test,1,120,3,0
614,2017-04-01,train,1,111,15,8
614,2017-04-13,train,1,120,2,1
614,2017-04-24,train,1,120,3,0
614,2017-05-03,train,1,120,8,6
614,2017-05-12,train,1,120,21,13
614,2017-05-24,train,1,120,3,2
614,2017-05-28,train,1,120,17,11
614,2017-06-04,train,1,120,7,0
614,2017-06-27,train,1,120,6,5
614,2017-07-05,train,1,120,6,4
614,2017-07-19,train,1,120,2,2
614,2017-08-01,train,1,120,5,4
614,2017-08-21,train,1,120,26,18
614,2017-09-01,train,1,120,1,1
614,2017-09-08,train,1,120,2,2
614,2017-09-16,train,1,120,12,7
614,2017-10-11,validation,1,120,32,11
614,2017-10-22,validation,1,120,29,12
614,2017-10-27,validation,1,120,16,7
614,2017-10-28,validation,1,120,1,1
614,2017-11-02,test,1,120,28,13
614,2017-11-08,test,1,120,27,16
614,2017-11-09,test,1,120,1,0
614,2017-11-16,test,1,120,8,7
614,2017-11-18,test,1,120,7,6
614,2017-11-25,test,1,120,22,9
614,2017-12-13,test,1,120,7,4
614,2017-12-14,test,1,120,22,10
614,2017-12-15,test,1,120,5,0
614,2017-12-21,test,1,120,3,2
614,2017-12-29,test,1,120,39,15
615,2017-11-15,test,0,20,15,1
615,2017-12-09,test,0,34,4,1
615,2017-12-16,test,0,37,4,2
615,2017-12-20,test,1,39,6,1
617,2017-05-04,train,0,53,22,3
617,2017-07-07,train,1,82,50,4
617,2017-08-18,train,1,120,12,2
617,2017-09-15,train,1,120,15,5
617,2017-11-09,test,1,120,8,4
617,2017-12-21,test,1,120,18,4
624,2017-05-04,train,1,120,42,17
624,2017-05-24,train,1,120,7,2
624,2017-05-29,train,1,120,4,1
624,2017-06-16,train,1,120,33,18
624,2017-07-20,train,1,120,5,2
624,2017-08-12,train,1,120,67,14
624,2017-09-01,train,1,120,34,11
624,2017-09-09,train,1,120,2,2
624,2017-09-28,train,1,120,1,1
624,2017-10-06,validation,1,120,36,12
624,2017-10-12,validation,1,120,1,1
624,2017-10-13,validation,1,120,25,13
624,2017-10-14,validation,1,120,2,0
624,2017-10-20,validation,1,120,37,14
624,2017-10-27,validation,1,120,25,5
624,2017-11-04,test,1,120,40,11
624,2017-11-06,test,1,120,2,0
624,2017-11-11,test,1,120,37,17
624,2017-11-19,test,1,120,17,3
624,2017-11-25,test,1,120,35,7
624,2017-12-04,test,1,120,36,15
624,2017-12-05,test,1,120,2,0
624,2017-12-09,test,1,120,31,12
624,2017-12-16,test,1,120,6,0
624,2017-12-17,test,1,120,32,13
624,2017-12-23,test,1,120,29,8
624,2017-12-29,test,1,120,25,13
628,2017-07-16,train,0,32,23,1
628,2017-11-06,test,1,33,43,2
628,2017-12-22,test,1,74,18,3
629,2017-04-25,train,1,23,1,1
629,2017-07-28,train,1,26,1,0
629,2017-12-12,test,0,6,2,0
63,2017-04-08,train,0,10,5,1
63,2017-08-18,train,1,12,6,2
63,2017-11-14,test,1,10,1,1
63,2017-11-27,test,1,9,3,1
630,2017-04-08,train,1,111,13,6
630,2017-04-22,train,1,120,16,11
630,2017-05-16,train,1,120,33,14
630,2017-05-29,train,1,120,8,2
630,2017-06-21,train,1,120,8,2
630,2017-07-03,train,1,120,11,5
630,2017-07-17,train,1,120,15,10
630,2017-07-24,train,1,120,5,1
630,2017-08-04,train,1,120,19,6
630,2017-08-15,train,1,120,14,2
630,2017-08-25,train,1,120,13,6
630,2017-09-18,train,1,120,16,9
630,2017-10-08,validation,1,120,27,13
630,2017-10-16,validation,1,120,9,6
630,2017-10-22,validation,1,120,7,3
630,2017-11-02,test,1,120,5,2
630,2017-11-04,test,1,120,24,9
630,2017-11-10,test,1,120,7,0
630,2017-11-12,test,1,120,25,13
630,2017-11-17,test,1,120,4,3
630,2017-11-29,test,1,120,7,5
630,2017-12-05,test,1,120,40,15
630,2017-12-08,test,1,120,11,9
630,2017-12-16,test,1,120,8,7
630,2017-12-17,test,1,120,1,0
630,2017-12-22,test,1,120,11,6
630,2017-12-27,test,1,120,23,10
630,2017-12-28,test,1,120,8,1
631,2017-04-04,train,1,120,11,10
631,2017-04-10,train,1,120,6,4
631,2017-04-17,train,1,120,6,6
631,2017-05-04,train,1,120,2,1
631,2017-05-09,train,1,120,3,3
631,2017-05-18,train,1,120,2,2
631,2017-05-26,train,1,120,9,5
631,2017-05-29,train,1,120,5,3
631,2017-06-03,train,1,120,18,7
631,2017-06-08,train,1,120,7,6
631,2017-06-13,train,1,120,2,1
631,2017-06-25,train,1,120,5,4
631,2017-06-30,train,1,120,1,1
631,2017-07-07,train,1,120,13,6
631,2017-07-12,train,1,120,8,6
631,2017-07-20,train,1,120,4,2
631,2017-07-26,train,1,120,12,1
631,2017-07-30,train,1,120,6,3
631,2017-08-05,train,1,120,7,7
631,2017-08-09,train,1,120,7,6
631,2017-08-13,train,1,120,6,5
631,2017-08-17,train,1,120,2,0
631,2017-08-22,train,1,120,1,0
631,2017-08-25,train,1,120,12,11
631,2017-08-28,train,1,120,5,2
631,2017-09-02,train,1,120,3,2
631,2017-09-06,train,1,120,10,8
631,2017-09-10,train,1,120,3,0
631,2017-09-18,train,1,120,5,4
631,2017-09-24,train,1,120,15,3
631,2017-09-29,train,1,120,8,6
631,2017-10-01,validation,1,120,1,0
631,2017-10-02,validation,1,120,5,3
631,2017-10-10,validation,1,120,8,3
631,2017-10-12,validation,1,120,5,3
631,2017-10-13,validation,1,120,4,1
631,2017-10-14,validation,1,120,32,8
631,2017-10-15,validation,1,120,3,2
631,2017-10-18,validation,1,120,9,6
631,2017-10-19,validation,1,120,1,0
631,2017-10-20,validation,1,120,7,3
631,2017-10-23,validation,1,120,5,5
631,2017-10-24,validation,1,120,2,1
631,2017-10-26,validation,1,120,3,2
631,2017-10-28,validation,1,120,5,3
631,2017-10-30,validation,1,120,11,8
631,2017-10-31,validation,1,120,7,5
631,2017-11-03,test,1,120,9,3
631,2017-11-04,test,1,120,4,4
631,2017-11-07,test,1,120,8,4
631,2017-11-08,test,1,120,3,0
631,2017-11-10,test,1,120,13,8
631,2017-11-13,test,1,120,9,5
631,2017-11-14,test,1,120,7,4
631,2017-11-16,test,1,120,6,4
631,2017-11-18,test,1,120,17,4
631,2017-11-20,test,1,120,5,5
631,2017-11-23,test,1,120,16,6
631,2017-11-24,test,1,120,6,5
631,2017-11-27,test,1,120,9,6
631,2017-11-28,test,1,120,5,4
631,2017-12-04,test,1,120,3,2
631,2017-12-05,test,1,120,10,10
631,2017-12-06,test,1,120,6,3
631,2017-12-08,test,1,120,10,4
631,2017-12-09,test,1,120,6,5
631,2017-12-10,test,1,120,15,6
631,2017-12-11,test,1,120,16,9
631,2017-12-15,test,1,120,8,6
631,2017-12-18,test,1,120,2,2
631,2017-12-19,test,1,120,14,3
631,2017-12-20,test,1,120,35,13
631,2017-12-21,test,1,120,19,4
631,2017-12-23,test,1,120,33,13
631,2017-12-24,test,1,120,6,2
631,2017-12-26,test,1,120,6,4
631,2017-12-29,test,1,120,7,7
631,2017-12-30,test,1,120,23,4
631,2017-12-31,test,1,120,2,0
632,2017-05-11,train,1,95,21,5
632,2017-05-24,train,1,120,54,5
632,2017-06-03,train,1,120,2,0
632,2017-06-20,train,1,120,6,1
632,2017-08-10,train,1,120,5,1
632,2017-09-23,train,1,120,14,4
632,2017-10-21,validation,1,120,15,4
632,2017-11-02,test,1,120,28,7
632,2017-11-13,test,1,120,8,2
632,2017-11-17,test,1,120,50,4
634,2017-04-02,train,1,120,10,6
638,2017-04-15,train,1,120,38,14
638,2017-05-12,train,1,120,2,2
638,2017-05-26,train,1,120,20,4
638,2017-06-10,train,1,120,19,4
638,2017-06-23,train,1,120,7,3
638,2017-07-04,train,1,120,24,7
638,2017-07-16,train,1,120,29,11
638,2017-07-31,train,1,120,5,1
638,2017-08-08,train,1,120,10,5
638,2017-08-26,train,1,120,38,20
638,2017-09-10,train,1,120,5,1
638,2017-09-30,train,1,120,13,10
638,2017-10-02,validation,1,120,9,1
638,2017-10-08,validation,1,120,22,11
638,2017-10-12,validation,1,120,33,13
638,2017-10-15,validation,1,120,3,0
638,2017-10-17,validation,1,120,10,6
638,2017-10-18,validation,1,120,17,5
638,2017-10-22,validation,1,120,40,16
638,2017-10-24,validation,1,120,1,0
638,2017-10-26,validation,1,120,18,4
638,2017-10-30,validation,1,120,6,4
638,2017-11-03,test,1,120,10,2
638,2017-11-06,test,1,120,26,11
638,2017-11-09,test,1,120,4,0
638,2017-11-11,test,1,120,16,3
638,2017-11-15,test,1,120,25,6
638,2017-11-17,test,1,120,7,1
638,2017-11-19,test,1,120,15,4
638,2017-12-01,test,1,120,10,3
638,2017-12-03,test,1,120,17,3
638,2017-12-16,test,1,120,23,10
638,2017-12-28,test,1,120,35,14
638,2017-12-29,test,1,120,1,0
638,2017-12-31,test,1,120,12,4
64,2017-04-01,train,1,118,5,1
64,2017-04-12,train,1,120,3,1
64,2017-04-18,train,1,120,4,1
64,2017-04-23,train,1,120,11,5
64,2017-05-01,train,1,120,5,0
64,2017-05-10,train,1,120,8,3
64,2017-05-19,train,1,120,6,2
64,2017-05-30,train,1,120,4,3
64,2017-06-06,train,1,120,6,2
64,2017-06-20,train,1,120,2,1
64,2017-06-26,train,1,120,4,2
64,2017-07-13,train,1,120,1,0
64,2017-07-24,train,1,120,11,4
64,2017-08-07,train,1,120,6,3
64,2017-08-18,train,1,120,7,2
64,2017-08-26,train,1,120,5,3
64,2017-09-03,train,1,120,8,4
64,2017-09-21,train,1,120,2,2
64,2017-10-01,validation,1,120,8,1
64,2017-10-03,validation,1,120,3,3
64,2017-10-04,validation,1,120,4,0
64,2017-10-05,validation,1,120,2,2
64,2017-10-06,validation,1,120,3,2
64,2017-10-08,validation,1,120,2,0
64,2017-10-09,validation,1,120,9,4
64,2017-10-10,validation,1,120,4,3
64,2017-10-13,validation,1,120,12,2
64,2017-10-15,validation,1,120,11,4
64,2017-10-19,validation,1,120,5,1
64,2017-10-22,validation,1,120,2,1
64,2017-10-24,validation,1,120,40,3
64,2017-10-28,validation,1,120,2,0
64,2017-10-29,validation,1,120,5,3
64,2017-10-31,validation,1,120,3,2
64,2017-11-01,test,1,120,6,2
64,2017-11-03,test,1,120,7,4
64,2017-11-04,test,1,120,17,7
64,2017-11-05,test,1,120,6,1
64,2017-11-07,test,1,120,5,1
64,2017-11-10,test,1,120,2,0
64,2017-11-17,test,1,120,8,5
64,2017-11-18,test,1,120,8,1
64,2017-11-21,test,1,120,2,0
64,2017-11-23,test,1,120,7,2
64,2017-11-28,test,1,120,1,0
64,2017-11-29,test,1,120,6,3
64,2017-11-30,test,1,120,5,0
64,2017-12-01,test,1,120,5,2
64,2017-12-02,test,1,120,1,0
64,2017-12-05,test,1,120,27,8
64,2017-12-07,test,1,120,4,3
64,2017-12-08,test,1,120,6,1
64,2017-12-09,test,1,120,9,2
64,2017-12-10,test,1,120,3,1
64,2017-12-12,test,1,120,2,2
64,2017-12-14,test,1,120,1,0
64,2017-12-15,test,1,120,1,0
64,2017-12-16,test,1,120,11,3
64,2017-12-18,test,1,120,8,2
64,2017-12-20,test,1,120,3,2
64,2017-12-21,test,1,120,6,2
64,2017-12-23,test,1,120,23,5
64,2017-12-27,test,1,120,5,5
64,2017-12-29,test,1,120,7,0
64,2017-12-31,test,1,120,14,3
640,2017-04-07,train,1,120,3,2
640,2017-05-20,train,1,120,8,0
640,2017-05-25,train,1,120,4,0
645,2017-04-11,train,1,20,1,0
645,2017-06-18,train,1,29,3,0
645,2017-07-30,train,1,25,17,2
645,2017-08-12,train,1,48,2,1
65,2017-04-09,train,1,46,2,2
65,2017-05-20,train,1,54,2,0
65,2017-06-06,train,1,59,6,0
65,2017-06-24,train,1,77,5,0
65,2017-07-06,train,1,78,4,1
65,2017-08-07,train,1,77,9,4
65,2017-08-24,train,1,70,5,0
65,2017-09-18,train,1,76,3,2
65,2017-09-30,train,1,75,3,1
65,2017-10-01,validation,1,77,5,3
65,2017-10-04,validation,1,79,9,1
65,2017-10-10,validation,1,86,2,1
65,2017-10-13,validation,1,87,5,2
65,2017-10-23,validation,1,90,5,1
65,2017-10-25,validation,1,94,10,1
65,2017-10-30,validation,1,103,5,0
65,2017-10-31,validation,1,108,2,0
65,2017-11-04,test,1,110,9,1
65,2017-11-06,test,1,118,1,1
65,2017-11-07,test,1,117,5,0
65,2017-11-18,test,1,115,9,2
65,2017-11-20,test,1,120,1,1
65,2017-11-25,test,1,120,5,0
65,2017-11-27,test,1,120,2,1
65,2017-11-30,test,1,120,2,0
65,2017-12-02,test,1,120,1,0
65,2017-12-08,test,1,120,4,2
65,2017-12-20,test,1,114,20,2
653,2017-04-07,train,1,120,8,1
653,2017-04-12,train,1,120,2,1
653,2017-04-20,train,1,120,34,16
653,2017-05-02,train,1,120,2,0
653,2017-05-27,train,1,120,24,6
653,2017-07-04,train,1,120,2,2
653,2017-08-12,train,1,120,33,5
653,2017-09-06,train,1,120,3,3
653,2017-09-15,train,1,120,16,5
653,2017-10-10,validation,1,120,58,24
653,2017-10-13,validation,1,120,1,0
653,2017-10-16,validation,1,120,12,4
653,2017-10-29,validation,1,120,64,10
653,2017-11-02,test,1,120,8,0
653,2017-11-08,test,1,120,39,16
653,2017-11-09,test,1,120,20,3
653,2017-11-13,test,1,120,16,7
653,2017-11-15,test,1,120,10,1
653,2017-11-22,test,1,120,56,19
653,2017-11-28,test,1,120,35,9
653,2017-12-02,test,1,120,7,1
653,2017-12-04,test,1,120,34,11
653,2017-12-14,test,1,120,22,10
653,2017-12-22,test,1,120,37,12
653,2017-12-24,test,1,120,10,0
657,2017-06-12,train,0,6,3,2
657,2017-07-29,train,0,7,1,1
657,2017-10-20,validation,0,7,2,1
66,2017-05-19,train,0,23,2,0
66,2017-06-23,train,1,37,1,1
66,2017-10-06,validation,1,24,1,0
66,2017-11-22,test,1,14,12,1
660,2017-04-03,train,1,120,10,5
660,2017-04-11,train,1,120,5,3
660,2017-04-15,train,1,120,18,3
660,2017-04-25,train,1,120,46,17
660,2017-04-28,train,1,120,7,0
660,2017-05-10,train,1,120,9,3
660,2017-05-16,train,1,120,13,3
660,2017-05-24,train,1,120,5,2
660,2017-06-05,train,1,120,18,11
660,2017-06-10,train,1,120,17,8
660,2017-06-28,train,1,120,9,3
660,2017-07-06,train,1,120,11,2
660,2017-08-02,train,1,120,38,5
660,2017-08-15,train,1,120,2,1
660,2017-09-01,train,1,120,28,7
660,2017-09-21,train,1,120,9,1
660,2017-10-01,validation,1,120,8,2
660,2017-10-23,validation,1,120,13,7
660,2017-10-31,validation,1,120,7,2
660,2017-11-01,test,1,120,1,1
660,2017-11-04,test,1,120,6,0
660,2017-11-05,test,1,120,4,1
660,2017-11-06,test,1,120,5,1
660,2017-11-09,test,1,120,3,2
660,2017-11-15,test,1,120,11,4
660,2017-12-01,test,1,120,6,3
660,2017-12-05,test,1,120,21,7
660,2017-12-08,test,1,120,40,4
660,2017-12-12,test,1,120,1,1
660,2017-12-14,test,1,120,6,1
660,2017-12-31,test,1,120,9,1
664,2017-04-08,train,0,54,3,1
664,2017-06-25,train,1,83,3,2
664,2017-10-14,validation,1,47,50,10
664,2017-11-06,test,1,65,8,2
664,2017-11-07,test,1,71,3,0
664,2017-11-20,test,1,74,20,0
664,2017-12-23,test,1,91,13,3
664,2017-12-31,test,1,101,27,1
670,2017-04-08,train,1,120,6,4
670,2017-04-15,train,1,120,2,0
670,2017-04-24,train,1,120,19,6
670,2017-05-11,train,1,120,3,1
670,2017-05-23,train,1,120,4,2
670,2017-05-28,train,1,120,16,10
670,2017-06-03,train,1,120,3,1
670,2017-06-08,train,1,120,7,0
670,2017-06-20,train,1,120,1,1
670,2017-07-05,train,1,120,29,9
670,2017-07-10,train,1,120,8,2
670,2017-07-28,train,1,120,6,1
670,2017-08-07,train,1,120,29,7
670,2017-08-14,train,1,120,23,4
670,2017-08-20,train,1,120,16,7
670,2017-08-25,train,1,120,6,0
670,2017-09-06,train,1,120,7,2
670,2017-09-18,train,1,120,3,1
670,2017-09-28,train,1,120,5,1
670,2017-10-03,validation,1,120,4,0
670,2017-10-07,validation,1,120,18,5
670,2017-10-13,validation,1,120,1,0
670,2017-10-16,validation,1,120,28,13
670,2017-10-17,validation,1,120,2,0
670,2017-10-23,validation,1,120,11,2
670,2017-10-26,validation,1,120,4,4
670,2017-10-30,validation,1,120,23,11
670,2017-11-04,test,1,120,7,4
670,2017-11-07,test,1,120,5,1
670,2017-11-14,test,1,120,7,1
670,2017-11-15,test,1,120,1,1
670,2017-11-21,test,1,120,37,9
670,2017-11-22,test,1,120,2,0
670,2017-11-29,test,1,120,27,10
670,2017-12-11,test,1,120,3,2
670,2017-12-15,test,1,120,3,2
670,2017-12-29,test,1,120,24,8
671,2017-04-19,train,1,70,6,3
671,2017-05-06,train,1,102,4,1
671,2017-05-29,train,1,118,2,1
671,2017-06-30,train,1,120,4,3
671,2017-07-20,train,1,120,10,5
671,2017-08-02,train,1,120,2,1
671,2017-08-18,train,1,120,3,1
671,2017-09-06,train,1,120,1,1
671,2017-09-17,train,1,120,2,2
671,2017-10-13,validation,1,118,5,3
671,2017-10-21,validation,1,118,8,4
671,2017-11-05,test,1,92,4,3
671,2017-11-21,test,1,92,8,5
671,2017-11-23,test,1,86,1,1
671,2017-11-29,test,1,84,27,13
671,2017-12-02,test,1,98,2,1
671,2017-12-08,test,1,99,14,7
671,2017-12-11,test,1,106,3,0
671,2017-12-12,test,1,109,4,2
671,2017-12-16,test,1,111,2,2
671,2017-12-23,test,1,106,1,0
671,2017-12-28,test,1,106,25,18
671,2017-12-30,test,1,113,6,1
672,2017-05-14,train,1,82,7,2
672,2017-05-27,train,1,94,3,0
672,2017-06-12,train,1,103,2,1
672,2017-06-28,train,1,108,21,7
672,2017-07-09,train,1,120,6,3
672,2017-08-31,train,1,112,15,7
672,2017-10-08,validation,1,95,2,1
672,2017-10-14,validation,1,95,6,3
672,2017-10-23,validation,1,98,2,1
672,2017-10-28,validation,1,99,50,15
672,2017-11-03,test,1,120,2,1
672,2017-11-06,test,1,120,3,2
672,2017-11-12,test,1,120,2,0
672,2017-11-22,test,1,120,18,6
672,2017-11-26,test,1,120,4,2
672,2017-11-28,test,1,120,1,0
672,2017-12-10,test,1,120,3,2
672,2017-12-14,test,1,120,3,1
672,2017-12-18,test,1,120,12,3
672,2017-12-19,test,1,120,7,1
672,2017-12-22,test,1,120,47,9
672,2017-12-30,test,1,120,3,1
674,2017-04-02,train,1,120,16,7
674,2017-04-18,train,1,120,1,0
674,2017-05-25,train,1,120,6,2
674,2017-06-13,train,1,120,8,0
674,2017-06-17,train,1,120,69,13
674,2017-07-16,train,1,120,2,0
674,2017-07-30,train,1,120,1,0
674,2017-08-07,train,1,120,6,1
674,2017-08-14,train,1,120,3,0
674,2017-09-12,train,1,120,53,20
674,2017-10-07,validation,1,120,25,6
674,2017-10-11,validation,1,120,1,0
674,2017-10-13,validation,1,120,1,0
674,2017-10-22,validation,1,120,16,4
674,2017-10-23,validation,1,120,33,14
674,2017-10-26,validation,1,120,5,1
674,2017-10-29,validation,1,120,24,6
674,2017-11-04,test,1,120,70,16
674,2017-11-05,test,1,120,57,14
674,2017-11-21,test,1,120,42,16
674,2017-11-22,test,1,120,31,9
674,2017-11-29,test,1,120,20,10
674,2017-12-03,test,1,120,4,1
674,2017-12-05,test,1,120,27,14
674,2017-12-23,test,1,120,22,10
674,2017-12-24,test,1,120,4,0
677,2017-04-22,train,1,76,2,1
677,2017-06-11,train,1,116,6,1
677,2017-08-07,train,1,89,15,2
677,2017-09-24,train,1,96,32,2
677,2017-10-15,validation,1,118,2,2
680,2017-04-21,train,1,120,13,4
680,2017-05-13,train,1,120,51,22
680,2017-06-02,train,1,120,9,4
680,2017-06-21,train,1,120,65,25
680,2017-07-06,train,1,120,12,6
680,2017-07-16,train,1,120,38,17
680,2017-08-04,train,1,120,13,6
680,2017-09-01,train,1,120,6,2
680,2017-09-30,train,1,120,12,2
680,2017-10-03,validation,1,120,14,4
680,2017-10-05,validation,1,120,4,2
680,2017-10-08,validation,1,120,4,2
680,2017-10-24,validation,1,120,12,2
680,2017-10-29,validation,1,120,49,20
680,2017-11-03,test,1,120,4,1
680,2017-11-06,test,1,120,1,0
680,2017-11-21,test,1,120,10,4
680,2017-11-23,test,1,120,3,3
680,2017-11-25,test,1,120,54,29
680,2017-12-09,test,1,120,12,6
680,2017-12-15,test,1,120,11,4
680,2017-12-29,test,1,120,53,22
681,2017-04-18,train,1,64,19,14
681,2017-05-20,train,1,77,1,1
681,2017-07-02,train,1,84,18,14
681,2017-08-26,train,1,67,11,10
681,2017-09-22,train,1,63,1,0
681,2017-10-22,validation,1,59,14,9
681,2017-10-30,validation,1,64,1,0
681,2017-11-07,test,1,57,13,10
681,2017-11-20,test,1,60,16,10
681,2017-11-23,test,1,66,1,0
681,2017-12-15,test,1,59,20,12
681,2017-12-24,test,1,67,2,0
69,2017-04-22,train,1,120,9,4
69,2017-06-01,train,1,120,3,0
69,2017-06-05,train,1,120,27,8
69,2017-06-09,train,1,120,3,0
69,2017-06-14,train,1,120,5,2
69,2017-06-22,train,1,120,1,1
69,2017-06-26,train,1,120,9,2
69,2017-07-04,train,1,120,10,2
69,2017-07-10,train,1,120,25,4
69,2017-07-24,train,1,120,11,5
69,2017-08-01,train,1,120,3,0
69,2017-08-07,train,1,120,5,4
69,2017-08-20,train,1,120,4,3
69,2017-08-28,train,1,120,3,0
69,2017-09-04,train,1,120,4,2
69,2017-09-08,train,1,120,5,1
69,2017-09-15,train,1,120,8,1
69,2017-09-20,train,1,120,3,0
69,2017-09-30,train,1,120,3,2
69,2017-10-01,validation,1,120,2,1
69,2017-10-02,validation,1,120,19,9
69,2017-10-12,validation,1,120,1,1
69,2017-10-15,validation,1,120,22,8
69,2017-10-17,validation,1,120,3,2
69,2017-10-22,validation,1,120,10,8
69,2017-10-26,validation,1,120,10,3
69,2017-10-27,validation,1,120,2,1
69,2017-10-28,validation,1,120,1,0
69,2017-10-30,validation,1,120,12,2
69,2017-11-05,test,1,120,25,9
69,2017-11-06,test,1,120,11,6
69,2017-11-12,test,1,120,2,1
69,2017-11-14,test,1,120,4,1
69,2017-11-15,test,1,120,5,0
69,2017-11-16,test,1,120,5,1
69,2017-11-20,test,1,120,18,9
69,2017-11-23,test,1,120,1,0
69,2017-11-25,test,1,120,14,8
69,2017-11-28,test,1,120,3,0
69,2017-11-30,test,1,120,4,0
69,2017-12-01,test,1,120,20,7
69,2017-12-05,test,1,120,7,3
69,2017-12-07,test,1,120,12,4
69,2017-12-08,test,1,120,10,4
69,2017-12-09,test,1,120,2,0
69,2017-12-12,test,1,120,3,0
69,2017-12-13,test,1,120,5,1
69,2017-12-14,test,1,120,12,4
69,2017-12-15,test,1,120,1,1
69,2017-12-19,test,1,120,2,1
69,2017-12-22,test,1,120,77,22
69,2017-12-27,test,1,120,32,6
690,2017-04-13,train,1,120,1,1
690,2017-04-26,train,1,120,3,2
690,2017-05-07,train,1,120,5,2
690,2017-05-22,train,1,120,5,0
690,2017-05-30,train,1,120,10,2
690,2017-06-06,train,1,120,5,0
690,2017-06-12,train,1,120,2,0
690,2017-06-23,train,1,120,1,0
690,2017-07-04,train,1,120,69,11
690,2017-07-12,train,1,120,5,0
690,2017-07-31,train,1,120,2,1
690,2017-08-11,train,1,120,2,0
690,2017-08-18,train,1,120,7,3
690,2017-09-04,train,1,120,2,1
690,2017-09-19,train,1,120,7,2
690,2017-10-01,validation,1,120,5,2
690,2017-10-07,validation,1,120,5,4
690,2017-10-10,validation,1,120,1,0
690,2017-10-14,validation,1,120,2,0
690,2017-10-15,validation,1,120,2,2
690,2017-11-03,test,1,120,12,3
690,2017-11-06,test,1,120,9,6
690,2017-11-09,test,1,120,14,5
690,2017-11-10,test,1,120,2,2
690,2017-11-17,test,1,120,3,0
690,2017-11-20,test,1,120,5,3
690,2017-11-22,test,1,120,1,1
690,2017-11-29,test,1,120,2,2
690,2017-12-01,test,1,120,2,0
690,2017-12-03,test,1,120,3,2
690,2017-12-16,test,1,120,6,0
690,2017-12-20,test,1,120,3,3
690,2017-12-21,test,1,120,2,0
690,2017-12-26,test,1,120,12,2
690,2017-12-31,test,1,120,22,8
691,2017-04-16,train,1,69,12,8
691,2017-05-12,train,1,97,9,7
691,2017-06-04,train,1,108,4,4
691,2017-07-18,train,1,120,1,1
691,2017-08-18,train,1,120,8,1
691,2017-11-07,test,1,86,14,5
691,2017-11-12,test,1,87,40,9
691,2017-12-02,test,1,113,2,0
691,2017-12-15,test,1,115,9,1
695,2017-04-10,train,1,120,1,0
695,2017-04-25,train,1,120,3,1
695,2017-04-30,train,1,120,14,8
695,2017-05-13,train,1,120,3,1
695,2017-05-27,train,1,120,3,0
695,2017-06-01,train,1,120,6,1
695,2017-06-11,train,1,120,28,11
695,2017-06-30,train,1,120,2,0
695,2017-07-03,train,1,120,1,0
695,2017-07-11,train,1,120,5,2
695,2017-07-22,train,1,120,2,0
695,2017-07-30,train,1,120,35,19
695,2017-08-18,train,1,120,1,1
695,2017-09-01,train,1,120,3,0
695,2017-09-10,train,1,120,28,16
695,2017-09-27,train,1,120,1,0
695,2017-10-03,validation,1,120,13,9
695,2017-10-13,validation,1,120,5,1
695,2017-10-15,validation,1,120,62,26
695,2017-10-22,validation,1,120,27,11
695,2017-10-31,validation,1,120,2,2
695,2017-11-01,test,1,120,3,1
695,2017-11-05,test,1,120,43,22
695,2017-11-16,test,1,120,12,3
695,2017-11-20,test,1,120,42,13
695,2017-12-03,test,1,120,51,20
695,2017-12-04,test,1,120,14,2
695,2017-12-11,test,1,120,1,0
695,2017-12-17,test,1,120,2,0
695,2017-12-18,test,1,120,1,0
695,2017-12-20,test,1,120,94,24
695,2017-12-21,test,1,120,9,0
695,2017-12-22,test,1,120,6,0
695,2017-12-24,test,1,120,2,0
695,2017-12-27,test,1,120,1,1
695,2017-12-30,test,1,120,21,9
695,2017-12-31,test,1,120,9,1
697,2017-04-04,train,1,111,14,6
697,2017-06-05,train,1,120,32,12
697,2017-07-10,train,1,120,10,0
697,2017-08-03,train,1,120,6,1
697,2017-08-23,train,1,120,26,7
697,2017-11-30,test,1,120,5,0
699,2017-04-05,train,1,120,25,9
699,2017-04-12,train,1,120,20,6
699,2017-05-02,train,1,120,8,0
699,2017-05-17,train,1,120,28,10
699,2017-06-10,train,1,120,5,1
699,2017-07-15,train,1,120,18,10
699,2017-08-06,train,1,120,1,0
699,2017-08-11,train,1,120,66,32
699,2017-09-07,train,1,120,15,9
699,2017-10-06,validation,1,120,41,22
699,2017-10-26,validation,1,120,20,10
699,2017-11-04,test,1,120,34,20
699,2017-11-10,test,1,120,20,7
699,2017-11-21,test,1,120,40,22
699,2017-12-01,test,1,120,40,22
699,2017-12-07,test,1,120,2,2
699,2017-12-19,test,1,120,55,25
708,2017-04-26,train,1,93,24,7
708,2017-05-12,train,1,120,1,1
708,2017-06-02,train,1,120,5,0
708,2017-06-30,train,1,120,2,0
708,2017-08-03,train,1,120,2,0
708,2017-09-03,train,1,120,24,5
708,2017-10-16,validation,1,120,6,2
708,2017-11-07,test,1,120,4,2
708,2017-11-15,test,1,120,25,5
708,2017-12-08,test,1,120,16,6
708,2017-12-17,test,1,112,17,3
708,2017-12-20,test,1,120,14,7
710,2017-04-13,train,1,120,1,0
710,2017-04-23,train,1,120,15,4
710,2017-05-11,train,1,120,11,1
710,2017-05-23,train,1,120,1,0
710,2017-05-31,train,1,120,17,0
710,2017-06-12,train,1,120,8,2
710,2017-06-28,train,1,120,9,6
710,2017-07-09,train,1,120,5,2
710,2017-07-22,train,1,120,1,1
710,2017-08-01,train,1,120,11,3
710,2017-08-11,train,1,120,5,1
710,2017-08-20,train,1,120,24,7
710,2017-08-29,train,1,120,1,0
710,2017-09-08,train,1,120,12,7
710,2017-09-15,train,1,120,5,2
710,2017-09-27,train,1,120,13,6
710,2017-10-04,validation,1,120,2,1
710,2017-10-06,validation,1,120,6,0
710,2017-10-11,validation,1,120,6,3
710,2017-10-21,validation,1,120,2,1
710,2017-10-23,validation,1,120,2,1
710,2017-10-25,validation,1,120,4,3
710,2017-10-26,validation,1,120,4,3
710,2017-10-28,validation,1,120,3,0
710,2017-10-30,validation,1,120,2,1
710,2017-10-31,validation,1,120,4,1
710,2017-11-01,test,1,120,2,1
710,2017-11-04,test,1,120,22,2
710,2017-11-05,test,1,120,3,2
710,2017-11-09,test,1,120,9,5
710,2017-11-14,test,1,120,3,1
710,2017-11-16,test,1,120,2,1
710,2017-11-19,test,1,120,4,2
710,2017-11-23,test,1,120,9,1
710,2017-11-29,test,1,120,4,2
710,2017-12-01,test,1,120,4,0
710,2017-12-08,test,1,120,10,5
710,2017-12-09,test,1,120,1,1
710,2017-12-10,test,1,120,3,3
710,2017-12-13,test,1,120,7,4
710,2017-12-18,test,1,120,16,3
710,2017-12-19,test,1,120,3,3
710,2017-12-22,test,1,120,16,6
710,2017-12-24,test,1,120,9,2
710,2017-12-31,test,1,120,7,0
712,2017-04-06,train,1,120,6,0
712,2017-04-13,train,1,120,14,5
712,2017-04-20,train,1,120,13,7
712,2017-05-01,train,1,120,18,7
712,2017-05-06,train,1,120,26,16
712,2017-05-12,train,1,120,2,1
712,2017-05-22,train,1,120,35,21
712,2017-05-29,train,1,120,12,5
712,2017-06-05,train,1,120,13,6
712,2017-06-29,train,1,120,43,20
712,2017-07-12,train,1,120,6,4
712,2017-07-18,train,1,120,31,11
712,2017-07-28,train,1,120,2,2
712,2017-08-05,train,1,120,6,1
712,2017-08-12,train,1,120,34,14
712,2017-08-28,train,1,120,5,3
712,2017-09-02,train,1,120,39,20
712,2017-09-12,train,1,120,38,17
712,2017-09-19,train,1,120,4,3
712,2017-10-04,validation,1,120,1,1
712,2017-10-09,validation,1,120,15,8
712,2017-10-11,validation,1,120,5,1
712,2017-10-13,validation,1,120,8,4
712,2017-10-14,validation,1,120,2,0
712,2017-10-16,validation,1,120,14,8
712,2017-10-20,validation,1,120,39,18
712,2017-10-22,validation,1,120,2,1
712,2017-10-25,validation,1,120,20,5
712,2017-10-27,validation,1,120,4,2
712,2017-11-01,test,1,120,13,4
712,2017-11-06,test,1,120,1,1
712,2017-11-08,test,1,120,6,4
712,2017-11-09,test,1,120,15,4
712,2017-11-11,test,1,120,26,12
712,2017-11-17,test,1,120,18,5
712,2017-11-22,test,1,120,21,10
712,2017-11-25,test,1,120,7,4
712,2017-11-29,test,1,120,8,1
712,2017-12-02,test,1,120,35,17
712,2017-12-03,test,1,120,4,1
712,2017-12-07,test,1,120,14,6
712,2017-12-11,test,1,120,33,16
712,2017-12-16,test,1,120,31,13
712,2017-12-24,test,1,120,36,14
712,2017-12-29,test,1,120,14,10
714,2017-04-01,train,1,95,5,0
714,2017-04-04,train,1,114,3,2
714,2017-04-08,train,1,118,2,2
714,2017-04-16,train,1,120,3,2
714,2017-04-27,train,1,120,1,0
714,2017-05-01,train,1,120,1,1
714,2017-05-24,train,1,120,6,4
714,2017-05-28,train,1,120,7,4
714,2017-06-03,train,1,120,7,3
714,2017-06-06,train,1,120,6,3
714,2017-06-13,train,1,120,6,1
714,2017-06-24,train,1,120,26,7
714,2017-07-01,train,1,120,30,12
714,2017-07-08,train,1,120,5,5
714,2017-07-16,train,1,120,14,10
714,2017-07-24,train,1,120,6,5
714,2017-08-06,train,1,120,6,3
714,2017-08-15,train,1,120,3,0
714,2017-08-26,train,1,120,9,6
714,2017-08-30,train,1,120,2,1
714,2017-09-08,train,1,120,4,3
714,2017-09-14,train,1,120,2,1
714,2017-09-22,train,1,120,5,3
714,2017-09-27,train,1,120,4,3
714,2017-10-02,validation,1,120,2,1
714,2017-10-04,validation,1,120,8,5
714,2017-10-07,validation,1,120,8,5
714,2017-10-13,validation,1,120,3,2
714,2017-10-14,validation,1,120,1,1
714,2017-10-18,validation,1,120,13,9
714,2017-10-22,validation,1,120,2,0
714,2017-10-24,validation,1,120,2,1
714,2017-10-25,validation,1,120,1,0
714,2017-10-27,validation,1,120,6,5
714,2017-10-30,validation,1,120,2,0
714,2017-11-01,test,1,120,4,3
714,2017-11-03,test,1,120,16,8
714,2017-11-04,test,1,120,23,10
714,2017-11-11,test,1,120,6,4
714,2017-11-19,test,1,120,7,4
714,2017-11-21,test,1,120,2,0
714,2017-11-25,test,1,120,1,1
714,2017-11-26,test,1,120,12,5
714,2017-11-28,test,1,120,1,1
714,2017-12-01,test,1,120,9,3
714,2017-12-03,test,1,120,86,6
714,2017-12-06,test,1,120,14,6
714,2017-12-07,test,1,120,6,1
714,2017-12-14,test,1,120,1,1
714,2017-12-16,test,1,120,12,6
714,2017-12-22,test,1,120,7,3
714,2017-12-24,test,1,120,6,3
714,2017-12-29,test,1,120,1,0
715,2017-05-03,train,1,115,8,2
715,2017-05-25,train,1,120,9,3
715,2017-06-03,train,1,120,17,3
715,2017-06-12,train,1,120,1,0
715,2017-06-29,train,1,120,29,5
715,2017-07-03,train,1,120,11,5
715,2017-07-07,train,1,120,1,0
715,2017-07-23,train,1,120,18,6
715,2017-08-10,train,1,120,6,2
715,2017-09-03,train,1,120,1,0
715,2017-09-10,train,1,120,10,4
715,2017-09-30,train,1,120,8,3
715,2017-10-07,validation,1,120,6,1
715,2017-10-14,validation,1,120,45,7
715,2017-10-27,validation,1,120,1,0
715,2017-11-04,test,1,120,14,6
715,2017-11-05,test,1,120,6,4
715,2017-11-09,test,1,120,4,0
715,2017-11-19,test,1,120,19,6
715,2017-11-22,test,1,120,28,4
715,2017-11-27,test,1,120,8,4
715,2017-12-01,test,1,120,18,7
715,2017-12-02,test,1,120,2,1
715,2017-12-04,test,1,120,6,4
715,2017-12-17,test,1,120,4,3
715,2017-12-19,test,1,120,2,1
715,2017-12-23,test,1,120,6,4
715,2017-12-24,test,1,120,7,3
715,2017-12-29,test,1,120,2,0
719,2017-05-24,train,1,37,7,1
719,2017-10-14,validation,1,26,16,1
719,2017-10-21,validation,1,28,20,1
719,2017-12-03,test,1,40,16,6
719,2017-12-10,test,1,50,4,0
719,2017-12-15,test,1,54,9,2
719,2017-12-23,test,1,61,16,3
725,2017-04-06,train,1,120,69,27
725,2017-04-21,train,1,120,2,2
725,2017-05-01,train,1,120,5,2
725,2017-05-10,train,1,120,21,11
725,2017-05-24,train,1,120,22,14
725,2017-06-06,train,1,120,32,19
725,2017-06-14,train,1,120,1,0
725,2017-07-18,train,1,120,21,8
725,2017-08-11,train,1,120,31,19
725,2017-09-04,train,1,120,6,3
725,2017-09-21,train,1,120,82,36
725,2017-10-06,validation,1,120,54,30
725,2017-10-08,validation,1,120,8,4
725,2017-10-18,validation,1,120,18,13
725,2017-10-25,validation,1,120,51,25
725,2017-10-26,validation,1,120,9,4
725,2017-10-30,validation,1,120,1,0
725,2017-11-01,test,1,120,26,11
725,2017-11-02,test,1,120,3,1
725,2017-11-07,test,1,120,33,10
725,2017-11-09,test,1,120,2,0
725,2017-11-15,test,1,120,22,9
725,2017-12-07,test,1,120,46,30
725,2017-12-13,test,1,120,6,3
725,2017-12-20,test,1,120,23,9
725,2017-12-31,test,1,120,6,2
726,2017-04-07,train,1,116,8,0
726,2017-05-05,train,1,120,11,0
726,2017-05-22,train,1,120,3,0
726,2017-06-03,train,1,120,8,2
726,2017-06-14,train,1,120,3,1
726,2017-06-28,train,1,120,3,0
726,2017-08-20,train,1,120,1,0
726,2017-10-04,validation,1,120,8,0
726,2017-10-07,validation,1,120,5,0
726,2017-10-09,validation,1,120,9,2
726,2017-10-17,validation,1,120,9,0
726,2017-10-31,validation,1,120,24,0
726,2017-11-03,test,1,120,8,0
726,2017-11-08,test,1,120,2,0
726,2017-12-31,test,1,95,31,4
728,2017-04-04,train,1,120,16,6
728,2017-04-09,train,1,120,13,6
728,2017-04-17,train,1,120,4,2
728,2017-04-22,train,1,120,9,1
728,2017-04-26,train,1,120,2,0
728,2017-05-06,train,1,120,21,13
728,2017-05-13,train,1,120,3,1
728,2017-05-20,train,1,120,16,8
728,2017-05-23,train,1,120,11,8
728,2017-05-29,train,1,120,24,9
728,2017-06-04,train,1,120,15,7
728,2017-06-14,train,1,120,4,1
728,2017-06-19,train,1,120,2,1
728,2017-06-25,train,1,120,10,5
728,2017-07-04,train,1,120,2,1
728,2017-07-11,train,1,120,2,1
728,2017-07-22,train,1,120,3,2
728,2017-07-28,train,1,120,2,2
728,2017-08-07,train,1,120,4,2
728,2017-08-15,train,1,120,4,3
728,2017-08-26,train,1,120,3,1
728,2017-09-10,train,1,120,1,0
728,2017-10-14,validation,1,120,8,1
728,2017-11-01,test,1,120,33,8
728,2017-11-06,test,1,120,2,0
728,2017-11-07,test,1,120,2,0
728,2017-11-13,test,1,120,25,11
728,2017-11-18,test,1,120,4,1
728,2017-11-21,test,1,120,2,1
728,2017-12-06,test,1,120,1,0
728,2017-12-09,test,1,120,2,2
728,2017-12-13,test,1,120,1,0
728,2017-12-31,test,1,120,7,1
729,2017-08-14,train,1,50,7,0
729,2017-11-09,test,1,40,6,0
729,2017-12-09,test,1,46,13,0
729,2017-12-11,test,1,59,1,0
729,2017-12-20,test,1,60,5,1
731,2017-04-10,train,1,120,3,2
731,2017-04-19,train,1,120,7,0
731,2017-04-26,train,1,120,3,1
731,2017-05-03,train,1,120,5,0
731,2017-05-09,train,1,120,11,1
731,2017-05-15,train,1,120,4,0
731,2017-05-23,train,1,120,13,2
731,2017-06-06,train,1,120,11,4
731,2017-06-15,train,1,120,1,0
731,2017-06-21,train,1,120,3,1
731,2017-07-04,train,1,120,7,0
731,2017-07-10,train,1,120,1,0
731,2017-08-06,train,1,120,21,3
731,2017-10-14,validation,1,120,2,0
731,2017-11-06,test,1,120,12,4
731,2017-11-09,test,1,120,1,0
731,2017-11-25,test,1,104,18,1
731,2017-12-01,test,1,112,7,0
731,2017-12-10,test,1,109,2,0
731,2017-12-18,test,1,104,2,0
731,2017-12-21,test,1,104,6,2
731,2017-12-24,test,1,108,6,0
732,2017-04-02,train,1,120,14,2
732,2017-04-19,train,1,120,15,5
732,2017-05-01,train,1,120,5,1
732,2017-06-22,train,1,120,11,4
732,2017-07-20,train,1,120,8,1
732,2017-08-30,train,1,120,37,16
732,2017-09-20,train,1,120,16,3
732,2017-10-04,validation,1,120,33,12
732,2017-10-10,validation,1,120,38,14
732,2017-10-19,validation,1,120,18,7
732,2017-10-20,validation,1,120,5,3
732,2017-10-22,validation,1,120,3,0
732,2017-10-23,validation,1,120,22,5
732,2017-10-31,validation,1,120,7,2
732,2017-11-02,test,1,120,3,2
732,2017-11-15,test,1,120,17,9
732,2017-11-22,test,1,120,42,6
732,2017-12-09,test,1,120,6,2
732,2017-12-23,test,1,120,74,21
732,2017-12-24,test,1,120,6,3
732,2017-12-30,test,1,120,16,3
733,2017-04-04,train,1,77,20,14
733,2017-05-10,train,1,88,2,1
733,2017-06-03,train,1,97,32,25
733,2017-07-02,train,1,112,10,4
733,2017-07-30,train,1,113,12,6
733,2017-09-01,train,1,108,13,4
733,2017-09-30,train,1,116,3,3
733,2017-10-08,validation,1,111,12,10
733,2017-10-14,validation,1,113,9,3
733,2017-10-19,validation,1,119,9,5
733,2017-10-25,validation,1,120,4,1
733,2017-11-05,test,1,120,16,10
733,2017-11-20,test,1,119,18,12
733,2017-11-21,test,1,120,46,7
733,2017-12-04,test,1,120,20,13
733,2017-12-06,test,1,120,4,2
733,2017-12-21,test,1,120,13,9
734,2017-04-04,train,1,18,2,0
734,2017-04-14,train,1,23,3,2
734,2017-05-05,train,1,28,4,2
734,2017-05-24,train,1,47,2,1
734,2017-06-16,train,1,51,5,0
734,2017-07-09,train,1,65,5,4
734,2017-09-07,train,1,55,2,1
734,2017-09-28,train,1,58,1,1
734,2017-10-04,validation,1,55,4,1
734,2017-10-14,validation,1,57,1,0
734,2017-10-20,validation,1,56,3,2
734,2017-10-21,validation,1,57,1,0
734,2017-10-26,validation,1,58,1,0
734,2017-11-09,test,1,57,11,1
734,2017-11-12,test,1,51,7,4
734,2017-12-04,test,1,52,15,2
734,2017-12-10,test,1,65,7,0
734,2017-12-15,test,1,70,16,2
746,2017-05-17,train,0,12,1,0
746,2017-10-18,validation,1,15,1,0
746,2017-10-29,validation,1,16,2,0
752,2017-04-07,train,1,120,1,0
752,2017-04-17,train,1,120,3,0
752,2017-04-30,train,1,120,4,0
752,2017-05-26,train,1,120,6,2
752,2017-06-26,train,1,120,9,3
752,2017-07-19,train,1,120,11,2
752,2017-08-11,train,1,120,6,0
752,2017-10-09,validation,1,110,4,0
752,2017-11-08,test,1,89,8,1
752,2017-12-08,test,1,68,23,0
755,2017-04-05,train,1,71,3,1
755,2017-05-03,train,1,114,7,3
755,2017-05-18,train,1,120,12,3
755,2017-06-05,train,1,120,2,0
755,2017-07-01,train,1,120,12,1
755,2017-07-28,train,1,120,1,1
755,2017-08-09,train,1,120,7,5
755,2017-09-02,train,1,120,39,4
755,2017-10-10,validation,1,120,16,0
755,2017-10-17,validation,1,120,6,2
755,2017-11-08,test,1,120,4,2
755,2017-11-29,test,1,120,4,1
755,2017-12-17,test,1,120,29,5
755,2017-12-22,test,1,120,10,1
755,2017-12-26,test,1,120,13,1
758,2017-05-03,train,0,7,2,0
758,2017-07-18,train,1,18,1,1
758,2017-10-09,validation,1,15,1,0
758,2017-12-09,test,1,11,4,0
758,2017-12-22,test,1,15,8,1
759,2017-07-02,train,0,8,5,0
759,2017-09-05,train,1,18,9,2
759,2017-11-27,test,1,21,10,1
759,2017-11-30,test,1,30,12,2
759,2017-12-17,test,1,40,7,2
759,2017-12-24,test,1,45,13,2
759,2017-12-30,test,1,51,4,3
759,2017-12-31,test,1,52,8,1
761,2017-04-09,train,1,120,1,1
761,2017-04-26,train,1,120,5,2
761,2017-05-09,train,1,120,22,2
761,2017-05-18,train,1,120,6,3
761,2017-05-26,train,1,120,2,0
761,2017-06-14,train,1,120,1,1
761,2017-07-04,train,1,120,50,12
761,2017-07-13,train,1,120,4,2
761,2017-07-19,train,1,120,6,2
761,2017-08-01,train,1,120,3,3
761,2017-08-08,train,1,120,36,10
761,2017-09-03,train,1,120,26,8
761,2017-09-09,train,1,120,1,0
761,2017-09-19,train,1,120,2,0
761,2017-10-04,validation,1,120,31,10
761,2017-10-06,validation,1,120,3,2
761,2017-10-07,validation,1,120,10,3
761,2017-10-10,validation,1,120,17,8
761,2017-10-14,validation,1,120,6,4
761,2017-10-16,validation,1,120,27,10
761,2017-10-22,validation,1,120,31,8
761,2017-10-26,validation,1,120,3,0
761,2017-10-27,validation,1,120,9,2
761,2017-11-02,test,1,120,9,6
761,2017-11-05,test,1,120,2,2
761,2017-11-08,test,1,120,5,3
761,2017-11-10,test,1,120,1,0
761,2017-11-11,test,1,120,34,6
761,2017-11-12,test,1,120,9,5
761,2017-11-13,test,1,120,8,1
761,2017-11-16,test,1,120,45,9
761,2017-11-19,test,1,120,2,1
761,2017-11-29,test,1,120,18,9
761,2017-12-02,test,1,120,7,3
761,2017-12-09,test,1,120,30,17
761,2017-12-11,test,1,120,8,1
761,2017-12-14,test,1,120,3,0
761,2017-12-21,test,1,120,58,18
761,2017-12-22,test,1,120,7,0
761,2017-12-31,test,1,120,9,5
766,2017-04-06,train,1,120,2,1
766,2017-04-15,train,1,120,20,7
766,2017-04-28,train,1,120,10,4
766,2017-05-11,train,1,120,26,13
766,2017-05-19,train,1,120,54,21
766,2017-06-23,train,1,120,51,18
766,2017-07-06,train,1,120,32,14
766,2017-07-28,train,1,120,52,17
766,2017-08-10,train,1,120,5,3
766,2017-09-11,train,1,120,44,16
766,2017-09-29,train,1,120,52,21
766,2017-10-05,validation,1,120,38,16
766,2017-10-11,validation,1,120,50,18
766,2017-10-18,validation,1,120,39,15
766,2017-10-23,validation,1,120,15,5
766,2017-10-26,validation,1,120,21,5
766,2017-10-29,validation,1,120,5,2
766,2017-11-02,test,1,120,42,24
766,2017-11-04,test,1,120,4,2
766,2017-11-18,test,1,120,28,9
766,2017-11-20,test,1,120,2,0
766,2017-11-27,test,1,120,26,10
766,2017-12-03,test,1,120,40,13
766,2017-12-12,test,1,120,35,18
766,2017-12-17,test,1,120,16,6
766,2017-12-23,test,1,120,40,15
775,2017-04-01,train,1,87,2,1
775,2017-06-14,train,1,92,2,0
775,2017-08-18,train,1,20,1,0
776,2017-04-13,train,1,120,5,0
776,2017-07-14,train,1,120,14,3
776,2017-08-08,train,1,120,5,1
776,2017-08-25,train,1,120,6,0
776,2017-09-29,train,1,80,2,0
776,2017-10-06,validation,1,75,15,4
776,2017-10-15,validation,1,82,1,0
776,2017-11-02,test,1,81,3,3
776,2017-11-04,test,1,81,12,6
776,2017-11-10,test,1,87,8,0
776,2017-11-21,test,1,95,2,0
776,2017-11-22,test,1,97,2,0
776,2017-11-23,test,1,99,3,0
776,2017-12-05,test,1,102,36,6
776,2017-12-09,test,1,120,1,0
776,2017-12-13,test,1,120,1,0
776,2017-12-27,test,1,120,2,1
779,2017-04-04,train,1,111,2,0
779,2017-05-16,train,1,120,2,0
779,2017-05-27,train,1,120,15,6
779,2017-06-15,train,1,120,11,1
779,2017-08-20,train,1,120,15,6
779,2017-08-27,train,1,120,3,0
779,2017-09-24,train,1,120,10,2
779,2017-10-08,validation,1,120,6,1
779,2017-10-09,validation,1,120,15,1
779,2017-10-11,validation,1,120,18,4
779,2017-10-24,validation,1,120,17,4
779,2017-10-28,validation,1,120,5,0
779,2017-10-30,validation,1,120,7,1
779,2017-11-01,test,1,120,20,2
779,2017-11-02,test,1,120,6,0
779,2017-11-23,test,1,120,4,1
779,2017-12-18,test,1,120,12,0
779,2017-12-19,test,1,120,34,7
779,2017-12-20,test,1,120,2,0
779,2017-12-23,test,1,120,7,0
782,2017-04-19,train,1,101,10,2
782,2017-05-26,train,1,120,9,3
782,2017-06-22,train,1,120,1,0
782,2017-07-11,train,1,120,2,0
782,2017-08-02,train,1,120,5,3
782,2017-10-01,validation,1,112,7,5
782,2017-10-09,validation,1,114,1,0
782,2017-10-13,validation,1,102,2,0
782,2017-12-17,test,1,71,8,4
782,2017-12-24,test,1,59,14,3
787,2017-04-15,train,1,40,2,0
787,2017-04-25,train,1,49,7,2
787,2017-05-02,train,1,55,6,3
787,2017-05-12,train,1,59,4,3
787,2017-05-21,train,1,60,2,1
787,2017-06-01,train,1,64,6,5
787,2017-06-11,train,1,65,4,1
787,2017-07-05,train,1,71,5,4
787,2017-07-19,train,1,70,9,5
787,2017-08-20,train,1,70,2,2
787,2017-09-02,train,1,68,1,0
787,2017-09-19,train,1,70,8,3
787,2017-10-04,validation,1,72,10,7
787,2017-10-10,validation,1,74,4,3
787,2017-10-15,validation,1,73,4,3
787,2017-10-21,validation,1,71,1,0
787,2017-10-22,validation,1,72,1,1
787,2017-10-27,validation,1,67,3,3
787,2017-11-06,test,1,61,4,4
787,2017-11-14,test,1,60,5,2
787,2017-11-18,test,1,63,1,1
787,2017-11-21,test,1,63,5,3
787,2017-11-27,test,1,61,1,1
787,2017-11-28,test,1,61,3,2
787,2017-12-03,test,1,60,1,0
787,2017-12-06,test,1,61,5,4
787,2017-12-09,test,1,59,5,4
787,2017-12-10,test,1,60,4,0
787,2017-12-17,test,1,64,1,1
787,2017-12-18,test,1,64,6,5
787,2017-12-24,test,1,65,1,0
787,2017-12-26,test,1,66,3,2
79,2017-04-14,train,1,120,1,0
79,2017-04-18,train,1,120,14,4
79,2017-04-22,train,1,120,1,0
79,2017-05-04,train,1,120,3,1
79,2017-05-20,train,1,120,11,4
79,2017-06-09,train,1,120,14,2
79,2017-06-15,train,1,120,2,1
79,2017-06-26,train,1,120,9,2
79,2017-07-05,train,1,120,4,4
79,2017-07-28,train,1,120,3,1
79,2017-08-08,train,1,120,46,11
79,2017-08-18,train,1,120,3,2
79,2017-09-12,train,1,120,5,2
79,2017-09-28,train,1,120,19,5
79,2017-10-13,validation,1,120,1,0
79,2017-10-20,validation,1,120,6,3
79,2017-10-27,validation,1,120,2,0
79,2017-11-02,test,1,120,23,6
79,2017-11-14,test,1,120,22,4
79,2017-11-22,test,1,120,12,3
79,2017-11-30,test,1,120,11,4
79,2017-12-11,test,1,120,1,1
79,2017-12-24,test,1,120,12,3
793,2017-04-02,train,1,16,1,0
793,2017-04-07,train,1,20,2,2
793,2017-04-16,train,1,28,1,0
793,2017-04-22,train,1,32,6,2
793,2017-05-10,train,1,46,1,0
793,2017-05-22,train,1,54,1,1
793,2017-05-31,train,1,61,2,0
793,2017-06-12,train,1,65,7,2
793,2017-06-26,train,1,74,7,2
793,2017-07-08,train,1,116,8,2
793,2017-08-24,train,1,117,14,3
793,2017-09-10,train,1,120,1,0
793,2017-10-04,validation,1,120,2,1
793,2017-10-23,validation,1,120,11,4
793,2017-11-04,test,1,120,9,1
793,2017-11-17,test,1,120,3,0
793,2017-12-04,test,1,120,6,2
793,2017-12-08,test,1,120,7,1
793,2017-12-10,test,1,120,2,0
793,2017-12-13,test,1,120,37,7
793,2017-12-30,test,1,120,1,0
793,2017-12-31,test,1,120,4,0
794,2017-04-13,train,0,76,41,5
794,2017-06-14,train,1,120,8,1
794,2017-07-19,train,1,120,19,7
794,2017-10-08,validation,1,114,8,2
794,2017-12-08,test,1,61,37,9
794,2017-12-19,test,1,83,4,2
797,2017-04-27,train,1,99,3,0
797,2017-05-10,train,1,106,14,2
797,2017-05-19,train,1,120,6,2
797,2017-05-26,train,1,120,2,0
797,2017-06-15,train,1,120,7,3
797,2017-07-04,train,1,120,14,2
797,2017-08-15,train,1,120,6,2
797,2017-08-25,train,1,120,6,0
797,2017-09-21,train,1,120,5,1
797,2017-09-29,train,1,120,12,2
797,2017-10-06,validation,1,120,8,0
797,2017-10-10,validation,1,120,3,0
797,2017-10-15,validation,1,120,11,5
797,2017-10-20,validation,1,120,6,0
797,2017-10-24,validation,1,120,10,1
797,2017-10-27,validation,1,120,1,0
797,2017-10-30,validation,1,120,13,2
797,2017-11-03,test,1,120,3,2
797,2017-11-24,test,1,120,12,5
797,2017-11-27,test,1,120,3,1
797,2017-12-16,test,1,120,2,0
797,2017-12-28,test,1,120,13,3
799,2017-04-06,train,1,120,19,3
799,2017-05-27,train,1,120,8,3
799,2017-06-11,train,1,120,5,3
799,2017-07-27,train,1,120,15,4
799,2017-09-28,train,1,117,2,0
799,2017-10-10,validation,1,101,17,5
799,2017-10-31,validation,1,113,4,2
799,2017-11-03,test,1,106,11,3
799,2017-11-09,test,1,114,15,9
799,2017-11-18,test,1,107,9,0
799,2017-12-14,test,1,88,23,6
799,2017-12-19,test,1,105,12,2
800,2017-04-05,train,1,120,13,2
800,2017-04-15,train,1,120,23,11
800,2017-04-19,train,1,120,5,5
800,2017-05-09,train,1,120,23,13
800,2017-05-21,train,1,120,36,14
800,2017-05-28,train,1,120,23,16
800,2017-06-05,train,1,120,4,1
800,2017-06-13,train,1,120,3,3
800,2017-06-20,train,1,120,1,0
800,2017-06-27,train,1,120,12,11
800,2017-07-01,train,1,120,15,8
800,2017-07-06,train,1,120,9,6
800,2017-07-10,train,1,120,6,6
800,2017-07-15,train,1,120,20,5
800,2017-07-19,train,1,120,1,0
800,2017-07-24,train,1,120,3,1
800,2017-07-29,train,1,120,2,2
800,2017-08-01,train,1,120,1,1
800,2017-08-06,train,1,120,25,16
800,2017-08-10,train,1,120,12,8
800,2017-08-17,train,1,120,3,2
800,2017-08-21,train,1,120,8,4
800,2017-08-27,train,1,120,20,15
800,2017-08-30,train,1,120,15,11
800,2017-09-02,train,1,120,2,1
800,2017-09-06,train,1,120,3,2
800,2017-09-11,train,1,120,22,14
800,2017-09-17,train,1,120,7,4
800,2017-09-21,train,1,120,2,0
800,2017-09-25,train,1,120,2,0
800,2017-09-30,train,1,120,19,13
800,2017-10-01,validation,1,120,9,6
800,2017-10-04,validation,1,120,32,17
800,2017-10-05,validation,1,120,3,1
800,2017-10-08,validation,1,120,7,3
800,2017-10-09,validation,1,120,7,4
800,2017-10-10,validation,1,120,3,3
800,2017-10-12,validation,1,120,7,5
800,2017-10-15,validation,1,120,16,12
800,2017-10-16,validation,1,120,39,19
800,2017-10-17,validation,1,120,1,1
800,2017-10-19,validation,1,120,7,4
800,2017-10-21,validation,1,120,7,4
800,2017-10-23,validation,1,120,14,9
800,2017-10-24,validation,1,120,11,5
800,2017-10-26,validation,1,120,13,9
800,2017-10-28,validation,1,120,7,6
800,2017-10-30,validation,1,120,12,4
800,2017-10-31,validation,1,120,2,2
800,2017-11-01,test,1,120,10,10
800,2017-11-02,test,1,120,7,3
800,2017-11-04,test,1,120,10,8
800,2017-11-05,test,1,120,8,7
800,2017-11-06,test,1,120,1,1
800,2017-11-07,test,1,120,20,15
800,2017-11-08,test,1,120,7,5
800,2017-11-09,test,1,120,6,1
800,2017-11-11,test,1,120,4,2
800,2017-11-12,test,1,120,9,5
800,2017-11-13,test,1,120,25,15
800,2017-11-14,test,1,120,8,5
800,2017-11-16,test,1,120,16,9
800,2017-11-19,test,1,120,8,6
800,2017-11-21,test,1,120,13,9
800,2017-11-22,test,1,120,1,0
800,2017-11-24,test,1,120,2,2
800,2017-11-25,test,1,120,19,9
800,2017-11-26,test,1,120,20,9
800,2017-11-27,test,1,120,7,4
800,2017-11-28,test,1,120,10,4
800,2017-11-29,test,1,120,8,5
800,2017-11-30,test,1,120,7,5
800,2017-12-02,test,1,120,4,1
800,2017-12-04,test,1,120,17,11
800,2017-12-06,test,1,120,9,8
800,2017-12-09,test,1,120,14,10
800,2017-12-10,test,1,120,8,7
800,2017-12-11,test,1,120,18,12
800,2017-12-13,test,1,120,11,10
800,2017-12-14,test,1,120,9,3
800,2017-12-17,test,1,120,10,8
800,2017-12-18,test,1,120,25,14
800,2017-12-21,test,1,120,2,1
800,2017-12-23,test,1,120,6,4
800,2017-12-26,test,1,120,39,26
800,2017-12-28,test,1,120,3,2
800,2017-12-30,test,1,120,4,2
803,2017-05-09,train,1,75,21,8
803,2017-06-03,train,1,97,8,3
803,2017-07-06,train,1,118,8,6
803,2017-07-19,train,1,120,11,6
803,2017-08-06,train,1,120,10,1
803,2017-08-21,train,1,120,20,5
803,2017-09-12,train,1,120,25,8
803,2017-09-29,train,1,120,11,9
803,2017-10-09,validation,1,120,2,2
803,2017-10-22,validation,1,120,8,4
803,2017-10-30,validation,1,120,8,3
803,2017-11-26,test,1,120,10,8
803,2017-12-03,test,1,120,22,8
803,2017-12-14,test,1,120,3,1
803,2017-12-21,test,1,120,9,7
803,2017-12-30,test,1,120,8,2
810,2017-06-02,train,1,28,3,1
810,2017-07-16,train,1,20,3,0
810,2017-08-06,train,1,27,5,3
810,2017-10-14,validation,1,22,3,1
810,2017-11-05,test,1,24,6,2
810,2017-11-07,test,1,26,2,1
810,2017-11-11,test,1,27,1,1
810,2017-12-02,test,1,27,1,1
817,2017-04-06,train,1,120,42,14
817,2017-04-15,train,1,120,26,11
817,2017-04-27,train,1,120,11,2
817,2017-05-03,train,1,120,34,10
817,2017-05-14,train,1,120,32,18
817,2017-05-23,train,1,120,9,3
817,2017-06-06,train,1,120,22,12
817,2017-06-20,train,1,120,10,6
817,2017-07-02,train,1,120,16,11
817,2017-07-16,train,1,120,13,7
817,2017-07-27,train,1,120,12,6
817,2017-08-08,train,1,120,4,1
817,2017-08-22,train,1,120,4,3
817,2017-09-01,train,1,120,28,8
817,2017-09-12,train,1,120,5,3
817,2017-09-25,train,1,120,11,2
817,2017-10-04,validation,1,120,19,4
817,2017-10-16,validation,1,120,15,6
817,2017-10-22,validation,1,120,12,2
817,2017-10-27,validation,1,120,11,8
817,2017-11-01,test,1,120,10,5
817,2017-11-03,test,1,120,35,13
817,2017-11-07,test,1,120,15,5
817,2017-11-09,test,1,120,7,5
817,2017-11-11,test,1,120,13,10
817,2017-11-15,test,1,120,21,7
817,2017-11-17,test,1,120,4,2
817,2017-11-19,test,1,120,9,2
817,2017-11-22,test,1,120,3,0
817,2017-11-24,test,1,120,2,1
817,2017-11-28,test,1,120,17,4
817,2017-12-04,test,1,120,6,4
817,2017-12-06,test,1,120,13,7
817,2017-12-11,test,1,120,28,4
817,2017-12-15,test,1,120,5,0
817,2017-12-19,test,1,120,7,7
817,2017-12-20,test,1,120,10,5
817,2017-12-24,test,1,120,10,6
817,2017-12-26,test,1,120,11,1
817,2017-12-30,test,1,120,26,19
817,2017-12-31,test,1,120,7,1
818,2017-05-11,train,0,13,2,0
818,2017-10-03,validation,1,10,2,0
818,2017-10-08,validation,1,12,51,0
818,2017-10-19,validation,1,63,5,0
818,2017-10-21,validation,1,68,6,1
818,2017-10-22,validation,1,73,36,4
818,2017-10-29,validation,1,105,21,5
818,2017-11-05,test,1,120,8,3
818,2017-11-08,test,1,120,41,14
818,2017-11-11,test,1,120,3,1
818,2017-11-12,test,1,120,31,9
818,2017-11-22,test,1,120,21,2
818,2017-11-26,test,1,120,19,6
818,2017-11-29,test,1,120,5,0
819,2017-10-21,validation,0,3,6,0
823,2017-04-30,train,1,87,1,0
823,2017-05-17,train,1,110,19,4
823,2017-06-04,train,1,120,10,1
823,2017-06-16,train,1,120,1,0
823,2017-07-13,train,1,120,4,1
823,2017-08-26,train,1,120,7,1
823,2017-08-29,train,1,120,2,1
823,2017-10-03,validation,1,120,17,0
823,2017-10-05,validation,1,120,2,1
823,2017-10-22,validation,1,120,12,1
823,2017-11-10,test,1,120,3,0
823,2017-11-14,test,1,120,1,0
823,2017-11-19,test,1,106,2,0
823,2017-11-21,test,1,108,1,1
823,2017-11-29,test,1,108,1,0
823,2017-12-04,test,1,99,2,1
823,2017-12-11,test,1,93,6,1
823,2017-12-12,test,1,98,8,1
823,2017-12-21,test,1,104,6,2
823,2017-12-31,test,1,106,23,2
825,2017-04-02,train,1,120,8,3
825,2017-04-09,train,1,120,24,6
825,2017-04-29,train,1,120,22,4
825,2017-05-16,train,1,120,29,6
825,2017-05-26,train,1,120,4,3
825,2017-06-17,train,1,120,6,1
825,2017-07-03,train,1,120,25,4
825,2017-07-24,train,1,120,8,3
825,2017-08-16,train,1,120,12,2
825,2017-09-02,train,1,120,54,22
825,2017-09-10,train,1,120,17,5
825,2017-09-29,train,1,120,21,5
825,2017-10-03,validation,1,120,13,6
825,2017-10-07,validation,1,120,36,12
825,2017-10-09,validation,1,120,7,0
825,2017-10-14,validation,1,120,1,0
825,2017-10-15,validation,1,120,14,2
825,2017-10-22,validation,1,120,34,7
825,2017-10-28,validation,1,120,1,0
825,2017-11-04,test,1,120,34,6
825,2017-11-12,test,1,120,37,11
825,2017-11-17,test,1,120,12,3
825,2017-11-22,test,1,120,3,0
825,2017-12-03,test,1,120,44,20
825,2017-12-09,test,1,120,8,2
825,2017-12-17,test,1,120,26,11
83,2017-04-24,train,1,42,1,0
83,2017-06-17,train,1,45,1,0
83,2017-07-16,train,1,47,1,0
83,2017-08-02,train,1,51,1,0
83,2017-08-09,train,1,51,5,0
83,2017-08-20,train,1,45,7,2
83,2017-09-21,train,1,49,1,0
83,2017-10-01,validation,1,49,4,0
83,2017-10-03,validation,1,52,1,0
83,2017-10-06,validation,1,53,2,0
83,2017-10-19,validation,1,55,4,0
83,2017-10-22,validation,1,58,2,1
83,2017-11-05,test,1,59,1,1
83,2017-11-08,test,1,59,1,0
83,2017-11-12,test,1,60,4,0
83,2017-11-16,test,1,64,2,0
83,2017-11-27,test,1,65,7,1
83,2017-12-04,test,1,70,2,0
83,2017-12-14,test,1,72,2,0
83,2017-12-16,test,1,73,1,0
83,2017-12-20,test,1,73,8,0
83,2017-12-22,test,1,81,2,1
83,2017-12-27,test,1,78,1,0
833,2017-04-08,train,0,99,22,10
833,2017-07-29,train,1,106,11,2
833,2017-08-19,train,1,120,4,3
833,2017-10-22,validation,1,56,3,1
833,2017-11-17,test,1,48,7,0
837,2017-04-29,train,0,28,3,0
837,2017-06-10,train,1,43,7,1
837,2017-08-12,train,1,63,18,1
837,2017-09-23,train,1,83,4,0
837,2017-10-13,validation,1,80,4,1
837,2017-10-25,validation,1,81,10,7
837,2017-11-11,test,1,82,18,5
837,2017-12-15,test,1,78,2,0
84,2017-05-16,train,1,59,3,0
84,2017-07-01,train,1,68,4,0
84,2017-07-10,train,1,84,4,1
84,2017-08-15,train,1,101,6,3
84,2017-09-23,train,1,58,5,1
84,2017-10-06,validation,1,62,1,1
84,2017-10-16,validation,1,62,14,7
84,2017-10-18,validation,1,69,25,5
84,2017-10-21,validation,1,89,10,4
84,2017-10-24,validation,1,95,1,0
84,2017-11-10,test,1,96,4,1
84,2017-11-15,test,1,96,13,2
84,2017-11-18,test,1,107,19,10
84,2017-11-27,test,1,115,6,3
84,2017-12-09,test,1,118,5,2
84,2017-12-15,test,1,120,5,0
84,2017-12-24,test,1,120,11,3
840,2017-04-07,train,1,120,3,1
840,2017-04-15,train,1,120,9,1
840,2017-05-05,train,1,120,11,5
840,2017-05-17,train,1,120,3,2
840,2017-05-25,train,1,120,15,2
840,2017-06-07,train,1,120,18,9
840,2017-06-25,train,1,120,8,5
840,2017-06-29,train,1,120,1,0
840,2017-07-08,train,1,120,26,4
840,2017-07-19,train,1,120,1,0
840,2017-07-24,train,1,120,41,19
840,2017-08-05,train,1,120,18,5
840,2017-08-18,train,1,120,4,2
840,2017-08-29,train,1,120,3,2
840,2017-09-16,train,1,120,4,1
840,2017-09-22,train,1,120,3,1
840,2017-09-29,train,1,120,9,2
840,2017-10-03,validation,1,120,10,7
840,2017-10-06,validation,1,120,21,6
840,2017-10-10,validation,1,120,18,5
840,2017-10-12,validation,1,120,6,1
840,2017-10-13,validation,1,120,2,0
840,2017-10-17,validation,1,120,25,9
840,2017-10-19,validation,1,120,11,2
840,2017-10-20,validation,1,120,7,0
840,2017-10-23,validation,1,120,21,4
840,2017-10-25,validation,1,120,5,2
840,2017-10-29,validation,1,120,1,0
840,2017-11-01,test,1,120,3,0
840,2017-11-04,test,1,120,6,2
840,2017-11-05,test,1,120,5,2
840,2017-11-06,test,1,120,19,7
840,2017-11-10,test,1,120,29,10
840,2017-11-13,test,1,120,3,2
840,2017-11-14,test,1,120,13,2
840,2017-11-18,test,1,120,4,1
840,2017-11-19,test,1,120,14,8
840,2017-11-20,test,1,120,3,2
840,2017-11-21,test,1,120,9,0
840,2017-11-22,test,1,120,4,0
840,2017-11-26,test,1,120,11,4
840,2017-11-27,test,1,120,17,5
840,2017-11-29,test,1,120,21,10
840,2017-11-30,test,1,120,7,0
840,2017-12-01,test,1,120,11,3
840,2017-12-07,test,1,120,14,3
840,2017-12-09,test,1,120,13,3
840,2017-12-10,test,1,120,13,7
840,2017-12-13,test,1,120,7,3
840,2017-12-17,test,1,120,4,0
840,2017-12-19,test,1,120,9,2
840,2017-12-22,test,1,120,31,10
840,2017-12-23,test,1,120,6,3
840,2017-12-27,test,1,120,9,5
840,2017-12-29,test,1,120,4,2
840,2017-12-31,test,1,120,22,6
841,2017-06-09,train,1,57,7,1
841,2017-07-08,train,1,86,17,3
841,2017-08-09,train,1,77,1,0
841,2017-09-10,train,1,73,6,3
841,2017-09-20,train,1,88,3,2
841,2017-09-28,train,1,97,4,4
841,2017-10-01,validation,1,97,5,2
841,2017-10-07,validation,1,100,23,1
841,2017-10-09,validation,1,120,7,3
841,2017-10-11,validation,1,120,14,3
841,2017-10-12,validation,1,120,7,3
841,2017-10-18,validation,1,120,11,3
841,2017-10-22,validation,1,120,8,4
841,2017-10-23,validation,1,120,2,1
841,2017-10-29,validation,1,120,2,1
841,2017-10-30,validation,1,120,6,4
841,2017-11-05,test,1,120,7,5
841,2017-11-07,test,1,120,5,0
841,2017-11-08,test,1,120,1,1
841,2017-11-12,test,1,120,5,2
841,2017-11-14,test,1,120,1,1
841,2017-12-01,test,1,120,6,4
841,2017-12-05,test,1,120,6,2
841,2017-12-12,test,1,120,4,1
841,2017-12-15,test,1,120,12,4
841,2017-12-21,test,1,120,3,1
841,2017-12-28,test,1,120,2,0
843,2017-05-08,train,1,94,12,2
843,2017-07-04,train,1,120,9,2
843,2017-09-24,train,1,111,8,4
843,2017-10-03,validation,1,120,13,3
843,2017-10-22,validation,1,120,11,4
843,2017-10-29,validation,1,120,3,1
843,2017-11-01,test,1,120,45,9
843,2017-11-03,test,1,120,8,2
843,2017-11-11,test,1,120,3,1
843,2017-11-22,test,1,120,35,6
843,2017-12-02,test,1,120,32,4
843,2017-12-03,test,1,120,13,2
843,2017-12-04,test,1,120,112,12
843,2017-12-11,test,1,120,9,2
843,2017-12-14,test,1,120,6,0
843,2017-12-17,test,1,120,2,0
844,2017-04-01,train,1,120,9,1
844,2017-04-18,train,1,120,14,4
844,2017-05-06,train,1,120,4,1
844,2017-05-24,train,1,120,6,1
844,2017-06-06,train,1,120,3,1
844,2017-07-02,train,1,120,18,10
844,2017-07-14,train,1,120,17,9
844,2017-07-24,train,1,120,17,8
844,2017-09-07,train,1,120,10,7
844,2017-09-19,train,1,120,9,3
844,2017-09-26,train,1,120,11,5
844,2017-10-05,validation,1,120,24,15
844,2017-10-11,validation,1,120,19,8
844,2017-10-18,validation,1,120,9,4
844,2017-10-22,validation,1,120,7,4
844,2017-10-24,validation,1,120,2,2
844,2017-10-31,validation,1,120,4,3
844,2017-11-03,test,1,120,16,9
844,2017-11-08,test,1,120,4,2
844,2017-11-13,test,1,120,5,3
844,2017-11-14,test,1,120,12,1
844,2017-11-15,test,1,120,2,0
844,2017-11-16,test,1,120,1,1
844,2017-11-19,test,1,120,29,7
844,2017-11-20,test,1,120,3,1
844,2017-11-23,test,1,120,9,2
844,2017-11-28,test,1,120,2,1
844,2017-12-06,test,1,120,20,10
844,2017-12-11,test,1,120,5,3
844,2017-12-12,test,1,120,7,2
844,2017-12-15,test,1,120,5,2
846,2017-04-13,train,0,26,16,2
846,2017-07-02,train,1,51,7,0
846,2017-07-17,train,1,68,3,0
846,2017-08-18,train,1,94,6,1
846,2017-10-07,validation,1,102,10,1
846,2017-10-09,validation,1,111,15,2
846,2017-10-12,validation,1,109,2,0
846,2017-10-25,validation,1,111,39,5
846,2017-11-06,test,1,120,6,2
846,2017-11-19,test,1,120,15,1
846,2017-11-27,test,1,120,21,7
846,2017-11-28,test,1,120,5,1
846,2017-12-10,test,1,120,5,2
846,2017-12-17,test,1,120,2,1
846,2017-12-22,test,1,120,8,2
86,2017-05-22,train,1,120,19,2
86,2017-07-04,train,1,120,46,10
86,2017-09-03,train,1,120,79,13
86,2017-10-11,validation,1,120,50,15
86,2017-12-03,test,1,120,45,12
86,2017-12-17,test,1,120,37,12
861,2017-05-14,train,1,43,52,12
861,2017-08-27,train,1,83,22,7
864,2017-04-16,train,1,120,19,11
864,2017-05-29,train,1,120,48,21
864,2017-06-14,train,1,120,12,7
864,2017-07-08,train,1,120,34,16
864,2017-07-24,train,1,120,7,5
864,2017-08-05,train,1,120,30,19
864,2017-08-22,train,1,120,31,14
864,2017-09-11,train,1,120,28,13
864,2017-10-02,validation,1,120,35,10
864,2017-10-05,validation,1,120,7,5
864,2017-10-11,validation,1,120,30,11
864,2017-10-16,validation,1,120,13,9
864,2017-10-22,validation,1,120,36,12
864,2017-11-01,test,1,120,19,11
864,2017-11-05,test,1,120,13,9
864,2017-11-08,test,1,120,12,7
864,2017-11-12,test,1,120,36,20
864,2017-11-20,test,1,120,35,17
864,2017-11-22,test,1,120,7,1
864,2017-11-26,test,1,120,31,13
864,2017-11-29,test,1,120,4,4
864,2017-12-03,test,1,120,45,22
864,2017-12-11,test,1,120,30,12
864,2017-12-18,test,1,120,34,19
864,2017-12-22,test,1,120,10,5
864,2017-12-26,test,1,120,25,15
864,2017-12-31,test,1,120,16,8
877,2017-05-14,train,1,98,35,20
877,2017-06-17,train,1,120,7,4
877,2017-07-29,train,1,120,33,16
877,2017-10-06,validation,1,120,23,11
877,2017-10-22,validation,1,120,5,2
877,2017-10-28,validation,1,120,26,17
877,2017-11-11,test,1,120,2,0
877,2017-11-16,test,1,120,7,1
877,2017-11-18,test,1,120,6,0
877,2017-12-07,test,1,120,2,1
877,2017-12-10,test,1,120,35,11
879,2017-04-03,train,1,84,1,0
879,2017-04-22,train,1,94,13,2
879,2017-05-12,train,1,112,2,1
879,2017-05-27,train,1,120,15,4
879,2017-06-12,train,1,120,6,4
879,2017-07-01,train,1,120,22,4
879,2017-07-28,train,1,120,4,0
879,2017-08-05,train,1,120,4,1
879,2017-09-01,train,1,120,3,2
879,2017-09-12,train,1,120,4,1
879,2017-09-23,train,1,120,13,0
879,2017-10-01,validation,1,120,7,0
879,2017-10-04,validation,1,120,10,2
879,2017-10-14,validation,1,120,14,0
879,2017-10-15,validation,1,120,1,1
879,2017-10-21,validation,1,120,13,2
879,2017-10-26,validation,1,120,9,3
879,2017-11-01,test,1,120,5,2
879,2017-11-02,test,1,120,11,4
879,2017-11-08,test,1,120,9,2
879,2017-11-09,test,1,120,7,3
879,2017-11-16,test,1,120,12,1
879,2017-11-18,test,1,120,5,2
879,2017-11-26,test,1,120,8,2
879,2017-11-30,test,1,120,5,2
879,2017-12-05,test,1,120,1,0
879,2017-12-08,test,1,120,8,2
879,2017-12-15,test,1,120,5,1
879,2017-12-16,test,1,120,2,0
879,2017-12-18,test,1,120,2,1
879,2017-12-23,test,1,120,3,2
879,2017-12-27,test,1,120,6,2
879,2017-12-31,test,1,120,5,0
88,2017-04-03,train,1,120,84,34
88,2017-04-16,train,1,120,34,9
88,2017-05-05,train,1,120,92,22
88,2017-05-19,train,1,120,12,4
88,2017-06-04,train,1,120,81,23
88,2017-06-12,train,1,120,1,1
88,2017-06-22,train,1,120,22,6
88,2017-07-09,train,1,120,82,26
88,2017-07-28,train,1,120,68,15
88,2017-08-11,train,1,120,25,8
88,2017-08-18,train,1,120,46,20
88,2017-09-03,train,1,120,13,3
88,2017-09-09,train,1,120,2,1
88,2017-09-22,train,1,120,56,19
88,2017-10-04,validation,1,120,24,9
88,2017-10-06,validation,1,120,17,8
88,2017-10-10,validation,1,120,2,0
88,2017-10-12,validation,1,120,13,9
88,2017-10-19,validation,1,120,52,23
88,2017-10-25,validation,1,120,9,6
88,2017-10-31,validation,1,120,20,10
88,2017-11-03,test,1,120,5,3
88,2017-11-04,test,1,120,67,19
88,2017-11-09,test,1,120,11,3
88,2017-11-15,test,1,120,33,14
88,2017-11-23,test,1,120,14,5
88,2017-11-24,test,1,120,7,3
88,2017-11-29,test,1,120,16,7
88,2017-12-04,test,1,120,44,12
88,2017-12-09,test,1,120,17,10
88,2017-12-13,test,1,120,20,5
88,2017-12-14,test,1,120,1,1
88,2017-12-19,test,1,120,18,9
88,2017-12-21,test,1,120,8,3
88,2017-12-23,test,1,120,4,2
88,2017-12-27,test,1,120,24,8
882,2017-04-22,train,1,120,6,0
882,2017-05-03,train,1,120,6,1
882,2017-05-10,train,1,120,5,3
882,2017-06-05,train,1,120,11,1
882,2017-07-07,train,1,120,6,0
882,2017-07-19,train,1,120,2,2
882,2017-08-14,train,1,120,1,1
882,2017-08-23,train,1,120,3,0
882,2017-09-02,train,1,104,13,2
882,2017-09-14,train,1,102,1,1
882,2017-09-19,train,1,116,5,0
882,2017-10-01,validation,1,120,5,0
882,2017-10-09,validation,1,120,1,0
882,2017-10-12,validation,1,120,2,0
882,2017-10-15,validation,1,120,2,0
882,2017-10-18,validation,1,120,3,1
882,2017-10-22,validation,1,120,4,1
882,2017-10-24,validation,1,120,1,1
882,2017-10-25,validation,1,120,6,3
882,2017-10-26,validation,1,120,1,0
882,2017-10-27,validation,1,120,4,1
882,2017-10-29,validation,1,120,5,2
882,2017-10-30,validation,1,120,19,4
882,2017-10-31,validation,1,120,6,2
882,2017-11-06,test,1,120,7,1
882,2017-11-08,test,1,120,1,0
882,2017-11-09,test,1,120,8,3
882,2017-11-13,test,1,120,5,1
882,2017-11-14,test,1,120,2,0
882,2017-11-15,test,1,120,3,0
882,2017-11-20,test,1,120,4,2
882,2017-11-23,test,1,120,8,1
882,2017-11-25,test,1,120,9,2
882,2017-11-26,test,1,120,3,2
882,2017-11-27,test,1,120,5,1
882,2017-11-29,test,1,120,2,0
882,2017-11-30,test,1,120,3,2
882,2017-12-15,test,1,120,7,2
882,2017-12-20,test,1,120,6,4
882,2017-12-22,test,1,120,11,8
882,2017-12-24,test,1,120,4,2
882,2017-12-27,test,1,120,3,0
882,2017-12-29,test,1,120,18,4
882,2017-12-30,test,1,120,3,1
882,2017-12-31,test,1,120,7,2
886,2017-04-08,train,1,57,1,0
886,2017-04-23,train,1,64,4,2
886,2017-04-30,train,1,67,7,4
886,2017-06-10,train,1,73,3,3
886,2017-06-19,train,1,76,1,1
886,2017-07-03,train,1,86,10,7
886,2017-07-11,train,1,92,2,2
886,2017-07-23,train,1,86,1,0
886,2017-08-29,train,1,86,12,1
886,2017-09-12,train,1,91,1,1
886,2017-11-26,test,1,69,6,2
886,2017-12-02,test,1,73,2,1
886,2017-12-04,test,1,74,2,0
886,2017-12-05,test,1,76,1,1
886,2017-12-13,test,1,76,2,0
886,2017-12-21,test,1,68,1,1
886,2017-12-23,test,1,68,2,0
886,2017-12-31,test,1,62,5,4
888,2017-04-02,train,1,120,59,26
888,2017-04-23,train,1,120,33,16
888,2017-05-04,train,1,120,28,8
888,2017-06-11,train,1,120,9,5
888,2017-08-03,train,1,120,34,12
888,2017-09-05,train,1,120,44,22
888,2017-10-02,validation,1,120,56,25
888,2017-10-17,validation,1,120,10,4
888,2017-10-23,validation,1,120,58,27
888,2017-10-30,validation,1,120,51,27
888,2017-11-13,test,1,120,44,21
888,2017-11-19,test,1,120,3,0
888,2017-11-20,test,1,120,37,16
888,2017-11-28,test,1,120,63,30
888,2017-12-05,test,1,120,66,33
888,2017-12-11,test,1,120,43,24
888,2017-12-18,test,1,120,62,33
888,2017-12-22,test,1,120,26,6
888,2017-12-26,test,1,120,46,23
898,2017-04-06,train,1,120,9,6
898,2017-04-16,train,1,120,4,1
898,2017-04-23,train,1,120,5,3
898,2017-04-30,train,1,120,4,2
898,2017-05-08,train,1,120,13,3
898,2017-05-23,train,1,120,4,2
898,2017-06-02,train,1,120,10,6
898,2017-06-13,train,1,120,25,12
898,2017-06-29,train,1,120,3,1
898,2017-07-05,train,1,120,5,4
898,2017-07-15,train,1,120,13,8
898,2017-07-29,train,1,120,20,8
898,2017-08-04,train,1,120,8,5
898,2017-08-12,train,1,120,1,0
898,2017-08-17,train,1,120,14,8
898,2017-08-29,train,1,120,5,2
898,2017-09-01,train,1,120,5,1
898,2017-09-06,train,1,120,7,4
898,2017-09-14,train,1,120,8,4
898,2017-09-25,train,1,120,5,4
898,2017-10-01,validation,1,120,11,7
898,2017-10-03,validation,1,120,10,5
898,2017-10-05,validation,1,120,21,11
898,2017-10-06,validation,1,120,2,2
898,2017-10-08,validation,1,120,10,5
898,2017-10-11,validation,1,120,7,4
898,2017-10-13,validation,1,120,14,6
898,2017-10-19,validation,1,120,12,11
898,2017-10-20,validation,1,120,1,0
898,2017-10-22,validation,1,120,12,5
898,2017-10-23,validation,1,120,3,2
898,2017-10-25,validation,1,120,1,1
898,2017-10-26,validation,1,120,13,10
898,2017-10-28,validation,1,120,11,3
898,2017-11-01,test,1,120,13,8
898,2017-11-02,test,1,120,20,7
898,2017-11-04,test,1,120,10,3
898,2017-11-08,test,1,120,11,5
898,2017-11-09,test,1,120,11,6
898,2017-11-11,test,1,120,5,3
898,2017-11-12,test,1,120,5,3
898,2017-11-16,test,1,120,16,10
898,2017-11-17,test,1,120,11,7
898,2017-11-19,test,1,120,9,6
898,2017-11-22,test,1,120,11,8
898,2017-11-23,test,1,120,8,2
898,2017-11-24,test,1,120,12,7
898,2017-11-26,test,1,120,5,2
898,2017-11-29,test,1,120,10,6
898,2017-12-07,test,1,120,14,10
898,2017-12-09,test,1,120,12,3
898,2017-12-10,test,1,120,10,6
898,2017-12-13,test,1,120,7,6
898,2017-12-14,test,1,120,9,6
898,2017-12-20,test,1,120,20,11
898,2017-12-22,test,1,120,2,1
903,2017-04-02,train,1,120,17,5
903,2017-05-15,train,1,120,22,6
903,2017-07-04,train,1,120,16,7
903,2017-07-30,train,1,120,4,2
903,2017-08-04,train,1,120,5,0
903,2017-09-21,train,1,120,3,0
903,2017-10-01,validation,1,120,20,8
903,2017-10-26,validation,1,120,30,10
903,2017-11-03,test,1,120,4,1
903,2017-12-24,test,1,118,4,1
904,2017-05-09,train,0,49,7,0
904,2017-06-09,train,1,87,5,2
904,2017-10-19,validation,1,57,2,0
904,2017-12-03,test,1,20,13,1
904,2017-12-17,test,1,27,4,0
904,2017-12-26,test,1,31,24,0
904,2017-12-30,test,1,55,8,1
906,2017-04-03,train,1,77,6,6
906,2017-04-07,train,1,78,4,1
906,2017-04-10,train,1,113,7,5
906,2017-04-20,train,1,117,3,3
906,2017-04-26,train,1,118,5,5
906,2017-05-02,train,1,120,7,2
906,2017-05-08,train,1,120,1,1
906,2017-05-11,train,1,120,5,3
906,2017-05-19,train,1,120,1,1
906,2017-05-26,train,1,120,4,3
906,2017-06-01,train,1,120,4,4
906,2017-06-10,train,1,120,7,6
906,2017-06-17,train,1,120,4,4
906,2017-06-28,train,1,120,9,7
906,2017-07-08,train,1,120,3,0
906,2017-07-15,train,1,120,3,3
906,2017-07-24,train,1,120,5,4
906,2017-08-02,train,1,120,4,3
906,2017-08-05,train,1,120,6,3
906,2017-08-12,train,1,120,6,4
906,2017-08-19,train,1,120,6,4
906,2017-08-23,train,1,120,4,0
906,2017-08-28,train,1,120,6,6
906,2017-09-05,train,1,120,2,2
906,2017-09-20,train,1,120,4,2
906,2017-10-06,validation,1,118,10,9
906,2017-10-07,validation,1,119,2,2
906,2017-10-09,validation,1,117,4,4
906,2017-10-13,validation,1,112,5,4
906,2017-10-20,validation,1,112,6,6
906,2017-10-21,validation,1,112,3,1
906,2017-10-26,validation,1,114,5,3
906,2017-10-28,validation,1,115,3,2
906,2017-10-31,validation,1,108,2,2
906,2017-11-01,test,1,108,7,2
906,2017-11-02,test,1,113,6,5
906,2017-11-05,test,1,114,5,5
906,2017-11-12,test,1,109,21,4
906,2017-11-15,test,1,120,1,1
906,2017-11-17,test,1,120,5,4
906,2017-11-22,test,1,120,7,2
906,2017-11-23,test,1,120,2,2
906,2017-11-25,test,1,120,4,4
906,2017-11-30,test,1,120,2,2
906,2017-12-07,test,1,120,8,5
906,2017-12-12,test,1,120,5,5
906,2017-12-14,test,1,120,8,5
906,2017-12-20,test,1,120,3,3
906,2017-12-21,test,1,120,6,3
91,2017-04-08,train,1,54,7,3
91,2017-04-13,train,1,64,3,1
91,2017-04-28,train,1,77,1,0
91,2017-05-13,train,1,82,11,3
91,2017-05-30,train,1,108,2,0
91,2017-06-14,train,1,118,3,2
91,2017-06-28,train,1,120,1,1
91,2017-07-22,train,1,120,24,7
91,2017-08-05,train,1,120,6,2
91,2017-08-27,train,1,120,7,3
91,2017-09-08,train,1,120,4,3
91,2017-09-12,train,1,120,6,3
91,2017-09-21,train,1,120,3,1
91,2017-10-03,validation,1,120,5,2
91,2017-10-06,validation,1,120,5,4
91,2017-10-08,validation,1,120,2,2
91,2017-10-10,validation,1,120,3,1
91,2017-10-13,validation,1,120,20,10
91,2017-10-15,validation,1,120,4,1
91,2017-10-16,validation,1,120,4,2
91,2017-10-18,validation,1,120,5,4
91,2017-10-22,validation,1,120,8,7
91,2017-10-23,validation,1,120,6,2
91,2017-10-25,validation,1,120,3,3
91,2017-10-28,validation,1,120,4,2
91,2017-10-29,validation,1,120,2,1
91,2017-11-01,test,1,120,2,2
91,2017-11-03,test,1,120,13,10
91,2017-11-08,test,1,120,4,4
91,2017-11-09,test,1,120,11,7
91,2017-11-11,test,1,120,1,1
91,2017-11-18,test,1,120,4,4
91,2017-11-19,test,1,120,4,1
91,2017-11-27,test,1,120,1,0
91,2017-11-28,test,1,120,8,3
91,2017-11-29,test,1,120,20,2
91,2017-11-30,test,1,120,6,2
91,2017-12-02,test,1,120,4,3
91,2017-12-06,test,1,120,4,4
91,2017-12-13,test,1,120,5,4
91,2017-12-16,test,1,120,12,3
91,2017-12-18,test,1,120,3,2
91,2017-12-22,test,1,120,8,5
91,2017-12-23,test,1,120,1,1
91,2017-12-24,test,1,120,2,2
91,2017-12-30,test,1,120,6,2
913,2017-04-13,train,1,42,6,4
913,2017-05-08,train,1,55,6,2
913,2017-06-07,train,1,66,11,7
913,2017-07-02,train,1,81,8,5
913,2017-07-27,train,1,72,2,0
913,2017-09-13,train,1,68,2,1
913,2017-09-24,train,1,68,21,4
913,2017-11-13,test,1,64,5,1
913,2017-11-26,test,1,67,5,3
913,2017-12-02,test,1,69,1,0
913,2017-12-22,test,1,59,2,1
916,2017-04-27,train,1,34,1,0
916,2017-05-16,train,1,41,2,0
916,2017-05-24,train,1,49,1,0
916,2017-06-14,train,1,57,6,2
916,2017-06-21,train,1,66,1,0
916,2017-07-23,train,1,64,5,1
916,2017-08-09,train,1,86,3,0
916,2017-08-21,train,1,97,6,2
916,2017-08-27,train,1,111,17,6
916,2017-09-14,train,1,120,4,0
916,2017-09-18,train,1,120,16,4
916,2017-09-30,train,1,120,44,7
916,2017-10-03,validation,1,120,9,5
916,2017-10-10,validation,1,120,20,11
916,2017-10-11,validation,1,120,1,0
916,2017-10-17,validation,1,120,4,3
916,2017-10-19,validation,1,120,3,2
916,2017-10-23,validation,1,120,8,2
916,2017-10-24,validation,1,120,3,0
916,2017-10-28,validation,1,120,3,2
916,2017-10-30,validation,1,120,5,0
916,2017-10-31,validation,1,120,6,5
916,2017-11-04,test,1,120,10,1
916,2017-11-08,test,1,120,6,2
916,2017-11-10,test,1,120,2,0
916,2017-11-11,test,1,120,15,7
916,2017-11-12,test,1,120,6,1
916,2017-11-13,test,1,120,3,0
916,2017-11-14,test,1,120,2,2
916,2017-11-17,test,1,120,15,0
916,2017-11-20,test,1,120,11,3
916,2017-11-23,test,1,120,1,0
916,2017-11-28,test,1,120,10,2
916,2017-11-30,test,1,120,1,0
916,2017-12-03,test,1,120,13,4
916,2017-12-07,test,1,120,3,2
916,2017-12-08,test,1,120,5,1
916,2017-12-11,test,1,120,5,0
916,2017-12-14,test,1,120,10,0
916,2017-12-15,test,1,120,4,2
916,2017-12-19,test,1,120,10,1
916,2017-12-30,test,1,120,28,9
917,2017-10-11,validation,0,12,51,2
918,2017-06-05,train,0,57,7,0
918,2017-06-15,train,1,120,15,8
918,2017-08-05,train,1,120,10,0
924,2017-05-04,train,1,56,10,6
924,2017-06-16,train,1,66,3,1
924,2017-06-30,train,1,76,11,5
924,2017-08-17,train,1,75,3,1
924,2017-09-07,train,1,81,3,1
924,2017-10-02,validation,1,80,4,2
924,2017-10-12,validation,1,75,15,3
924,2017-10-28,validation,1,85,16,4
924,2017-11-03,test,1,91,10,5
924,2017-11-09,test,1,95,1,1
924,2017-11-19,test,1,95,23,4
924,2017-12-04,test,1,110,14,7
924,2017-12-26,test,1,110,15,4
926,2017-04-05,train,1,120,14,14
926,2017-04-17,train,1,120,12,8
926,2017-04-26,train,1,120,2,2
926,2017-05-03,train,1,120,7,5
926,2017-05-10,train,1,120,19,16
926,2017-05-20,train,1,120,2,1
926,2017-05-29,train,1,120,7,6
926,2017-06-10,train,1,120,1,0
926,2017-06-28,train,1,120,13,5
926,2017-07-18,train,1,120,1,0
926,2017-07-27,train,1,120,1,0
926,2017-08-06,train,1,120,8,2
926,2017-08-19,train,1,120,20,6
926,2017-09-10,train,1,120,10,5
926,2017-09-21,train,1,120,3,0
926,2017-09-25,train,1,120,8,2
926,2017-10-08,validation,1,120,6,4
926,2017-10-11,validation,1,120,13,8
926,2017-10-16,validation,1,120,12,8
926,2017-10-18,validation,1,120,3,2
926,2017-10-21,validation,1,120,6,2
926,2017-10-22,validation,1,120,2,0
926,2017-10-24,validation,1,120,15,10
926,2017-10-29,validation,1,120,1,1
926,2017-11-06,test,1,120,9,8
926,2017-11-10,test,1,120,3,2
926,2017-11-13,test,1,120,17,10
926,2017-11-15,test,1,120,4,2
926,2017-11-19,test,1,120,4,0
926,2017-11-28,test,1,120,1,1
926,2017-12-06,test,1,120,3,0
926,2017-12-11,test,1,120,2,1
926,2017-12-13,test,1,120,1,1
926,2017-12-15,test,1,120,11,2
926,2017-12-19,test,1,120,10,4
926,2017-12-23,test,1,120,4,0
927,2017-05-06,train,1,62,6,0
927,2017-05-29,train,1,79,23,2
927,2017-06-30,train,1,120,1,0
927,2017-07-16,train,1,120,2,0
927,2017-08-05,train,1,120,14,4
927,2017-08-28,train,1,120,18,5
927,2017-10-16,validation,1,120,15,0
927,2017-10-17,validation,1,120,2,0
927,2017-12-15,test,1,120,1,0
928,2017-05-13,train,1,120,7,2
928,2017-05-21,train,1,120,3,0
928,2017-05-31,train,1,120,1,0
928,2017-06-24,train,1,120,2,0
928,2017-07-11,train,1,120,3,0
928,2017-07-19,train,1,120,2,1
928,2017-08-06,train,1,65,14,1
928,2017-08-14,train,1,81,59,7
928,2017-09-06,train,1,120,3,1
928,2017-09-30,train,1,120,8,1
928,2017-10-13,validation,1,120,3,1
928,2017-10-15,validation,1,120,2,0
928,2017-10-20,validation,1,120,1,1
928,2017-10-25,validation,1,120,1,0
928,2017-10-28,validation,1,120,93,7
928,2017-11-03,test,1,120,8,1
928,2017-11-07,test,1,120,2,0
928,2017-11-08,test,1,120,5,2
928,2017-11-10,test,1,120,11,2
928,2017-12-02,test,1,120,3,2
928,2017-12-06,test,1,120,1,0
928,2017-12-07,test,1,120,10,3
928,2017-12-09,test,1,120,2,0
928,2017-12-10,test,1,120,2,0
928,2017-12-11,test,1,120,3,1
928,2017-12-17,test,1,120,3,1
928,2017-12-21,test,1,120,8,0
928,2017-12-28,test,1,120,1,0
928,2017-12-31,test,1,120,8,1
930,2017-04-22,train,1,11,2,2
930,2017-05-28,train,1,11,3,2
930,2017-07-04,train,1,17,1,1
930,2017-08-21,train,1,17,3,1
930,2017-10-03,validation,1,17,1,0
930,2017-11-03,test,1,11,2,0
930,2017-11-06,test,1,13,2,0
930,2017-11-11,test,1,15,2,2
930,2017-11-21,test,1,15,5,0
932,2017-04-15,train,1,120,22,6
932,2017-05-07,train,1,120,57,16
932,2017-06-05,train,1,120,70,20
932,2017-06-16,train,1,120,1,0
932,2017-08-07,train,1,120,2,0
932,2017-09-05,train,1,120,17,6
932,2017-10-02,validation,1,120,13,3
932,2017-10-06,validation,1,120,1,0
932,2017-10-12,validation,1,120,15,9
932,2017-10-18,validation,1,120,16,0
932,2017-11-02,test,1,120,15,8
932,2017-11-03,test,1,120,2,1
932,2017-11-09,test,1,120,18,5
932,2017-11-17,test,1,120,19,10
932,2017-11-22,test,1,120,14,2
932,2017-11-24,test,1,120,1,0
932,2017-11-25,test,1,120,5,1
932,2017-11-29,test,1,120,27,10
932,2017-12-05,test,1,120,7,1
932,2017-12-07,test,1,120,8,1
932,2017-12-16,test,1,120,34,12
932,2017-12-23,test,1,120,46,6
933,2017-05-08,train,0,14,8,0
933,2017-05-27,train,1,30,10,1
933,2017-06-11,train,1,58,50,4
933,2017-07-23,train,1,120,28,2
933,2017-08-04,train,1,120,33,9
933,2017-08-26,train,1,120,1,1
933,2017-09-06,train,1,120,13,2
933,2017-09-21,train,1,120,10,6
933,2017-10-12,validation,1,120,8,3
933,2017-10-17,validation,1,120,8,7
933,2017-11-09,test,1,120,8,1
933,2017-11-25,test,1,120,1,0
933,2017-12-02,test,1,120,5,1
933,2017-12-03,test,1,120,21,5
933,2017-12-12,test,1,120,65,5
933,2017-12-13,test,1,120,7,0
937,2017-04-30,train,1,48,2,0
937,2017-05-20,train,1,60,1,1
937,2017-06-07,train,1,68,15,13
937,2017-07-18,train,1,71,14,1
937,2017-08-23,train,1,75,1,1
937,2017-08-30,train,1,76,13,9
937,2017-10-15,validation,1,98,29,12
937,2017-10-25,validation,1,115,17,10
937,2017-11-01,test,1,117,16,6
937,2017-11-08,test,1,120,8,6
937,2017-11-29,test,1,116,11,11
937,2017-12-12,test,1,114,46,14
937,2017-12-15,test,1,120,10,0
937,2017-12-21,test,1,120,4,0
94,2017-05-20,train,1,16,1,0
94,2017-07-18,train,1,20,5,0
94,2017-08-13,train,1,28,1,1
94,2017-10-08,validation,1,23,2,0
94,2017-11-01,test,1,18,5,1
94,2017-11-03,test,1,22,5,0
94,2017-11-19,test,1,26,4,0
94,2017-12-03,test,1,29,3,1
94,2017-12-10,test,1,31,6,0
943,2017-04-19,train,1,120,67,13
943,2017-05-03,train,1,120,5,2
943,2017-05-16,train,1,120,3,1
943,2017-05-20,train,1,120,46,15
943,2017-05-31,train,1,120,8,3
943,2017-06-20,train,1,120,14,7
943,2017-06-26,train,1,120,2,1
943,2017-07-14,train,1,120,17,8
943,2017-07-24,train,1,120,1,1
943,2017-07-30,train,1,120,20,9
943,2017-09-18,train,1,120,28,7
943,2017-10-06,validation,1,120,29,3
943,2017-10-10,validation,1,120,10,2
943,2017-10-13,validation,1,120,10,2
943,2017-10-27,validation,1,120,9,6
943,2017-11-21,test,1,120,20,7
943,2017-12-30,test,1,120,15,9
949,2017-04-05,train,1,120,21,12
949,2017-04-17,train,1,120,34,18
949,2017-05-02,train,1,120,24,17
949,2017-05-27,train,1,120,8,4
949,2017-06-14,train,1,120,13,7
949,2017-07-07,train,1,120,49,12
949,2017-08-23,train,1,120,5,2
949,2017-09-07,train,1,120,3,2
949,2017-09-26,train,1,120,7,2
949,2017-10-10,validation,1,120,21,6
949,2017-10-16,validation,1,120,18,8
949,2017-10-25,validation,1,120,4,2
949,2017-11-05,test,1,120,19,10
949,2017-11-18,test,1,120,1,0
949,2017-11-22,test,1,120,4,1
949,2017-11-28,test,1,120,36,6
949,2017-12-09,test,1,120,21,11
949,2017-12-20,test,1,120,3,1
949,2017-12-22,test,1,120,52,24
949,2017-12-24,test,1,120,24,2
949,2017-12-30,test,1,120,3,2
950,2017-05-14,train,1,120,9,4
950,2017-07-16,train,1,120,26,12
950,2017-08-19,train,1,120,20,6
950,2017-09-01,train,1,120,21,7
950,2017-09-22,train,1,120,2,1
950,2017-10-01,validation,1,120,27,9
950,2017-10-20,validation,1,120,6,1
950,2017-11-02,test,1,120,16,6
950,2017-11-06,test,1,120,16,6
950,2017-11-12,test,1,120,6,0
950,2017-11-16,test,1,120,16,5
950,2017-11-22,test,1,120,2,0
956,2017-04-01,train,1,120,3,2
956,2017-04-07,train,1,120,7,2
956,2017-04-10,train,1,120,9,1
956,2017-04-20,train,1,120,3,3
956,2017-04-23,train,1,120,2,1
956,2017-04-29,train,1,120,5,1
956,2017-05-03,train,1,120,1,1
956,2017-05-07,train,1,120,3,2
956,2017-05-15,train,1,120,5,3
956,2017-05-30,train,1,120,2,0
956,2017-06-03,train,1,120,10,3
956,2017-06-09,train,1,120,3,2
956,2017-06-14,train,1,120,8,4
956,2017-06-21,train,1,120,2,2
956,2017-06-25,train,1,120,6,0
956,2017-06-30,train,1,120,3,0
956,2017-07-03,train,1,120,10,4
956,2017-07-08,train,1,120,3,0
956,2017-07-12,train,1,120,10,6
956,2017-07-17,train,1,120,1,1
956,2017-07-20,train,1,120,3,0
956,2017-07-24,train,1,120,3,2
956,2017-07-29,train,1,120,3,0
956,2017-08-01,train,1,120,1,0
956,2017-08-04,train,1,120,4,3
956,2017-08-09,train,1,120,6,3
956,2017-08-14,train,1,120,3,1
956,2017-08-17,train,1,120,14,6
956,2017-08-20,train,1,120,3,3
956,2017-08-25,train,1,120,11,6
956,2017-08-29,train,1,120,5,4
956,2017-09-01,train,1,120,17,10
956,2017-09-07,train,1,120,2,0
956,2017-09-10,train,1,120,1,0
956,2017-09-14,train,1,120,5,2
956,2017-09-20,train,1,120,1,1
956,2017-09-26,train,1,120,1,1
956,2017-09-30,train,1,120,14,10
956,2017-10-04,validation,1,120,9,5
956,2017-10-06,validation,1,120,2,0
956,2017-10-07,validation,1,120,3,1
956,2017-10-08,validation,1,120,5,2
956,2017-10-10,validation,1,120,3,1
956,2017-10-15,validation,1,120,4,0
956,2017-10-17,validation,1,120,1,1
956,2017-10-18,validation,1,120,7,4
956,2017-10-19,validation,1,120,8,3
956,2017-10-20,validation,1,120,5,4
956,2017-10-23,validation,1,120,3,3
956,2017-10-24,validation,1,120,5,3
956,2017-10-25,validation,1,120,8,4
956,2017-10-27,validation,1,120,2,2
956,2017-10-29,validation,1,120,9,7
956,2017-10-30,validation,1,120,5,2
956,2017-10-31,validation,1,120,5,0
956,2017-11-01,test,1,120,2,1
956,2017-11-03,test,1,120,2,2
956,2017-11-07,test,1,120,1,1
956,2017-11-08,test,1,120,6,4
956,2017-11-09,test,1,120,11,8
956,2017-11-11,test,1,120,3,0
956,2017-11-14,test,1,120,4,3
956,2017-11-16,test,1,120,2,0
956,2017-11-22,test,1,120,8,5
956,2017-11-23,test,1,120,1,1
956,2017-11-25,test,1,120,5,5
956,2017-11-27,test,1,120,6,3
956,2017-11-28,test,1,120,2,1
956,2017-11-29,test,1,120,1,0
956,2017-11-30,test,1,120,17,6
956,2017-12-03,test,1,120,1,0
956,2017-12-04,test,1,120,13,3
956,2017-12-08,test,1,120,3,3
956,2017-12-09,test,1,120,2,0
956,2017-12-10,test,1,120,1,1
956,2017-12-11,test,1,120,2,1
956,2017-12-13,test,1,120,7,3
956,2017-12-15,test,1,120,2,1
956,2017-12-17,test,1,120,5,3
956,2017-12-18,test,1,120,1,0
956,2017-12-20,test,1,120,12,5
956,2017-12-21,test,1,120,15,6
956,2017-12-22,test,1,120,2,2
956,2017-12-23,test,1,120,4,2
962,2017-04-07,train,1,56,41,14
962,2017-04-25,train,1,87,1,1
962,2017-05-16,train,1,111,3,0
962,2017-07-08,train,1,120,14,4
962,2017-08-21,train,1,120,34,13
962,2017-09-17,train,1,120,15,6
962,2017-10-01,validation,1,120,1,0
962,2017-10-03,validation,1,120,22,4
962,2017-10-04,validation,1,120,2,0
962,2017-10-23,validation,1,120,19,12
962,2017-10-30,validation,1,120,5,0
962,2017-11-04,test,1,120,15,4
962,2017-11-20,test,1,120,20,9
962,2017-11-22,test,1,120,5,2
962,2017-11-27,test,1,120,4,0
962,2017-12-23,test,1,120,5,2
966,2017-10-11,validation,0,2,1,0
966,2017-10-21,validation,0,3,3,1
966,2017-11-17,test,0,4,3,0
971,2017-04-18,train,1,102,3,1
971,2017-05-02,train,1,120,3,3
971,2017-05-23,train,1,120,9,4
971,2017-06-02,train,1,120,11,2
971,2017-06-06,train,1,120,11,4
971,2017-06-16,train,1,120,15,3
971,2017-07-04,train,1,120,33,11
971,2017-07-21,train,1,120,4,1
971,2017-07-31,train,1,120,5,4
971,2017-08-22,train,1,120,10,1
971,2017-09-09,train,1,120,6,2
971,2017-09-20,train,1,120,3,2
971,2017-09-30,train,1,120,10,1
971,2017-10-01,validation,1,120,5,3
971,2017-10-08,validation,1,120,2,1
971,2017-10-10,validation,1,120,4,4
971,2017-10-11,validation,1,120,2,0
971,2017-10-15,validation,1,120,8,3
971,2017-10-17,validation,1,120,11,4
971,2017-10-20,validation,1,120,6,3
971,2017-10-21,validation,1,120,2,0
971,2017-10-23,validation,1,120,28,4
971,2017-10-27,validation,1,120,17,4
971,2017-11-03,test,1,120,9,6
971,2017-11-06,test,1,120,2,1
971,2017-11-11,test,1,120,12,0
971,2017-11-12,test,1,120,33,8
971,2017-11-19,test,1,120,13,5
971,2017-11-26,test,1,120,5,4
971,2017-11-30,test,1,120,11,5
971,2017-12-01,test,1,120,2,1
971,2017-12-05,test,1,120,3,3
971,2017-12-09,test,1,120,16,1
971,2017-12-17,test,1,120,20,0
971,2017-12-21,test,1,120,8,3
971,2017-12-23,test,1,120,3,1
972,2017-05-16,train,1,112,1,0
972,2017-06-06,train,1,116,2,1
972,2017-07-05,train,1,111,1,1
972,2017-08-25,train,1,105,4,0
972,2017-09-10,train,1,114,6,2
972,2017-09-22,train,1,82,2,1
972,2017-10-02,validation,1,84,4,3
972,2017-10-11,validation,1,85,1,1
972,2017-10-13,validation,1,85,5,4
972,2017-10-18,validation,1,86,3,1
972,2017-10-19,validation,1,88,2,2
972,2017-10-20,validation,1,88,1,1
972,2017-10-26,validation,1,88,4,2
972,2017-10-27,validation,1,90,1,1
972,2017-10-31,validation,1,90,4,1
972,2017-11-06,test,1,91,4,2
972,2017-11-10,test,1,93,3,2
972,2017-11-14,test,1,93,2,2
972,2017-11-18,test,1,91,4,2
972,2017-11-19,test,1,93,6,1
972,2017-11-22,test,1,98,1,1
972,2017-11-24,test,1,98,1,0
972,2017-12-03,test,1,99,3,3
972,2017-12-04,test,1,97,4,1
972,2017-12-07,test,1,100,8,5
972,2017-12-10,test,1,103,3,3
972,2017-12-12,test,1,103,4,4
972,2017-12-14,test,1,103,3,2
972,2017-12-15,test,1,104,3,2
972,2017-12-18,test,1,105,1,0
972,2017-12-20,test,1,106,2,2
972,2017-12-21,test,1,106,2,2
972,2017-12-27,test,1,105,4,0
972,2017-12-29,test,1,109,1,1
977,2017-04-10,train,0,42,20,3
977,2017-05-22,train,1,108,8,0
977,2017-06-19,train,1,120,14,4
977,2017-09-29,train,1,120,1,0
977,2017-10-14,validation,1,120,2,0
977,2017-10-23,validation,1,120,10,3
977,2017-10-27,validation,1,120,2,1
977,2017-11-08,test,1,104,1,1
977,2017-11-11,test,1,83,3,1
977,2017-12-07,test,1,68,29,4
977,2017-12-30,test,1,79,2,0
981,2017-07-09,train,0,42,10,3
981,2017-08-19,train,1,63,20,6
981,2017-10-14,validation,1,91,14,3
981,2017-10-21,validation,1,102,12,5
981,2017-11-04,test,1,101,16,10
981,2017-11-25,test,1,94,4,0
981,2017-12-21,test,1,98,11,2
981,2017-12-31,test,1,107,15,10
983,2017-04-09,train,1,120,4,0
983,2017-04-13,train,1,120,3,0
983,2017-04-22,train,1,120,2,1
983,2017-05-17,train,1,120,3,1
983,2017-06-06,train,1,120,20,4
983,2017-06-18,train,1,120,7,1
983,2017-07-12,train,1,120,12,1
983,2017-07-21,train,1,120,1,0
983,2017-08-02,train,1,120,6,1
983,2017-09-03,train,1,120,3,0
983,2017-09-08,train,1,120,2,2
983,2017-09-25,train,1,120,3,1
983,2017-10-06,validation,1,120,6,0
983,2017-10-17,validation,1,120,14,2
983,2017-10-18,validation,1,120,1,0
983,2017-10-21,validation,1,120,1,0
983,2017-10-23,validation,1,120,19,3
983,2017-11-01,test,1,120,3,0
983,2017-11-02,test,1,120,8,0
983,2017-11-06,test,1,120,4,0
983,2017-11-07,test,1,120,7,1
983,2017-11-10,test,1,120,5,2
983,2017-11-11,test,1,120,3,1
983,2017-11-14,test,1,120,4,2
983,2017-11-20,test,1,120,3,0
983,2017-11-22,test,1,120,1,0
983,2017-11-25,test,1,120,22,7
983,2017-11-27,test,1,120,3,0
983,2017-11-28,test,1,120,50,6
983,2017-11-29,test,1,120,3,0
983,2017-12-02,test,1,120,1,0
983,2017-12-04,test,1,120,25,9
983,2017-12-09,test,1,120,8,2
983,2017-12-19,test,1,120,2,1
983,2017-12-22,test,1,120,29,3
983,2017-12-27,test,1,120,15,2
983,2017-12-29,test,1,120,19,5
983,2017-12-30,test,1,120,1,0
984,2017-04-22,train,1,47,17,1
984,2017-06-17,train,1,66,7,0
984,2017-08-04,train,1,102,4,0
984,2017-10-01,validation,1,92,41,13
984,2017-10-08,validation,1,114,16,3
984,2017-10-28,validation,1,107,2,0
984,2017-11-07,test,1,109,25,4
984,2017-11-22,test,1,120,5,0
984,2017-12-13,test,1,120,18,1
984,2017-12-27,test,1,109,19,0
991,2017-07-23,train,0,4,5,0
991,2017-11-20,test,1,9,4,0
993,2017-04-23,train,1,120,15,6
993,2017-05-03,train,1,120,2,1
993,2017-05-13,train,1,120,27,7
993,2017-06-17,train,1,120,3,0
993,2017-06-28,train,1,120,19,8
993,2017-07-16,train,1,120,40,13
993,2017-08-01,train,1,120,14,2
993,2017-08-12,train,1,120,2,2
993,2017-08-26,train,1,120,19,12
993,2017-09-08,train,1,120,7,2
993,2017-09-15,train,1,120,2,1
993,2017-10-01,validation,1,120,39,13
993,2017-10-04,validation,1,120,2,2
993,2017-10-14,validation,1,120,9,7
993,2017-10-22,validation,1,120,13,9
993,2017-10-23,validation,1,120,4,1
993,2017-10-28,validation,1,120,7,4
993,2017-10-30,validation,1,120,6,3
993,2017-11-04,test,1,120,5,4
993,2017-11-10,test,1,120,10,2
993,2017-11-29,test,1,120,10,7
993,2017-12-03,test,1,120,5,4
993,2017-12-07,test,1,120,1,0
993,2017-12-10,test,1,120,4,3
993,2017-12-15,test,1,120,3,1
993,2017-12-21,test,1,120,19,10
993,2017-12-27,test,1,120,11,3
993,2017-12-29,test,1,120,24,7
995,2017-05-16,train,0,76,15,1
998,2017-04-07,train,1,120,12,2
998,2017-04-16,train,1,120,5,2
998,2017-04-19,train,1,120,8,2
998,2017-05-05,train,1,120,19,1
998,2017-05-10,train,1,120,44,6
998,2017-05-23,train,1,120,11,5
998,2017-06-06,train,1,120,13,2
998,2017-06-13,train,1,120,16,4
998,2017-06-18,train,1,120,10,2
998,2017-06-26,train,1,120,14,0
998,2017-07-05,train,1,120,11,1
998,2017-08-03,train,1,120,1,0
998,2017-08-14,train,1,120,10,3
998,2017-09-04,train,1,120,17,4
998,2017-09-10,train,1,120,13,3
998,2017-09-28,train,1,120,11,3
998,2017-10-04,validation,1,120,57,12
998,2017-10-12,validation,1,120,12,4
998,2017-10-18,validation,1,120,1,1
998,2017-10-22,validation,1,120,12,4
998,2017-11-05,test,1,120,41,10
998,2017-11-06,test,1,120,13,2
998,2017-11-14,test,1,120,6,2
998,2017-11-20,test,1,120,54,9
998,2017-11-29,test,1,120,34,1
998,2017-12-04,test,1,120,46,14
998,2017-12-09,test,1,120,12,1
998,2017-12-23,test,1,120,2,1
998,2017-12-26,test,1,120,48,4
