product_id,repeat_intervals,mean_interval_days
1082185,15077,22.33892684220999
6534178,10276,17.9316854807318
1029743,6668,26.407318536292742
995242,6240,28.035576923076924
1106523,4468,26.381154879140556
981760,3852,43.74896157840083
1133018,3363,30.580731489741304
883404,2857,36.46797339866993
951590,2645,28.79092627599244
1127831,2485,34.8523138832998
908531,2294,34.689189189189186
1126899,2199,23.96225557071396
826249,2160,41.56203703703704
1070820,2103,23.359486447931527
1005186,2053,29.521675596687775
5569230,2037,36.40058910162003
862349,2032,25.599901574803148
849843,1998,35.788788788788786
860776,1991,44.80110497237569
840361,1987,51.50578761952693
1058997,1970,28.66446700507614
995785,1960,54.04183673469388
1098066,1853,47.489476524554775
961554,1802,54.01165371809101
904360,1776,44.51914414414414
916122,1626,53.222017220172205
923746,1585,47.160252365930596
1044078,1583,51.95514845230575
854852,1552,42.14497422680412
844179,1355,58.10848708487085
986912,1341,28.39821029082774
962229,1337,28.267015706806284
1065593,1330,36.06917293233083
903325,1308,45.32874617737003
878996,1284,46.073208722741434
859075,1273,56.532600157109194
994928,1267,53.70797158642463
866211,1267,57.92896606156275
1096036,1235,50.44615384615385
1053690,1219,39.92206726825267
834484,1194,56.79229480737018
1085604,1153,25.227233304423244
866227,1141,32.61787905346188
1004906,1121,68.91347011596788
962568,1116,63.132616487455195
844165,1115,39.936322869955156
1081177,1115,51.65560538116592
8090521,915,41.99781420765027
833025,913,57.64293537787513
933835,907,42.50385887541345
1092026,891,40.95510662177329
5569471,874,40.264302059496565
6533765,867,22.61361014994233
5568378,866,58.47459584295612
1068719,866,67.04734411085451
1024306,863,38.80301274623407
6034857,835,45.550898203592816
901062,833,45.12364945978391
1070015,832,25.030048076923077
979707,827,72.80411124546553
899624,825,65.28727272727272
845208,819,69.33089133089133
999971,805,36.7776397515528
909894,779,48.93966623876765
1075368,779,21.590500641848525
847982,768,55.54296875
8090537,764,48.76570680628272
1026118,764,50.12565445026178
1080414,718,38.540389972144844
879755,716,30.60335195530726
6533889,699,15.952789699570815
1038217,695,58.91079136690647
1033142,695,41.54964028776978
1101010,693,34.311688311688314
983584,684,32.776315789473685
953476,673,48.536404160475485
938700,673,63.74294205052006
1039156,656,44.16310975609756
1028816,642,39.890965732087224
1056509,641,43.3603744149766
1007195,639,29.54303599374022
1120741,634,16.662460567823345
987562,622,57.61736334405145
965766,617,66.88816855753646
1071939,610,58.221311475409834
1037863,608,69.03618421052632
1013321,602,61.308970099667775
909714,601,43.18968386023295
1022254,600,63.665
5592931,596,53.1996644295302
914190,591,58.676818950930624
1055646,589,71.21052631578948
6534166,583,20.451114922813037
1110572,578,34.04671280276817
820165,565,48.91504424778761
995965,559,45.0912343470483
868764,559,29.56350626118068
9526410,557,38.15439856373429
824005,550,49.53090909090909
976998,547,43.86471663619744
1033615,544,33.4375
910032,538,48.03903345724907
12810393,535,65.38130841121496
1022003,534,58.234082397003746
929668,526,52.91825095057034
913210,522,46.10919540229885
847270,516,62.21705426356589
1041259,510,64.07058823529412
1006184,506,57.56324110671937
951412,502,49.26892430278885
908846,502,54.657370517928285
1043590,498,68.00401606425703
5585510,496,43.604838709677416
1040807,493,43.04868154158215
927191,482,48.49792531120332
986947,480,43.69583333333333
885290,480,27.772916666666667
1051516,478,42.32845188284519
976199,475,54.29684210526316
1057260,474,23.542194092827003
940947,467,48.4475374732334
1119051,467,42.74304068522484
1137688,464,51.79956896551724
1023720,449,35.910913140311806
893018,448,59.747767857142854
1077555,445,56.06741573033708
1003188,444,37.101351351351354
1062966,443,55.61625282167043
971922,437,41.21739130434783
5569327,437,58.7299771167048
861272,431,55.33410672853828
989101,429,21.95104895104895
894236,426,21.718309859154928
1132771,423,47.874704491725765
857849,415,60.13734939759036
1095275,415,30.387951807228916
1122358,414,41.492753623188406
860975,410,45.046341463414635
1055863,407,37.45945945945946
832678,404,52.78217821782178
882441,403,28.54590570719603
9527290,400,39.26
1124729,398,47.484924623115575
1003600,392,47.18622448979592
893501,388,41.83247422680412
916993,378,36.092592592592595
1116821,377,51.55968169761273
990797,375,59.224
12263788,375,34.87466666666667
1037840,374,26.994652406417114
1134522,371,53.301886792452834
1101173,371,61.463611859838274
1062002,371,46.00269541778976
1056651,370,19.91891891891892
870547,364,67.9065934065934
1117514,361,63.72576177285318
1110843,361,50.310249307479225
947798,358,33.83519553072626
930917,358,64.97486033519553
873627,358,43.0
1132770,358,43.24301675977654
856772,357,52.78991596638655
1029624,356,51.47752808988764
834117,355,57.264788732394365
908318,347,49.4207492795389
1015247,347,30.608069164265128
883003,344,42.92732558139535
1136257,344,73.98837209302326
970030,342,64.70760233918129
5569845,340,58.20294117647059
874972,339,58.657817109144545
907014,337,76.39169139465875
1105488,337,57.37685459940653
883932,335,70.01194029850747
1137775,333,50.309309309309306
985119,332,39.774096385542165
916381,332,58.1355421686747
896369,331,68.90030211480362
999104,329,47.48024316109422
871756,323,84.6594427244582
1023958,316,47.36392405063291
835098,314,59.21337579617835
825541,313,46.3961661341853
1123792,313,22.926517571884983
1107553,311,32.48874598070739
952317,308,53.83766233766234
1076875,308,47.451298701298704
1042438,307,60.039087947882734
872137,306,55.173202614379086
9677202,305,31.386885245901638
925514,304,50.67763157894737
890610,301,59.18936877076412
5569374,301,45.75083056478405
900802,297,58.78787878787879
857503,297,69.72390572390573
821083,297,36.51851851851852
822407,296,62.513513513513516
870515,295,54.71864406779661
1018740,294,50.09863945578231
1051069,292,45.98287671232877
880150,291,79.91408934707904
1050851,289,52.42906574394463
5590287,288,37.489583333333336
993638,287,51.940766550522646
833715,287,65.13588850174216
1048462,285,46.37894736842105
1113588,284,41.98943661971831
1077975,283,19.081272084805654
1036501,282,25.20212765957447
944534,279,64.44802867383513
1050229,278,81.15467625899281
1002558,277,57.69675090252708
999858,276,83.02173913043478
944836,274,44.2956204379562
8090532,272,54.345588235294116
1037894,270,38.15555555555556
861445,269,34.71747211895911
5568729,269,55.35687732342007
1138443,269,47.33457249070632
1106301,269,55.933085501858734
1058779,269,65.7918215613383
1096317,268,57.093283582089555
913785,267,86.65917602996255
862139,266,71.02255639097744
1091365,266,39.62406015037594
1043751,265,51.60754716981132
985999,263,59.61216730038023
866140,262,56.62595419847328
1102959,262,50.01145038167939
965267,261,24.88888888888889
819978,261,55.54406130268199
892008,260,59.04615384615385
911812,259,67.91891891891892
1127624,259,49.56370656370656
1053763,259,53.8957528957529
918733,255,48.94509803921569
928049,254,57.39763779527559
6602697,254,45.90157480314961
1087102,253,56.26877470355731
5584027,252,40.8531746031746
863447,249,82.70281124497993
1068651,247,13.417004048582996
949616,246,34.23170731707317
896085,245,44.779591836734696
1055504,245,54.63265306122449
970119,244,51.59016393442623
926905,244,36.86065573770492
873964,244,21.709016393442624
865456,244,72.54098360655738
959409,243,23.279835390946502
898980,243,43.79012345679013
925626,242,63.65702479338843
1051211,242,69.34297520661157
907631,240,58.02916666666667
850841,240,39.75833333333333
1073150,240,34.045833333333334
845193,239,33.36401673640167
987724,237,67.48101265822785
7167218,237,36.32911392405063
1082212,236,37.91525423728814
897125,235,87.06382978723404
839419,235,57.97021276595745
12301109,235,73.7404255319149
9527494,234,45.623931623931625
9526563,234,41.76923076923077
8090536,234,39.14102564102564
13511722,234,20.61965811965812
1009449,234,48.35897435897436
1001148,233,46.39055793991416
1074333,232,31.70689655172414
941741,231,45.056277056277054
1102949,231,40.09090909090909
1022872,231,42.900432900432904
1138189,230,30.55217391304348
1030819,230,68.29565217391304
839849,229,20.397379912663755
1074405,229,64.24017467248909
965842,228,41.29824561403509
916767,228,17.81578947368421
8205218,228,42.07017543859649
5585635,227,35.68722466960352
12946027,227,40.56828193832599
847789,225,49.715555555555554
1118393,225,49.88444444444445
1061220,225,47.10666666666667
1037332,225,35.45777777777778
890695,224,51.92857142857143
874736,223,39.587443946188344
1052912,223,69.15695067264573
890536,222,11.103603603603604
1114597,222,43.549549549549546
8090509,220,53.21818181818182
895540,219,33.118721461187214
880427,219,38.91324200913242
854405,219,76.71689497716895
865178,218,47.022935779816514
823704,218,71.27522935779817
13841744,215,31.986046511627908
968215,214,59.16355140186916
1108168,214,28.481308411214954
8160319,212,35.66509433962264
13842214,212,32.04716981132076
1045220,211,74.81042654028435
972931,210,69.24285714285715
865330,210,35.36190476190476
9835509,209,43.68421052631579
920308,209,34.64114832535885
838186,209,61.6267942583732
828867,209,59.97129186602871
845307,208,50.50961538461539
1055425,208,40.89423076923077
963835,206,33.95631067961165
1051323,205,61.8
1043301,205,70.43414634146342
10344585,205,35.546341463414635
919534,204,57.911764705882355
1011300,204,45.71078431372549
985893,203,47.073891625615765
7025106,203,36.1576354679803
1135768,203,38.433497536945815
823758,202,61.51485148514851
1027569,202,84.8069306930693
1012587,202,51.85643564356435
1098248,199,34.88944723618091
1070702,199,77.21105527638191
973861,198,69.79292929292929
1069621,198,74.83838383838383
1081189,197,43.95939086294416
987480,196,60.21938775510204
879528,196,44.39795918367347
859010,194,62.577319587628864
7440663,194,39.98969072164948
1075470,194,60.99484536082474
1041796,194,83.8917525773196
989075,193,56.880829015544045
1094955,193,81.71502590673575
1038663,193,49.751295336787564
901666,192,39.885416666666664
1127179,192,38.036458333333336
1015539,192,8.953125
995876,191,69.91623036649214
9527487,191,50.49214659685864
9420312,190,43.694736842105264
918335,190,72.86842105263158
1110244,190,53.82105263157895
930118,189,16.322751322751323
898068,189,65.0
849202,189,45.93121693121693
5568228,189,46.957671957671955
1038985,189,31.761904761904763
943233,188,60.898936170212764
5588666,188,48.5531914893617
1131438,188,50.51063829787234
1111072,188,67.62765957446808
1096343,188,68.68617021276596
1000753,188,63.66489361702128
951526,187,61.470588235294116
944139,186,55.344086021505376
9245106,185,56.50810810810811
885697,185,41.7027027027027
5584007,185,48.394594594594594
1054262,185,68.21621621621621
999779,184,55.84782608695652
922561,184,27.152173913043477
870780,184,51.14673913043478
839147,184,54.619565217391305
1111839,184,43.72826086956522
1033220,184,54.27717391304348
1013928,184,38.28260869565217
944137,183,55.87978142076503
933637,183,49.39344262295082
913202,183,51.557377049180324
13842090,183,30.579234972677597
948670,182,79.04945054945055
865705,182,34.07692307692308
5568489,182,30.923076923076923
969866,181,50.392265193370164
959985,181,36.209944751381215
834103,181,32.4585635359116
8011397,181,23.104972375690608
1010190,181,22.441988950276244
935284,180,60.84444444444444
921504,180,37.52777777777778
854754,180,35.394444444444446
8177622,180,35.1
1039589,180,65.38888888888889
874149,178,41.58426966292135
863802,178,49.10674157303371
12301100,178,78.26404494382022
1110793,178,73.02808988764045
1110142,178,66.86516853932584
1000237,178,42.81460674157304
1014948,177,65.42372881355932
1029112,176,20.5625
1002771,176,37.06818181818182
1135834,175,45.81142857142857
1067695,175,19.354285714285716
999270,174,75.72988505747126
971949,174,49.37931034482759
9677236,174,45.07471264367816
957736,174,48.97701149425287
5585727,174,34.57471264367816
1027168,174,69.3735632183908
993466,173,51.30057803468208
897954,173,72.26589595375722
968932,172,32.51744186046512
862732,172,29.569767441860463
981944,171,42.29824561403509
937626,171,31.906432748538013
856252,171,56.05263157894737
5587133,171,34.046783625730995
1115576,171,55.76608187134503
1102416,171,25.385964912280702
940766,170,78.91764705882353
885863,170,66.79411764705883
7025114,170,32.411764705882355
5582789,170,37.92941176470588
1049735,170,17.51764705882353
988693,169,59.10059171597633
5563693,169,23.40828402366864
1034686,169,69.4319526627219
977499,168,51.55952380952381
891141,168,31.44047619047619
8019716,168,51.92857142857143
1029504,168,61.535714285714285
963971,167,55.67065868263473
938566,167,70.1377245508982
921744,167,65.60479041916167
910291,167,55.91017964071856
902172,167,56.92814371257485
1089392,167,14.682634730538922
1074754,167,60.287425149700596
934427,166,43.3433734939759
845705,166,60.1566265060241
1126203,166,5.524096385542169
1093413,166,37.355421686746986
1012873,166,65.71084337349397
1005609,166,58.55421686746988
909268,164,41.98170731707317
830887,164,59.079268292682926
8065410,164,62.15853658536585
873203,163,65.920245398773
1088835,163,51.29447852760736
931671,162,61.78395061728395
6944571,162,32.41358024691358
1126310,162,16.820987654320987
9337581,161,57.63975155279503
5585639,161,45.72670807453416
1016800,161,42.95031055900621
972569,160,25.54375
9526886,159,42.76729559748428
919948,159,62.42767295597484
910473,159,41.459119496855344
827683,159,49.37735849056604
13842088,159,33.38364779874214
1118533,159,58.61006289308176
1062128,159,54.60377358490566
1050131,159,53.81761006289308
970202,158,68.25949367088607
954642,158,41.82911392405063
1108131,158,50.11392405063291
1020682,158,88.55696202531645
1005274,158,43.822784810126585
951190,157,77.1592356687898
945662,157,57.77070063694268
918368,157,73.80254777070064
13115493,157,37.46496815286624
1128240,157,62.089171974522294
921836,156,49.51282051282051
1104343,156,74.71153846153847
1077490,156,85.78205128205128
998206,155,49.41290322580645
5578547,155,49.79354838709678
1105623,155,63.57419354838709
1097001,155,30.954838709677418
819765,154,50.91558441558441
944466,153,63.28104575163399
936594,153,52.08496732026144
922127,153,58.65359477124183
878302,153,30.666666666666668
12731436,153,47.22875816993464
1138292,153,10.745098039215685
1128016,153,61.97385620915033
9571047,152,46.401315789473685
819927,152,65.59868421052632
1112238,152,54.38815789473684
1071342,152,51.92763157894737
948420,151,37.28476821192053
858302,151,60.026490066225165
8090440,151,52.079470198675494
5585735,151,45.17218543046358
1009046,151,41.99337748344371
975938,150,5.846666666666667
910745,150,67.83333333333333
1130858,150,75.5
1118787,149,61.73154362416108
1042544,149,53.42953020134228
1022053,149,45.785234899328856
848319,148,72.83108108108108
12427353,148,30.72972972972973
1107661,148,34.304054054054056
1026346,148,25.47972972972973
1025611,148,66.31756756756756
895070,147,37.564625850340136
892531,147,46.87755102040816
5591038,147,40.72108843537415
1075214,147,71.07482993197279
1042907,147,82.60544217687075
976065,146,48.92465753424658
5590613,146,51.4041095890411
12301405,146,53.273972602739725
1133072,146,70.73287671232876
1092588,146,27.0
967395,145,80.12413793103448
922907,145,61.213793103448275
913894,145,58.855172413793106
905539,145,73.82758620689656
883963,145,67.8
833724,145,50.144827586206894
12988031,145,37.827586206896555
1027874,145,15.213793103448277
982493,144,52.96527777777778
903230,144,37.3125
867188,144,82.63194444444444
865026,144,26.604166666666668
1130777,144,34.125
885406,143,39.67832167832168
6533936,143,40.54545454545455
1098284,143,24.055944055944057
1082990,143,26.81118881118881
870980,142,31.661971830985916
1127758,142,49.056338028169016
1074524,142,52.528169014084504
977545,141,68.27659574468085
976300,141,53.177304964539005
972665,141,43.87234042553192
934676,141,67.91489361702128
1098844,141,98.53191489361703
9527158,140,30.8
9526411,140,56.114285714285714
939636,140,65.58571428571429
933067,140,67.04285714285714
843756,140,58.58571428571429
819840,140,51.72142857142857
12302069,140,66.98571428571428
1089766,140,33.45
984677,139,15.697841726618705
1022119,139,65.92805755395683
934639,138,62.471014492753625
900491,138,63.072463768115945
871061,138,59.54347826086956
1057102,138,29.652173913043477
1003421,138,67.47101449275362
824555,137,67.97810218978103
6534480,137,60.941605839416056
1028891,137,28.846715328467152
972312,136,33.6985294117647
969932,136,41.86029411764706
901776,136,36.970588235294116
852856,136,76.27941176470588
8203834,136,40.330882352941174
12810391,136,90.1470588235294
1048257,136,32.375
960732,135,60.28888888888889
916990,135,24.62962962962963
896444,135,42.36296296296296
869577,135,61.18518518518518
855672,135,65.5037037037037
6534035,135,54.55555555555556
1122568,135,56.60740740740741
1063207,135,45.84444444444444
10121965,135,68.28148148148148
976955,134,79.28358208955224
955043,134,23.291044776119403
833723,134,48.64179104477612
1108094,134,37.76119402985075
934369,133,42.097744360902254
906262,133,55.40601503759399
868423,133,53.774436090225564
1092937,133,51.150375939849624
1085476,133,44.26315789473684
1056746,133,46.19548872180451
1029968,133,42.097744360902254
1018050,133,42.1203007518797
919423,132,34.47727272727273
912681,132,57.10606060606061
860299,132,36.61363636363637
6632283,132,8.507575757575758
1019637,132,22.78787878787879
892573,131,22.03053435114504
831628,131,78.62595419847328
6534077,131,60.732824427480914
1070845,131,43.70229007633588
1068292,131,70.29770992366412
1048727,131,38.47328244274809
1007136,131,55.6793893129771
965719,130,59.48461538461538
902167,130,79.27692307692308
852864,130,68.38461538461539
6533608,130,47.0
5584620,130,46.761538461538464
5565925,130,28.907692307692308
1084331,130,67.63846153846154
1071377,130,51.34615384615385
1031864,130,40.323076923076925
965772,129,17.8062015503876
919644,129,42.23255813953488
12731544,129,62.0
12648296,129,47.286821705426355
985427,128,68.0078125
929018,128,43.53125
908213,128,57.84375
895166,128,64.03125
879635,128,36.65625
834833,128,42.3046875
8011282,128,27.2734375
6773204,128,32.1171875
1107289,128,58.1875
1100972,128,75.328125
1092948,128,52.484375
1070272,128,50.2109375
1046545,128,21.28125
983795,127,16.275590551181104
961269,127,58.826771653543304
1117393,127,34.62204724409449
1055853,127,43.031496062992126
956609,126,59.04761904761905
951197,126,83.37301587301587
908489,126,41.23809523809524
898847,126,41.53174603174603
868075,126,70.03174603174604
5587043,126,26.452380952380953
13189726,126,32.0
1088147,126,45.111111111111114
1072523,126,58.476190476190474
998119,125,69.856
866950,125,34.824
1097398,125,8.288
1041157,125,43.256
984715,124,64.15322580645162
969419,124,33.346774193548384
9527160,124,49.95161290322581
894439,124,29.975806451612904
8203451,124,36.854838709677416
1059891,124,34.314516129032256
1046584,124,40.95161290322581
1046262,124,69.14516129032258
1027068,124,66.65322580645162
1022981,124,76.74193548387096
957951,123,45.203252032520325
894511,123,60.8780487804878
872729,123,36.51219512195122
856060,123,41.45528455284553
844818,123,42.4390243902439
6463658,123,56.51219512195122
5586942,123,38.51219512195122
1129576,123,54.4390243902439
1082310,123,58.41463414634146
907099,122,36.09016393442623
877447,122,51.68852459016394
846823,122,59.98360655737705
7167249,122,34.14754098360656
1044188,122,38.67213114754098
1007191,122,67.6311475409836
986394,121,61.66942148760331
934399,121,37.46280991735537
896938,121,66.3305785123967
831536,121,42.710743801652896
1094924,121,39.14876033057851
1077703,121,65.3801652892562
1058554,121,38.82644628099174
993441,120,31.975
989069,120,71.05
976864,120,39.766666666666666
952163,120,21.416666666666668
944486,120,49.875
911470,120,62.38333333333333
905913,120,86.59166666666667
897306,120,66.89166666666667
820560,120,38.425
6034964,120,37.483333333333334
15926886,120,21.533333333333335
1131550,120,53.725
1104349,120,28.25
1051468,120,46.825
1044805,120,43.725
981521,119,67.61344537815125
9445919,119,63.32773109243698
932006,119,39.34453781512605
913278,119,48.38655462184874
865174,119,40.03361344537815
1014802,119,59.42016806722689
1003441,119,31.51260504201681
968936,118,41.58474576271186
946995,118,42.644067796610166
917033,118,39.313559322033896
905868,118,69.33050847457628
882830,118,75.39830508474576
859427,118,66.1864406779661
855468,118,64.71186440677967
845109,118,41.73728813559322
823775,118,29.864406779661017
5591154,118,47.644067796610166
1092303,118,68.80508474576271
1044259,118,20.71186440677966
983936,117,33.27350427350427
982790,117,72.62393162393163
945273,117,45.52136752136752
883202,117,48.794871794871796
824073,117,35.26495726495727
1025650,117,60.84615384615385
1018588,117,38.68376068376068
999714,116,53.939655172413794
950557,116,36.974137931034484
948254,116,55.91379310344828
895930,116,40.077586206896555
893651,116,40.98275862068966
873178,116,64.12931034482759
865891,116,55.706896551724135
829852,116,54.474137931034484
7466806,116,26.103448275862068
5995692,116,37.974137931034484
5586076,116,35.474137931034484
13945244,116,47.14655172413793
1024731,116,47.827586206896555
9881593,115,35.19130434782609
942525,115,61.45217391304348
905582,115,51.99130434782609
892920,115,78.52173913043478
5570383,115,57.052173913043475
12731714,115,58.14782608695652
1059902,115,60.417391304347824
977344,114,59.08771929824562
947201,114,35.39473684210526
896613,114,78.06140350877193
878715,114,35.40350877192982
839094,114,30.57894736842105
8090539,114,32.324561403508774
7409957,114,34.07017543859649
5578494,114,42.833333333333336
1064892,114,13.37719298245614
1021116,114,54.166666666666664
999134,113,61.61946902654867
937791,113,44.83185840707964
915349,113,42.84070796460177
913490,113,49.442477876106196
910673,113,63.902654867256636
905436,113,37.3716814159292
904236,113,60.50442477876106
1093359,113,32.424778761061944
1048483,113,33.56637168141593
961979,112,63.75
841309,112,55.625
822677,112,28.223214285714285
5587656,112,51.11607142857143
1075074,112,66.89285714285714
1036432,112,69.49107142857143
1019643,112,48.598214285714285
949965,111,68.67567567567568
932179,111,57.450450450450454
871162,111,19.0990990990991
856345,111,63.67567567567568
840601,111,61.711711711711715
6391381,111,45.68468468468468
1083721,111,53.5945945945946
1060269,111,41.630630630630634
923967,110,29.12727272727273
8090513,110,52.06363636363636
1115874,110,59.27272727272727
9553031,109,89.29357798165138
953134,109,31.81651376146789
930603,109,55.522935779816514
878445,109,37.62385321100918
873527,109,35.31192660550459
848071,109,76.43119266055047
837270,109,61.56880733944954
6548453,109,61.28440366972477
1128647,109,42.39449541284404
1100410,109,23.94495412844037
1051093,109,37.14678899082569
1043035,109,11.211009174311927
1040371,109,61.73394495412844
1011926,109,40.08256880733945
995230,108,37.01851851851852
968774,108,45.46296296296296
864774,108,100.61111111111111
863664,108,34.0462962962963
7139529,108,70.89814814814815
5587837,108,44.21296296296296
13008334,108,33.53703703703704
1043494,108,52.407407407407405
990656,107,52.925233644859816
986760,107,51.87850467289719
9836460,107,59.06542056074766
9526730,107,25.018691588785046
9296919,107,62.495327102803735
865528,107,55.242990654205606
861279,107,87.8411214953271
5585636,107,32.44859813084112
5584645,107,32.55140186915888
1046756,107,53.64485981308411
1019247,107,41.90654205607477
997309,106,42.54716981132076
991592,106,41.160377358490564
991223,106,55.06603773584906
952981,106,72.76415094339623
948086,106,49.70754716981132
923673,106,62.84905660377358
917494,106,65.98113207547169
896974,106,52.528301886792455
896862,106,72.81132075471699
866755,106,61.490566037735846
865511,106,29.047169811320753
822785,106,63.509433962264154
10149640,106,84.39622641509433
957063,105,61.78095238095238
925862,105,71.84761904761905
12171656,105,39.63809523809524
1099089,105,54.23809523809524
1051305,105,39.75238095238095
1049788,105,101.08571428571429
1034499,105,76.4
1013641,105,65.63809523809523
1011645,105,32.42857142857143
989824,104,84.5673076923077
925112,104,66.5576923076923
911215,104,70.22115384615384
889731,104,65.72115384615384
826144,104,50.36538461538461
1137346,104,56.31730769230769
1131344,104,61.26923076923077
1101706,104,50.39423076923077
1076056,104,84.65384615384616
1060408,104,53.11538461538461
1038462,104,35.96153846153846
974108,103,44.94174757281554
932298,103,48.42718446601942
922318,103,39.8252427184466
889649,103,56.87378640776699
882247,103,56.76699029126213
6534030,103,45.679611650485434
5568447,103,56.8252427184466
12301073,103,67.67961165048544
1139827,103,64.55339805825243
1083787,103,47.70873786407767
1070803,103,9.62135922330097
962118,102,49.85294117647059
923670,102,37.794117647058826
900072,102,52.15686274509804
899580,102,25.774509803921568
892728,102,20.166666666666668
842140,102,73.27450980392157
823990,102,85.25490196078431
12384365,102,66.11764705882354
1080331,102,67.1470588235294
1039682,102,55.77450980392157
1034176,102,49.81372549019608
1017061,102,27.431372549019606
944317,101,52.73267326732673
898212,101,64.44554455445545
879504,101,48.12871287128713
871440,101,43.7029702970297
848015,101,42.12871287128713
1121384,101,56.08910891089109
1116578,101,36.64356435643565
1077143,101,52.79207920792079
1040346,101,56.83168316831683
1030362,101,35.53465346534654
1012284,101,44.306930693069305
982469,100,23.19
980727,100,95.87
931672,100,36.12
904129,100,55.52
867668,100,79.12
862799,100,73.59
852035,100,62.83
851676,100,65.88
825365,100,53.64
8011285,100,31.63
5585186,100,40.28
13115903,100,45.43
1112825,100,27.84
1110409,100,47.7
1108092,100,44.5
10457044,100,25.5
1044895,100,96.47
1006878,100,53.41
997506,99,36.111111111111114
977374,99,5.525252525252525
9705473,99,53.696969696969695
9487927,99,67.9090909090909
9245108,99,25.262626262626263
886703,99,64.61616161616162
838258,99,48.58585858585859
6514160,99,47.666666666666664
5589247,99,43.94949494949495
13008321,99,31.757575757575758
12301839,99,62.717171717171716
1042702,99,40.90909090909091
955075,98,25.6734693877551
946839,98,68.31632653061224
945805,98,73.95918367346938
945779,98,70.35714285714286
914577,98,34.826530612244895
895268,98,53.857142857142854
880253,98,31.428571428571427
835243,98,56.88775510204081
832001,98,66.36734693877551
7410290,98,58.683673469387756
6533362,98,52.765306122448976
5584847,98,52.46938775510204
12949590,98,46.826530612244895
1016709,98,50.734693877551024
9707137,97,36.865979381443296
949836,97,21.412371134020617
936924,97,54.43298969072165
906844,97,34.896907216494846
851057,97,61.670103092783506
847344,97,78.4020618556701
845078,97,48.83505154639175
836281,97,73.38144329896907
5587938,97,48.83505154639175
5567702,97,29.52577319587629
1120443,97,63.865979381443296
1103629,97,87.1340206185567
1103105,97,66.35051546391753
1058930,97,55.72164948453608
10285144,97,83.37113402061856
1028473,97,37.97938144329897
1009200,97,48.628865979381445
957013,96,102.32291666666667
953561,96,44.541666666666664
950206,96,36.458333333333336
937292,96,94.07291666666667
918046,96,16.041666666666668
856942,96,30.635416666666668
850102,96,54.145833333333336
848029,96,94.45833333333333
839656,96,53.604166666666664
819255,96,79.11458333333333
6442594,96,58.78125
5583944,96,46.854166666666664
5572828,96,47.260416666666664
1119405,96,54.895833333333336
1094308,96,66.61458333333333
1090676,96,47.802083333333336
1026712,96,27.59375
1022097,96,88.85416666666667
1005456,96,42.614583333333336
9836106,95,70.26315789473684
942817,95,59.61052631578947
912553,95,88.05263157894737
903674,95,52.6
828106,95,94.81052631578947
827656,95,58.33684210526316
5995423,95,28.389473684210525
5587502,95,56.73684210526316
5580166,95,35.71578947368421
15596279,95,37.14736842105263
979746,94,59.829787234042556
969568,94,50.6063829787234
940700,94,80.91489361702128
936634,94,54.38297872340426
873902,94,38.90425531914894
861701,94,35.95744680851064
836393,94,48.797872340425535
8119303,94,31.851063829787233
5588238,94,41.4468085106383
1112766,94,47.265957446808514
1048068,94,50.09574468085106
871611,93,76.60215053763442
871252,93,41.60215053763441
850058,93,49.74193548387097
7441391,93,55.075268817204304
7024990,93,21.731182795698924
12811532,93,95.53763440860214
1133556,93,38.516129032258064
1100658,93,46.56989247311828
1097239,93,56.73118279569893
1074040,93,7.311827956989247
1056762,93,67.98924731182795
1013770,93,85.04301075268818
998444,92,76.1195652173913
971165,92,61.77173913043478
830750,92,51.98913043478261
8293447,92,59.25
823721,92,98.07608695652173
6602729,92,51.23913043478261
5574377,92,16.57608695652174
1104414,92,70.45652173913044
1082172,92,47.70652173913044
1067749,92,54.858695652173914
1065538,92,40.15217391304348
990440,91,57.45054945054945
960984,91,76.27472527472527
9527223,91,23.791208791208792
929726,91,58.34065934065934
924352,91,45.175824175824175
903800,91,55.67032967032967
901543,91,44.45054945054945
900586,91,48.15384615384615
862682,91,44.31868131868132
837751,91,63.362637362637365
828935,91,67.46153846153847
5580793,91,52.043956043956044
1139830,91,45.472527472527474
1095100,91,92.92307692307692
1085983,91,26.824175824175825
1070214,91,72.52747252747253
1058686,91,63.879120879120876
1013187,91,63.68131868131868
997907,90,74.03333333333333
992986,90,42.888888888888886
963686,90,14.144444444444444
9420336,90,27.211111111111112
879948,90,61.37777777777778
1135476,90,40.233333333333334
1093966,90,37.56666666666667
1055737,90,34.65555555555556
1021164,90,25.844444444444445
9884698,89,66.65168539325843
948832,89,53.03370786516854
924610,89,54.52808988764045
882288,89,66.01123595505618
868888,89,17.617977528089888
863449,89,47.73033707865169
827180,89,74.32584269662921
1127716,89,37.60674157303371
1124695,89,53.741573033707866
1124674,89,44.04494382022472
1075305,89,15.0
1070538,89,65.0561797752809
1058404,89,38.2247191011236
1014915,89,25.786516853932586
1013167,89,46.438202247191015
1012816,89,65.88764044943821
1009187,89,51.1123595505618
965693,88,43.30681818181818
939578,88,56.54545454545455
909396,88,44.53409090909091
906838,88,58.04545454545455
874058,88,70.81818181818181
873887,88,41.81818181818182
859237,88,39.82954545454545
5586642,88,39.48863636363637
5568249,88,35.79545454545455
1135258,88,66.57954545454545
1126895,88,72.93181818181819
1115175,88,71.63636363636364
1088393,88,49.54545454545455
1049897,88,44.40909090909091
1043787,88,55.0
1043006,88,37.30681818181818
934172,87,39.195402298850574
928123,87,26.011494252873565
911878,87,36.5632183908046
908064,87,72.40229885057471
907128,87,44.62068965517241
886803,87,34.87356321839081
864335,87,24.39080459770115
852360,87,43.632183908045974
825618,87,43.87356321839081
13842224,87,14.517241379310345
12577242,87,55.41379310344828
1124507,87,60.94252873563219
1093603,87,36.5632183908046
1033846,87,28.160919540229884
1005583,87,12.275862068965518
9913338,86,43.2093023255814
964327,86,29.27906976744186
931777,86,59.604651162790695
923169,86,16.988372093023255
912137,86,54.97674418604651
893739,86,47.30232558139535
840386,86,23.825581395348838
5591170,86,91.75581395348837
13416351,86,57.593023255813954
1134810,86,47.22093023255814
1104224,86,23.03488372093023
1083446,86,63.47674418604651
1040935,86,85.26744186046511
1028995,86,54.75581395348837
1014238,86,69.74418604651163
992622,85,37.188235294117646
936914,85,51.811764705882354
931255,85,49.03529411764706
928754,85,64.01176470588236
897752,85,42.77647058823529
874255,85,69.97647058823529
866548,85,18.541176470588237
860890,85,21.352941176470587
5582712,85,55.470588235294116
1118598,85,54.09411764705882
1109014,85,38.10588235294118
1076580,85,27.141176470588235
10457128,85,37.870588235294115
991951,84,50.833333333333336
962970,84,42.26190476190476
935578,84,26.476190476190474
900418,84,47.916666666666664
889618,84,27.05952380952381
884897,84,36.166666666666664
869195,84,28.25
860703,84,33.345238095238095
838602,84,65.73809523809524
820122,84,54.154761904761905
7025326,84,40.75
1132231,84,61.107142857142854
1123434,84,35.04761904761905
995896,83,48.28915662650602
987838,83,90.78313253012048
918638,83,13.939759036144578
7440665,83,36.71084337349398
7168224,83,25.3855421686747
12810422,83,81.08433734939759
1123014,83,94.21686746987952
1069415,83,59.33734939759036
1056212,83,17.96385542168675
1027835,83,21.457831325301203
983078,82,34.53658536585366
973889,82,89.10975609756098
972742,82,68.09756097560975
953320,82,47.09756097560975
914318,82,55.829268292682926
903350,82,100.1951219512195
868548,82,50.47560975609756
863337,82,31.841463414634145
849315,82,67.53658536585365
826385,82,71.63414634146342
13115548,82,43.01219512195122
12262778,82,57.548780487804876
1136719,82,34.34146341463415
1135681,82,31.682926829268293
1128665,82,59.853658536585364
1085333,82,32.40243902439025
1021519,82,52.353658536585364
1008316,82,63.65853658536585
1004950,82,40.78048780487805
997796,81,36.24691358024691
995852,81,62.370370370370374
985911,81,49.50617283950617
968072,81,77.08641975308642
952254,81,77.19753086419753
951703,81,53.333333333333336
937413,81,48.48148148148148
925258,81,42.03703703703704
9242918,81,45.76543209876543
907647,81,31.382716049382715
899682,81,31.049382716049383
894360,81,12.283950617283951
853904,81,70.82716049382717
833556,81,43.148148148148145
831063,81,56.65432098765432
829459,81,22.74074074074074
5584808,81,54.617283950617285
13877192,81,72.50617283950618
1127328,81,66.06172839506173
1098435,81,32.20987654320987
1067606,81,73.34567901234568
1052920,81,5.790123456790123
1042697,81,93.60493827160494
996425,80,20.1125
970747,80,69.4875
9573206,80,29.0875
9553288,80,51.8
926909,80,50.1875
915621,80,73.3625
910109,80,41.575
906017,80,71.4375
902192,80,52.125
872417,80,77.275
866871,80,52.975
852317,80,46.6
843898,80,58.75
7442008,80,60.95
5592610,80,68.2
1135995,80,66.8
1132280,80,71.6
1126808,80,40.325
1105917,80,73.9125
1079987,80,75.375
1075315,80,29.85
1053282,80,67.3625
957839,79,59.9873417721519
932503,79,52.848101265822784
911974,79,41.68354430379747
835788,79,63.22784810126582
829001,79,64.73417721518987
824305,79,57.10126582278481
824180,79,46.50632911392405
8090546,79,35.860759493670884
5568721,79,78.9493670886076
5568072,79,39.87341772151899
13190294,79,47.40506329113924
12524323,79,42.24050632911393
1119879,79,49.151898734177216
1096792,79,63.936708860759495
1031316,79,38.08860759493671
964521,78,33.37179487179487
951746,78,51.51282051282051
908181,78,52.06410256410256
900770,78,19.794871794871796
882604,78,65.32051282051282
859592,78,60.67948717948718
845774,78,61.5
836445,78,79.2948717948718
819304,78,69.28205128205128
7168026,78,58.76923076923077
6396566,78,24.307692307692307
5566472,78,33.43589743589744
1129671,78,56.61538461538461
1106271,78,62.67948717948718
1101174,78,77.55128205128206
1095700,78,71.52564102564102
1064213,78,31.08974358974359
1054814,78,38.92307692307692
1047226,78,61.38461538461539
1046816,78,50.3974358974359
1038443,78,28.807692307692307
1031083,78,57.46153846153846
991379,77,29.766233766233768
975633,77,36.935064935064936
9527159,77,56.896103896103895
929433,77,66.28571428571429
883068,77,75.84415584415585
851101,77,28.792207792207794
846907,77,50.02597402597402
837107,77,76.33766233766234
820486,77,30.155844155844157
5588121,77,52.02597402597402
5567502,77,64.3896103896104
1135222,77,54.45454545454545
1112205,77,46.701298701298704
1094371,77,37.753246753246756
1090017,77,42.38961038961039
1057168,77,4.792207792207792
1055283,77,39.37662337662338
1046689,77,56.493506493506494
1017841,77,61.77922077922078
996156,76,53.55263157894737
994223,76,35.8421052631579
979239,76,39.81578947368421
968417,76,63.71052631578947
958700,76,59.36842105263158
9526313,76,53.5
935968,76,47.81578947368421
911311,76,44.56578947368421
910439,76,52.86842105263158
908283,76,49.18421052631579
904813,76,51.73684210526316
900842,76,50.11842105263158
868015,76,66.92105263157895
843464,76,49.80263157894737
8273833,76,57.06578947368421
824915,76,46.026315789473685
13115579,76,52.85526315789474
13071902,76,61.38157894736842
12384775,76,80.57894736842105
1139525,76,71.96052631578948
1130458,76,71.39473684210526
1123106,76,19.105263157894736
1120362,76,62.71052631578947
1110042,76,28.61842105263158
1103556,76,48.01315789473684
1081853,76,70.72368421052632
1039781,76,34.39473684210526
1011578,76,58.43421052631579
1004596,76,21.61842105263158
1002178,76,52.11842105263158
1001827,76,39.63157894736842
997988,75,54.44
995478,75,61.49333333333333
979877,75,30.213333333333335
965331,75,75.22666666666667
956813,75,47.38666666666666
905636,75,66.06666666666666
895295,75,42.52
848355,75,59.986666666666665
831808,75,30.48
830503,75,67.88
825994,75,64.22666666666667
6979753,75,31.253333333333334
6464165,75,27.626666666666665
6395907,75,16.12
14106445,75,43.4
1116460,75,39.92
10204392,75,38.906666666666666
9707240,74,49.432432432432435
965982,74,27.472972972972972
948509,74,63.74324324324324
942778,74,47.945945945945944
935126,74,36.229729729729726
893400,74,67.82432432432432
869047,74,56.608108108108105
866355,74,54.78378378378378
825343,74,104.52702702702703
822346,74,57.08108108108108
5570408,74,63.24324324324324
1096635,74,63.229729729729726
1095040,74,55.729729729729726
1081479,74,66.54054054054055
1072330,74,61.08108108108108
1054424,74,67.25675675675676
1048440,74,55.45945945945946
1015826,74,41.148648648648646
1010424,74,65.93243243243244
9878513,73,54.32876712328767
966891,73,33.205479452054796
964968,73,66.34246575342466
9419525,73,33.821917808219176
936508,73,43.93150684931507
931532,73,46.49315068493151
918598,73,25.15068493150685
915493,73,38.52054794520548
912704,73,90.8082191780822
886481,73,42.794520547945204
863885,73,67.94520547945206
850795,73,40.45205479452055
7410071,73,37.917808219178085
6602440,73,79.21917808219177
6544236,73,18.34246575342466
13506200,73,56.42465753424658
1117336,73,46.64383561643836
1095068,73,57.63013698630137
1077359,73,63.04109589041096
1071759,73,36.97260273972603
1054539,73,42.63013698630137
1048200,73,62.0
1006483,73,37.0958904109589
1004555,73,44.082191780821915
9935616,72,26.069444444444443
967476,72,49.763888888888886
953180,72,40.708333333333336
942088,72,49.18055555555556
906502,72,30.51388888888889
882496,72,65.70833333333333
882305,72,100.68055555555556
820361,72,70.18055555555556
6979427,72,49.27777777777778
5569792,72,16.055555555555557
15926844,72,24.916666666666668
12810464,72,78.48611111111111
1128900,72,31.38888888888889
1118012,72,71.40277777777777
1080853,72,48.06944444444444
1042571,72,36.31944444444444
10204488,72,34.02777777777778
1010164,72,53.208333333333336
1007269,72,54.84722222222222
1006342,72,57.583333333333336
997200,71,42.40845070422535
991948,71,56.352112676056336
9911484,71,58.014084507042256
985386,71,44.74647887323944
983316,71,38.309859154929576
960318,71,24.366197183098592
949294,71,58.971830985915496
932863,71,67.61971830985915
926796,71,45.45070422535211
889319,71,34.42253521126761
873654,71,91.32394366197182
7166861,71,63.88732394366197
6463742,71,84.98591549295774
13381584,71,48.70422535211268
1130763,71,67.02816901408451
1123022,71,98.32394366197182
1119761,71,76.88732394366197
1113141,71,75.08450704225352
1110764,71,78.40845070422536
1107089,71,47.46478873239437
1079228,71,63.070422535211264
1053875,71,48.84507042253521
1045150,71,58.2112676056338
1021324,71,43.67605633802817
1012913,71,38.42253521126761
1002850,71,45.40845070422535
995628,70,64.32857142857142
9881592,70,39.82857142857143
9553382,70,20.314285714285713
904422,70,42.5
892004,70,41.25714285714286
862010,70,46.47142857142857
843306,70,79.71428571428571
6034577,70,36.214285714285715
16809471,70,14.928571428571429
1088191,70,68.68571428571428
1068258,70,38.857142857142854
1047769,70,40.65714285714286
1040781,70,68.64285714285714
1039549,70,41.94285714285714
1036347,70,69.67142857142858
1030093,70,33.1
1023226,70,38.57142857142857
1000908,70,55.42857142857143
999198,69,78.76811594202898
9926758,69,59.289855072463766
9859017,69,6.188405797101449
959316,69,48.31884057971015
952408,69,42.26086956521739
939546,69,44.91304347826087
9245462,69,45.89855072463768
908346,69,50.08695652173913
907392,69,65.3623188405797
864143,69,46.31884057971015
849003,69,60.971014492753625
848268,69,58.869565217391305
847207,69,46.01449275362319
843744,69,59.927536231884055
5573314,69,34.0
12384779,69,44.30434782608695
1139184,69,58.42028985507246
1111230,69,67.59420289855072
1109408,69,21.608695652173914
1079528,69,19.579710144927535
1071333,69,55.710144927536234
1061982,69,41.231884057971016
1058627,69,24.347826086956523
1046587,69,52.81159420289855
1035386,69,61.63768115942029
10204822,69,67.30434782608695
1003487,69,37.98550724637681
999581,68,51.661764705882355
963502,68,75.29411764705883
963365,68,34.661764705882355
932949,68,46.338235294117645
9297474,68,36.94117647058823
927291,68,82.73529411764706
926233,68,52.0735294117647
923559,68,44.35294117647059
911502,68,48.911764705882355
893868,68,58.35294117647059
881154,68,56.029411764705884
862070,68,38.6764705882353
857554,68,21.191176470588236
845537,68,70.36764705882354
843346,68,63.94117647058823
835300,68,68.58823529411765
834491,68,47.75
12695224,68,80.66176470588235
1132763,68,40.85294117647059
1126870,68,52.35294117647059
1118033,68,57.48529411764706
1101567,68,42.23529411764706
1077133,68,28.308823529411764
1066725,68,58.455882352941174
1057749,68,24.41176470588235
1054216,68,46.970588235294116
10344971,68,35.69117647058823
1025641,68,40.94117647058823
1001333,68,21.102941176470587
999639,67,71.5223880597015
9677886,67,25.37313432835821
966684,67,53.62686567164179
9526757,67,24.47761194029851
943076,67,63.014925373134325
932182,67,55.1044776119403
926065,67,61.208955223880594
920002,67,31.98507462686567
911622,67,55.67164179104478
904375,67,50.91044776119403
891505,67,42.38805970149254
887102,67,57.776119402985074
878234,67,57.1044776119403
870428,67,51.32835820895522
849578,67,26.850746268656717
844991,67,58.35820895522388
8290421,67,22.01492537313433
8066803,67,21.29850746268657
7409971,67,46.52238805970149
1131321,67,17.850746268656717
1130375,67,51.91044776119403
1116635,67,32.38805970149254
1093030,67,53.26865671641791
1079023,67,73.3731343283582
1070716,67,38.47761194029851
1069039,67,28.53731343283582
1069003,67,49.52238805970149
1050968,67,69.22388059701493
1045515,67,50.74626865671642
1043128,67,87.86567164179104
1037451,67,85.41791044776119
1037337,67,80.70149253731343
1029252,67,24.582089552238806
1017041,67,31.746268656716417
9829205,66,19.37878787878788
974766,66,5.818181818181818
972143,66,67.6969696969697
971325,66,93.63636363636364
962274,66,53.65151515151515
9527323,66,36.015151515151516
926646,66,75.39393939393939
926422,66,38.59090909090909
904833,66,51.25757575757576
869177,66,44.40909090909091
855356,66,55.57575757575758
855310,66,59.46969696969697
841228,66,64.74242424242425
835973,66,55.45454545454545
824311,66,62.121212121212125
8019977,66,44.515151515151516
7441210,66,68.87878787878788
6979579,66,27.954545454545453
6704207,66,35.878787878787875
6463775,66,63.484848484848484
5981074,66,60.18181818181818
1135096,66,74.07575757575758
1134398,66,44.21212121212121
1132911,66,83.57575757575758
1059969,66,71.01515151515152
1057011,66,31.606060606060606
1035843,66,78.92424242424242
1033913,66,7.0606060606060606
10285149,66,29.106060606060606
1022843,66,69.39393939393939
1013999,66,56.25757575757576
1006250,66,39.484848484848484
9884484,65,47.66153846153846
9655528,65,45.89230769230769
959179,65,42.676923076923075
952972,65,66.03076923076924
947797,65,72.03076923076924
921554,65,45.16923076923077
917816,65,93.01538461538462
899446,65,39.69230769230769
885750,65,33.323076923076925
885023,65,83.03076923076924
884686,65,60.96923076923077
861792,65,71.3076923076923
847049,65,59.646153846153844
5995503,65,47.2
5592736,65,48.33846153846154
1404121,65,17.16923076923077
12262978,65,64.6923076923077
1128828,65,21.215384615384615
1112754,65,62.92307692307692
1104604,65,64.63076923076923
1068957,65,34.753846153846155
1060567,65,40.38461538461539
1059308,65,52.6
1055155,65,44.01538461538462
1048893,65,30.661538461538463
1044759,65,60.12307692307692
1025581,65,52.03076923076923
992529,64,76.875
9833277,64,92.71875
9575181,64,43.28125
9526673,64,36.125
932242,64,73.625
898869,64,53.984375
891961,64,67.734375
887219,64,18.5
859154,64,55.75
855718,64,30.328125
849098,64,35.84375
830740,64,4.25
829323,64,83.859375
827667,64,76.9375
7462562,64,55.28125
7155863,64,80.90625
6602327,64,84.328125
5570882,64,41.703125
12949855,64,39.921875
1118946,64,21.8125
1078763,64,66.171875
1077588,64,84.59375
1052046,64,58.125
1035676,64,53.359375
1016276,64,64.25
1015296,64,26.9375
1013149,64,73.171875
1003616,64,51.34375
954966,63,50.476190476190474
940731,63,74.14285714285714
917277,63,44.98412698412698
898121,63,31.841269841269842
896617,63,42.74603174603175
882826,63,24.936507936507937
873782,63,36.01587301587302
871722,63,50.23809523809524
863762,63,35.36507936507937
860439,63,77.57142857142857
846417,63,54.301587301587304
833598,63,40.317460317460316
819063,63,60.07936507936508
8014645,63,74.15873015873017
6552253,63,33.07936507936508
5565322,63,33.682539682539684
13007846,63,34.111111111111114
12987975,63,49.666666666666664
1136375,63,48.74603174603175
1102067,63,89.12698412698413
1098067,63,21.555555555555557
1096099,63,56.04761904761905
1093571,63,62.77777777777778
1077430,63,43.492063492063494
1056162,63,40.92063492063492
1054402,63,30.761904761904763
1041476,63,58.74603174603175
10285187,63,36.42857142857143
1013572,63,62.44444444444444
1010582,63,56.57142857142857
1002261,63,30.96825396825397
1000707,63,51.61904761904762
992870,62,37.75806451612903
989409,62,29.983870967741936
9859128,62,54.33870967741935
980823,62,60.75806451612903
973374,62,52.5
939860,62,5.983870967741935
936830,62,22.516129032258064
929309,62,97.40322580645162
916758,62,29.306451612903224
906763,62,65.20967741935483
889774,62,124.85483870967742
883912,62,41.53225806451613
869728,62,71.0
860248,62,63.91935483870968
856335,62,47.37096774193548
842707,62,60.564516129032256
841220,62,86.85483870967742
837304,62,95.85483870967742
825753,62,41.193548387096776
823176,62,55.854838709677416
820301,62,31.241935483870968
6533681,62,42.5
5981267,62,64.91935483870968
12428017,62,46.91935483870968
12349795,62,68.04838709677419
1139471,62,68.56451612903226
1123842,62,88.40322580645162
1117500,62,54.274193548387096
1097815,62,47.435483870967744
1091499,62,91.38709677419355
1089954,62,80.85483870967742
1076587,62,14.096774193548388
1072693,62,52.75806451612903
1067820,62,46.32258064516129
1046465,62,69.48387096774194
1043064,62,46.096774193548384
1031833,62,40.25806451612903
1017363,62,76.0
1006062,62,61.37096774193548
999730,61,79.55737704918033
998558,61,73.39344262295081
991874,61,46.0
977481,61,59.721311475409834
972416,61,28.57377049180328
970160,61,36.721311475409834
914513,61,79.06557377049181
889509,61,54.90163934426229
888431,61,65.32786885245902
871754,61,66.91803278688525
851188,61,33.0655737704918
841266,61,46.557377049180324
824758,61,50.9344262295082
1137507,61,44.60655737704918
1133254,61,56.377049180327866
1126045,61,36.885245901639344
1114653,61,19.75409836065574
1102927,61,51.36065573770492
1070463,61,58.295081967213115
1059527,61,53.540983606557376
1022374,61,68.50819672131148
10198378,61,38.622950819672134
10121610,61,67.85245901639344
996070,60,46.916666666666664
996009,60,59.06666666666667
995211,60,53.9
973868,60,70.75
957891,60,21.116666666666667
9487606,60,51.61666666666667
947267,60,42.65
9396705,60,28.716666666666665
936355,60,69.53333333333333
9333734,60,58.166666666666664
920844,60,65.31666666666666
909750,60,42.3
907281,60,36.55
900311,60,30.083333333333332
892844,60,74.7
874061,60,87.36666666666666
863506,60,88.18333333333334
845715,60,64.5
838487,60,83.83333333333333
834158,60,69.21666666666667
15506577,60,45.96666666666667
12782182,60,33.583333333333336
12262830,60,66.95
1139782,60,49.13333333333333
1138487,60,73.88333333333334
1137284,60,85.88333333333334
1131488,60,67.3
1099945,60,35.68333333333333
1058021,60,43.15
1042942,60,56.233333333333334
1037340,60,73.96666666666667
1032703,60,8.383333333333333
990688,59,65.20338983050847
988116,59,41.28813559322034
975085,59,17.423728813559322
9653535,59,12.152542372881356
951221,59,72.11864406779661
948495,59,53.813559322033896
947068,59,56.40677966101695
946308,59,86.45762711864407
9392700,59,16.593220338983052
906335,59,43.05084745762712
903233,59,84.61016949152543
890689,59,61.76271186440678
887474,59,48.96610169491525
879393,59,27.949152542372882
867667,59,48.152542372881356
864893,59,33.86440677966102
845975,59,27.322033898305083
825749,59,57.389830508474574
8090550,59,28.271186440677965
8069350,59,33.69491525423729
7443013,59,23.491525423728813
7410215,59,40.898305084745765
7167853,59,44.71186440677966
5591490,59,36.16949152542373
5568732,59,34.23728813559322
1128812,59,67.16949152542372
1120928,59,67.69491525423729
1112473,59,56.13559322033898
1112333,59,57.728813559322035
1096573,59,25.627118644067796
1086795,59,56.847457627118644
1083043,59,23.508474576271187
1078346,59,93.0
1077373,59,100.30508474576271
1069714,59,39.23728813559322
1048563,59,81.0
10455984,59,57.847457627118644
991435,58,62.86206896551724
9879410,58,44.37931034482759
9835223,58,84.01724137931035
978343,58,31.396551724137932
964520,58,39.10344827586207
951102,58,62.62068965517241
9483663,58,73.41379310344827
938187,58,43.13793103448276
921288,58,53.01724137931034
911915,58,36.58620689655172
909638,58,43.672413793103445
902856,58,39.5
890612,58,52.60344827586207
888586,58,24.603448275862068
822241,58,88.15517241379311
8020166,58,7.4655172413793105
7431990,58,50.13793103448276
7154535,58,18.53448275862069
6553737,58,65.12068965517241
5568197,58,47.3448275862069
13115501,58,50.8448275862069
1138772,58,55.13793103448276
1135044,58,41.172413793103445
1127470,58,60.96551724137931
1126252,58,73.79310344827586
1101771,58,56.12068965517241
1081355,58,61.06896551724138
1065979,58,27.413793103448278
1065017,58,17.120689655172413
1061394,58,18.75862068965517
1048352,58,73.63793103448276
1038746,58,62.810344827586206
1004436,58,37.98275862068966
989354,57,45.35087719298246
988572,57,51.12280701754386
9835903,57,73.08771929824562
981591,57,46.10526315789474
978077,57,58.70175438596491
968057,57,57.85964912280702
938141,57,33.35087719298246
938138,57,76.3157894736842
915041,57,59.12280701754386
914754,57,47.6140350877193
894968,57,57.64912280701754
869573,57,24.649122807017545
868319,57,41.6140350877193
866292,57,62.89473684210526
855138,57,64.42105263157895
843304,57,37.12280701754386
843111,57,29.894736842105264
840227,57,48.87719298245614
838797,57,36.94736842105263
837644,57,50.3859649122807
827999,57,54.19298245614035
826272,57,44.666666666666664
821562,57,72.9298245614035
7024847,57,8.912280701754385
5590965,57,19.12280701754386
14019790,57,5.7368421052631575
13133916,57,31.63157894736842
13115981,57,24.54385964912281
13003092,57,58.473684210526315
1137344,57,65.85964912280701
1134483,57,56.12280701754386
1109778,57,42.94736842105263
1109352,57,79.64912280701755
1076608,57,39.0
1065259,57,13.421052631578947
1059347,57,40.29824561403509
1045080,57,55.87719298245614
1043920,57,35.40350877192982
10284946,57,31.859649122807017
1026258,57,14.666666666666666
1007642,57,58.421052631578945
997128,56,79.82142857142857
989935,56,68.625
9836903,56,77.05357142857143
982955,56,45.732142857142854
965292,56,80.30357142857143
956672,56,57.55357142857143
941856,56,48.55357142857143
937571,56,72.44642857142857
908504,56,65.75
904359,56,17.892857142857142
897953,56,47.785714285714285
885463,56,35.375
878880,56,44.214285714285715
856827,56,66.08928571428571
843689,56,25.821428571428573
838733,56,43.607142857142854
828857,56,68.57142857142857
821556,56,50.82142857142857
8090541,56,71.46428571428571
6039687,56,44.82142857142857
1135868,56,36.82142857142857
1124971,56,50.125
1116741,56,46.25
1093334,56,50.75
1069979,56,79.64285714285714
1063739,56,21.517857142857142
1048383,56,46.589285714285715
1044507,56,30.428571428571427
1044068,56,85.44642857142857
1037631,56,55.30357142857143
1022066,56,28.625
1010578,56,24.607142857142858
1008547,56,89.46428571428571
999625,55,34.81818181818182
982833,55,74.54545454545455
970866,55,78.12727272727273
970792,55,60.96363636363636
965530,55,46.07272727272727
958137,55,90.27272727272727
941183,55,38.03636363636364
937928,55,69.27272727272727
935959,55,28.69090909090909
932675,55,50.872727272727275
9187298,55,50.127272727272725
917742,55,52.054545454545455
901403,55,36.07272727272727
900610,55,28.836363636363636
887503,55,55.945454545454545
879734,55,44.72727272727273
879152,55,76.6
878637,55,70.61818181818182
869150,55,69.14545454545454
833940,55,49.36363636363637
831815,55,57.6
8293343,55,37.56363636363636
8020234,55,37.03636363636364
8015407,55,44.90909090909091
6979803,55,36.54545454545455
5591083,55,65.03636363636363
13007284,55,33.07272727272727
1135460,55,56.10909090909091
1125904,55,71.23636363636363
1125199,55,84.8
1123420,55,80.43636363636364
1101980,55,32.89090909090909
1101956,55,87.23636363636363
1097635,55,25.454545454545453
1084968,55,63.81818181818182
1083254,55,12.181818181818182
1075707,55,77.49090909090908
1072799,55,43.09090909090909
1071171,55,27.818181818181817
1034955,55,50.49090909090909
1019744,55,41.054545454545455
1008814,55,52.6
1007512,55,54.6
999250,54,88.62962962962963
989275,54,31.87037037037037
989249,54,52.074074074074076
9879409,54,45.48148148148148
973673,54,77.55555555555556
972244,54,49.148148148148145
9677366,54,70.20370370370371
962266,54,38.74074074074074
962199,54,26.72222222222222
961458,54,48.833333333333336
949377,54,29.444444444444443
949023,54,24.0
947858,54,101.53703703703704
935546,54,52.55555555555556
919589,54,47.851851851851855
912146,54,62.44444444444444
912112,54,32.68518518518518
907418,54,67.94444444444444
875392,54,31.037037037037038
871433,54,54.166666666666664
848154,54,62.611111111111114
833458,54,43.25925925925926
828805,54,32.18518518518518
7166723,54,25.64814814814815
6904485,54,6.555555555555555
13008412,54,33.24074074074074
12987976,54,39.629629629629626
12731808,54,53.31481481481482
12696183,54,59.24074074074074
1137387,54,50.425925925925924
1122547,54,47.407407407407405
1116096,54,56.01851851851852
1082141,54,61.7962962962963
1054945,54,58.24074074074074
1043663,54,44.407407407407405
1017201,54,47.27777777777778
1013597,54,51.907407407407405
1013389,54,48.148148148148145
996087,53,39.660377358490564
990762,53,62.075471698113205
982960,53,65.9245283018868
969941,53,47.264150943396224
969836,53,54.0377358490566
969205,53,85.0
9655212,53,47.320754716981135
964356,53,45.18867924528302
953539,53,40.0
950894,53,78.0754716981132
9487885,53,65.05660377358491
948232,53,36.679245283018865
947654,53,38.471698113207545
944014,53,8.924528301886792
9419470,53,24.32075471698113
935993,53,69.88679245283019
935393,53,75.94339622641509
933060,53,72.58490566037736
923149,53,45.35849056603774
913449,53,16.264150943396228
906658,53,35.18867924528302
897083,53,30.566037735849058
895743,53,53.18867924528302
890513,53,47.58490566037736
867020,53,56.18867924528302
862725,53,37.20754716981132
862651,53,29.37735849056604
861615,53,42.283018867924525
856435,53,72.77358490566037
851508,53,90.75471698113208
847573,53,64.47169811320755
846830,53,70.30188679245283
845622,53,81.09433962264151
835530,53,63.132075471698116
834236,53,34.62264150943396
8293439,53,23.60377358490566
8291322,53,81.67924528301887
8276172,53,62.9622641509434
819594,53,10.962264150943396
8119157,53,61.339622641509436
6633273,53,47.9622641509434
5995609,53,35.320754716981135
15927661,53,5.9245283018867925
14077333,53,54.509433962264154
1131382,53,28.641509433962263
1125278,53,80.43396226415095
1121213,53,55.490566037735846
1111786,53,36.41509433962264
1110111,53,42.867924528301884
1100379,53,38.075471698113205
1090330,53,14.18867924528302
1084597,53,71.86792452830188
1067779,53,56.943396226415096
1060673,53,38.39622641509434
1053628,53,40.075471698113205
1053058,53,75.37735849056604
10456371,53,39.339622641509436
1040693,53,83.01886792452831
1037965,53,67.13207547169812
1031087,53,77.66037735849056
1024051,53,79.49056603773585
1014732,53,25.037735849056602
1011876,53,64.77358490566037
1009368,53,50.509433962264154
1004390,53,84.22641509433963
991268,52,43.61538461538461
980666,52,74.01923076923077
972191,52,29.596153846153847
967461,52,35.86538461538461
966494,52,36.75
959987,52,8.134615384615385
9527161,52,30.03846153846154
943393,52,62.80769230769231
935796,52,16.634615384615383
926465,52,12.384615384615385
921345,52,63.94230769230769
9189814,52,17.53846153846154
918410,52,59.76923076923077
898958,52,37.78846153846154
861819,52,62.55769230769231
857130,52,45.46153846153846
823576,52,28.01923076923077
5577022,52,44.32692307692308
5569379,52,71.6923076923077
5566309,52,52.21153846153846
12330794,52,52.76923076923077
1138132,52,9.038461538461538
1134292,52,67.36538461538461
1103741,52,73.25
1047968,52,54.09615384615385
1039348,52,69.75
1036753,52,26.096153846153847
1021133,52,46.19230769230769
1004585,52,28.365384615384617
990256,51,61.705882352941174
988208,51,58.490196078431374
971807,51,43.80392156862745
9553048,51,23.627450980392158
9546982,51,63.15686274509804
950824,51,58.76470588235294
940332,51,69.47058823529412
935527,51,12.137254901960784
9245413,51,36.490196078431374
922636,51,70.98039215686275
912902,51,71.68627450980392
901452,51,52.549019607843135
900697,51,52.666666666666664
892221,51,47.05882352941177
887691,51,56.94117647058823
882190,51,49.666666666666664
871279,51,34.705882352941174
870211,51,56.333333333333336
869868,51,24.862745098039216
867469,51,43.80392156862745
862335,51,51.01960784313726
833935,51,51.05882352941177
6391532,51,67.41176470588235
5574409,51,76.27450980392157
13672065,51,44.529411764705884
12263692,51,84.11764705882354
1127025,51,69.68627450980392
1125948,51,33.80392156862745
1125943,51,52.431372549019606
1123086,51,60.11764705882353
1112824,51,48.96078431372549
1112560,51,45.1764705882353
1091858,51,20.019607843137255
1075313,51,73.03921568627452
1068562,51,74.74509803921569
1033234,51,52.88235294117647
10254584,51,48.78431372549019
10204487,51,64.52941176470588
1018670,51,37.666666666666664
1018339,51,32.411764705882355
1014206,51,61.15686274509804
1010681,51,56.13725490196079
1007082,51,53.98039215686274
999090,50,34.14
997011,50,45.42
982799,50,48.04
981677,50,41.84
976214,50,61.6
975604,50,17.64
969687,50,45.08
961620,50,44.78
9553335,50,19.62
9526572,50,39.28
9526254,50,23.62
943362,50,48.22
943141,50,39.68
9416729,50,80.88
938849,50,46.0
9297062,50,29.4
921406,50,28.8
920724,50,43.54
899459,50,67.56
879143,50,50.78
879045,50,45.18
873550,50,24.78
872702,50,52.66
871876,50,44.56
867931,50,51.74
864279,50,49.42
857697,50,66.92
853354,50,47.32
850645,50,50.36
850044,50,55.8
848561,50,56.56
839243,50,83.2
838010,50,113.76
825731,50,47.96
819330,50,53.4
7409874,50,70.04
7025250,50,67.02
6514259,50,18.74
5995281,50,24.2
13115971,50,20.74
12757140,50,56.52
1129822,50,49.74
1125601,50,16.8
1121694,50,43.32
1120213,50,72.36
1116050,50,31.16
1110031,50,49.3
1107760,50,6.96
1106390,50,39.48
1104205,50,80.02
1101449,50,45.88
1091342,50,12.12
1071554,50,34.12
1067443,50,29.88
1066893,50,37.76
1066289,50,54.38
1065331,50,82.2
1065061,50,55.4
10285141,50,81.4
10285106,50,51.14
1012523,50,45.62
1003836,50,38.58
1003649,50,61.92
1002459,50,43.64
992985,49,42.0
981086,49,68.10204081632654
9803545,49,44.06122448979592
967762,49,80.65306122448979
960142,49,71.0
954077,49,40.40816326530612
951561,49,65.81632653061224
944249,49,64.04081632653062
938596,49,53.48979591836735
928092,49,50.69387755102041
925364,49,63.48979591836735
925282,49,23.551020408163264
921920,49,35.0
911614,49,30.040816326530614
899115,49,29.6734693877551
888543,49,61.673469387755105
884774,49,82.71428571428571
869900,49,32.83673469387755
862822,49,46.30612244897959
857006,49,67.46938775510205
856818,49,15.428571428571429
851287,49,45.61224489795919
849697,49,43.53061224489796
847066,49,49.06122448979592
835618,49,64.6734693877551
835279,49,42.63265306122449
825703,49,56.12244897959184
821344,49,62.06122448979592
7441558,49,78.44897959183673
7409918,49,59.53061224489796
6919433,49,41.69387755102041
6773238,49,60.142857142857146
5567148,49,52.857142857142854
13512737,49,34.91836734693877
1135468,49,36.40816326530612
1131312,49,28.714285714285715
1076744,49,25.26530612244898
1076195,49,70.48979591836735
1075979,49,53.0
1070076,49,60.6530612244898
1044089,49,67.46938775510205
1035946,49,45.48979591836735
1034290,49,42.183673469387756
1031419,49,32.673469387755105
1018007,49,83.81632653061224
1008892,49,66.22448979591837
1001646,49,44.91836734693877
999563,48,42.729166666666664
988791,48,75.70833333333333
988460,48,65.39583333333333
979566,48,73.5625
958046,48,67.79166666666667
945652,48,59.520833333333336
940996,48,33.125
938118,48,36.208333333333336
9297403,48,77.22916666666667
920191,48,47.895833333333336
907652,48,69.85416666666667
905817,48,38.270833333333336
901460,48,37.854166666666664
890882,48,68.02083333333333
883186,48,34.583333333333336
878775,48,50.3125
867138,48,57.104166666666664
861603,48,87.77083333333333
850157,48,82.5625
846764,48,79.02083333333333
846241,48,43.25
832976,48,49.291666666666664
827802,48,43.25
826666,48,84.9375
825494,48,77.60416666666667
819308,48,78.97916666666667
8181477,48,60.8125
7433888,48,62.354166666666664
6979089,48,48.291666666666664
6904925,48,35.916666666666664
13115914,48,35.354166666666664
13007435,48,35.020833333333336
12582219,48,13.3125
12384177,48,34.854166666666664
1125382,48,71.6875
1119374,48,35.541666666666664
1115335,48,45.083333333333336
1114050,48,53.979166666666664
1109948,48,64.3125
1106091,48,60.041666666666664
1089025,48,51.416666666666664
1087605,48,41.708333333333336
1084796,48,12.25
1080566,48,20.625
1069268,48,38.104166666666664
1047944,48,92.91666666666667
1047619,48,90.29166666666667
1045586,48,66.875
10285006,48,27.958333333333332
1028422,48,14.3125
10180324,48,65.3125
10150194,48,84.0
1005637,48,28.333333333333332
996114,47,34.5531914893617
9934800,47,28.93617021276596
9859182,47,24.25531914893617
964594,47,19.574468085106382
962185,47,63.234042553191486
954673,47,86.19148936170212
948650,47,133.51063829787233
943940,47,6.319148936170213
935008,47,90.57446808510639
920958,47,39.170212765957444
912233,47,6.76595744680851
910151,47,33.91489361702128
903609,47,31.319148936170212
903567,47,44.787234042553195
898601,47,51.638297872340424
888532,47,51.38297872340426
888111,47,54.87234042553192
881917,47,65.42553191489361
872642,47,52.276595744680854
864615,47,58.1063829787234
855557,47,44.59574468085106
854502,47,51.97872340425532
853756,47,27.02127659574468
853172,47,73.95744680851064
842416,47,43.212765957446805
836286,47,52.53191489361702
829291,47,62.48936170212766
827570,47,56.680851063829785
823099,47,36.02127659574468
822225,47,41.53191489361702
7152455,47,27.5531914893617
6773232,47,16.97872340425532
5588942,47,42.8936170212766
5572738,47,56.361702127659576
5566235,47,30.085106382978722
12456375,47,49.61702127659574
1135959,47,32.57446808510638
1131602,47,44.702127659574465
1125219,47,31.93617021276596
1117059,47,34.12765957446808
1110695,47,54.659574468085104
1105426,47,21.04255319148936
1091976,47,58.4468085106383
1089021,47,69.68085106382979
1080429,47,48.702127659574465
1076199,47,39.787234042553195
1075175,47,70.97872340425532
1065303,47,30.04255319148936
1051781,47,90.1063829787234
1051626,47,43.297872340425535
1036139,47,56.95744680851064
1027372,47,50.93617021276596
1022340,47,54.91489361702128
10204393,47,79.36170212765957
1015280,47,63.148936170212764
1008032,47,103.31914893617021
1000542,47,19.404255319148938
996028,46,79.30434782608695
993639,46,58.630434782608695
9859060,46,47.02173913043478
9837501,46,57.58695652173913
9802981,46,23.565217391304348
977166,46,52.45652173913044
964262,46,72.06521739130434
963868,46,45.21739130434783
963226,46,69.8695652173913
962609,46,60.76086956521739
961003,46,11.065217391304348
9526630,46,30.0
935570,46,61.71739130434783
934697,46,33.5
930955,46,50.43478260869565
9296804,46,65.23913043478261
923789,46,55.76086956521739
919535,46,35.67391304347826
916487,46,62.84782608695652
913270,46,31.652173913043477
907625,46,85.78260869565217
905072,46,33.76086956521739
901711,46,42.43478260869565
900145,46,58.76086956521739
896666,46,7.478260869565218
895502,46,27.652173913043477
888476,46,50.17391304347826
888275,46,60.02173913043478
888054,46,46.56521739130435
880895,46,38.78260869565217
859191,46,78.23913043478261
849264,46,94.71739130434783
846550,46,43.41304347826087
838637,46,20.0
829722,46,58.32608695652174
825249,46,33.95652173913044
824796,46,29.652173913043477
821787,46,31.695652173913043
8181451,46,35.130434782608695
7166865,46,43.30434782608695
6773219,46,41.73913043478261
6533368,46,45.91304347826087
5591538,46,47.41304347826087
5590158,46,44.93478260869565
13512965,46,17.608695652173914
13213240,46,68.41304347826087
13095243,46,58.04347826086956
13039088,46,27.52173913043478
12524174,46,70.91304347826087
1139142,46,62.891304347826086
1135552,46,61.02173913043478
1129610,46,49.0
1125391,46,67.3695652173913
1121360,46,61.95652173913044
1117219,46,23.934782608695652
1114992,46,13.543478260869565
1113792,46,40.58695652173913
1110218,46,92.58695652173913
1107973,46,55.391304347826086
1079292,46,79.84782608695652
1053016,46,45.76086956521739
1049906,46,67.71739130434783
1042765,46,41.26086956521739
1027960,46,34.82608695652174
1027808,46,15.304347826086957
1017369,46,52.43478260869565
1000050,46,81.32608695652173
995055,45,59.22222222222222
989157,45,45.37777777777778
9858847,45,44.48888888888889
9832070,45,57.955555555555556
971983,45,32.17777777777778
961220,45,62.46666666666667
9553397,45,47.44444444444444
950098,45,53.733333333333334
942045,45,40.4
934948,45,69.97777777777777
929751,45,46.86666666666667
923780,45,18.11111111111111
920025,45,39.022222222222226
917407,45,30.622222222222224
916575,45,33.28888888888889
914186,45,84.24444444444444
904023,45,62.355555555555554
890909,45,87.82222222222222
880050,45,39.333333333333336
870927,45,39.44444444444444
866573,45,61.82222222222222
863519,45,22.622222222222224
849870,45,55.333333333333336
848669,45,34.68888888888889
847241,45,32.24444444444445
835576,45,58.422222222222224
835278,45,71.77777777777777
830795,45,39.977777777777774
8205731,45,46.266666666666666
7410248,45,39.644444444444446
7409664,45,44.91111111111111
7024830,45,64.5111111111111
6979128,45,34.2
6463717,45,47.75555555555555
5995603,45,36.333333333333336
13417590,45,51.22222222222222
1133312,45,76.02222222222223
1131115,45,43.93333333333333
1127232,45,59.644444444444446
1119089,45,60.62222222222222
1109374,45,53.355555555555554
1109370,45,64.57777777777778
1105301,45,74.4
1101589,45,18.4
1099905,45,72.2
1098692,45,92.97777777777777
1095227,45,22.4
1093113,45,69.0
1090884,45,47.44444444444444
1079223,45,82.33333333333333
1070782,45,53.577777777777776
1056973,45,62.91111111111111
1053730,45,39.93333333333333
1045228,45,51.08888888888889
1040700,45,52.111111111111114
1036495,45,13.044444444444444
1034837,45,30.044444444444444
1011046,45,58.955555555555556
1002787,45,40.84444444444444
986327,44,85.61363636363636
985889,44,54.22727272727273
983959,44,14.068181818181818
970605,44,63.72727272727273
969494,44,61.90909090909091
955910,44,31.5
949991,44,29.65909090909091
945611,44,60.20454545454545
9420181,44,30.954545454545453
9396821,44,56.43181818181818
9337729,44,67.81818181818181
9296965,44,41.40909090909091
907662,44,42.59090909090909
891632,44,46.29545454545455
888104,44,21.65909090909091
886787,44,85.18181818181819
881047,44,44.04545454545455
879031,44,21.386363636363637
877337,44,56.70454545454545
865156,44,76.54545454545455
863529,44,40.77272727272727
856215,44,51.11363636363637
848970,44,75.88636363636364
838136,44,40.02272727272727
837098,44,41.25
8359154,44,36.15909090909091
835864,44,43.63636363636363
821695,44,57.56818181818182
6039859,44,65.3409090909091
5570048,44,56.61363636363637
13417954,44,15.386363636363637
13158064,44,24.795454545454547
1118623,44,31.65909090909091
1118046,44,58.61363636363637
1117690,44,25.25
1116376,44,48.65909090909091
1106064,44,64.1590909090909
1104649,44,85.88636363636364
1088771,44,23.295454545454547
1082454,44,63.45454545454545
1077410,44,24.15909090909091
1075170,44,73.61363636363636
1066685,44,39.40909090909091
1065038,44,62.93181818181818
1062782,44,76.3409090909091
1045109,44,46.97727272727273
1043895,44,30.068181818181817
1019942,44,23.34090909090909
1017195,44,42.65909090909091
999599,43,51.46511627906977
998373,43,58.27906976744186
993379,43,37.95348837209303
9835947,43,35.02325581395349
983267,43,32.325581395348834
983000,43,77.34883720930233
970760,43,32.48837209302326
970365,43,31.023255813953487
968036,43,11.744186046511627
965543,43,44.16279069767442
964853,43,52.55813953488372
957232,43,27.441860465116278
9524511,43,68.04651162790698
9487727,43,22.58139534883721
9392953,43,10.069767441860465
933303,43,93.11627906976744
930553,43,26.790697674418606
920971,43,56.674418604651166
914753,43,28.302325581395348
900370,43,53.58139534883721
900185,43,37.86046511627907
898510,43,61.674418604651166
894447,43,94.6046511627907
892314,43,63.53488372093023
871188,43,40.16279069767442
862535,43,44.69767441860465
854646,43,8.511627906976743
834826,43,69.72093023255815
8273950,43,62.674418604651166
8205418,43,65.67441860465117
8203851,43,55.55813953488372
8203720,43,24.25581395348837
8203599,43,37.41860465116279
820321,43,57.46511627906977
8119093,43,77.83720930232558
7441668,43,31.651162790697676
7410015,43,49.30232558139535
7168058,43,26.906976744186046
7166839,43,24.767441860465116
6979545,43,52.116279069767444
6602590,43,37.27906976744186
6552318,43,9.232558139534884
5592261,43,92.13953488372093
5584100,43,37.53488372093023
5568606,43,18.25581395348837
15511891,43,46.02325581395349
13210128,43,49.76744186046512
13007600,43,36.2093023255814
13007355,43,39.83720930232558
12263492,43,37.883720930232556
1137304,43,54.627906976744185
1120085,43,37.48837209302326
1109805,43,52.23255813953488
1102829,43,51.883720930232556
1100368,43,67.88372093023256
1085435,43,37.906976744186046
1080145,43,18.906976744186046
1077048,43,85.5813953488372
1054483,43,48.55813953488372
1053460,43,36.27906976744186
1046551,43,59.674418604651166
1043971,43,57.093023255813954
1032512,43,42.23255813953488
1006664,43,35.76744186046512
999631,42,44.904761904761905
998556,42,136.35714285714286
995722,42,43.69047619047619
980657,42,40.42857142857143
978313,42,62.19047619047619
961846,42,53.54761904761905
952698,42,74.04761904761905
935646,42,75.33333333333333
935317,42,20.714285714285715
931136,42,33.45238095238095
930666,42,92.97619047619048
9297574,42,17.69047619047619
912004,42,39.61904761904762
897120,42,91.16666666666667
878398,42,20.047619047619047
877358,42,58.73809523809524
863632,42,38.42857142857143
854133,42,29.88095238095238
854042,42,86.88095238095238
853643,42,59.04761904761905
851865,42,61.45238095238095
851468,42,53.642857142857146
850807,42,30.523809523809526
849701,42,66.83333333333333
846334,42,47.404761904761905
844759,42,62.857142857142854
842126,42,31.61904761904762
830960,42,41.19047619047619
830582,42,65.57142857142857
830568,42,27.285714285714285
8293385,42,51.19047619047619
827919,42,86.0952380952381
8090545,42,62.095238095238095
7410342,42,56.19047619047619
7410335,42,32.595238095238095
6464208,42,52.785714285714285
6424447,42,50.285714285714285
5592094,42,59.07142857142857
5568509,42,38.285714285714285
1775642,42,8.214285714285714
13213203,42,44.95238095238095
13115937,42,27.857142857142858
12757316,42,73.35714285714286
12673243,42,52.80952380952381
12352054,42,20.452380952380953
1138631,42,66.85714285714286
1129709,42,71.69047619047619
1125530,42,70.14285714285714
1123254,42,57.11904761904762
1115098,42,53.285714285714285
1110292,42,72.11904761904762
1106428,42,13.571428571428571
1098910,42,52.5
1087362,42,20.095238095238095
1085137,42,61.976190476190474
1083840,42,60.357142857142854
1068708,42,75.47619047619048
1067849,42,87.04761904761905
1050741,42,55.30952380952381
10457590,42,46.023809523809526
10456655,42,53.714285714285715
10456152,42,29.595238095238095
1035836,42,67.78571428571429
1025719,42,46.833333333333336
1020962,42,44.357142857142854
1012801,42,23.095238095238095
1005935,42,29.761904761904763
1001369,42,5.476190476190476
997202,41,59.51219512195122
997096,41,48.21951219512195
996123,41,38.48780487804878
991575,41,72.85365853658537
987218,41,69.17073170731707
981716,41,42.170731707317074
9802643,41,32.0
976335,41,92.60975609756098
974204,41,35.0
968687,41,64.53658536585365
967760,41,28.048780487804876
9670830,41,52.048780487804876
963228,41,35.390243902439025
9524291,41,48.75609756097561
948478,41,13.78048780487805
947427,41,38.58536585365854
945909,41,60.09756097560975
945200,41,63.4390243902439
938512,41,28.341463414634145
931108,41,24.609756097560975
9297615,41,27.585365853658537
927851,41,40.390243902439025
925854,41,39.707317073170735
925694,41,57.90243902439025
925425,41,12.024390243902438
914697,41,44.21951219512195
913623,41,96.7560975609756
898342,41,48.5609756097561
890455,41,39.02439024390244
883940,41,46.21951219512195
872461,41,48.853658536585364
858439,41,81.53658536585365
854900,41,58.707317073170735
852600,41,33.170731707317074
852065,41,20.78048780487805
851146,41,25.341463414634145
849297,41,63.926829268292686
848471,41,39.1219512195122
838347,41,60.58536585365854
837969,41,35.146341463414636
835239,41,18.21951219512195
828143,41,91.02439024390245
825176,41,62.951219512195124
822646,41,31.097560975609756
6463520,41,40.09756097560975
5995597,41,40.73170731707317
5995427,41,23.902439024390244
5592427,41,31.21951219512195
5586658,41,31.75609756097561
5569376,41,35.5609756097561
5568995,41,39.34146341463415
5566800,41,31.048780487804876
5565664,41,35.02439024390244
13671759,41,38.0
13512017,41,51.63414634146341
13382402,41,36.951219512195124
13190349,41,39.5609756097561
12731470,41,54.951219512195124
12599756,41,29.853658536585368
1123146,41,91.0
1122889,41,83.4390243902439
1116020,41,55.78048780487805
1114811,41,41.292682926829265
1105467,41,17.195121951219512
1101932,41,36.73170731707317
1097991,41,23.4390243902439
1072968,41,78.02439024390245
1069522,41,50.292682926829265
1053754,41,79.39024390243902
1051989,41,48.90243902439025
1050079,41,69.8780487804878
1042616,41,68.46341463414635
1039627,41,51.829268292682926
1033403,41,85.70731707317073
1031923,41,48.46341463414634
1029125,41,45.48780487804878
1027039,41,40.609756097560975
1024319,41,51.5609756097561
1011884,41,70.7560975609756
1007911,41,56.8780487804878
988835,40,41.775
972418,40,16.15
969945,40,27.0
962671,40,54.25
9547021,40,39.975
9527066,40,67.075
948298,40,43.625
941368,40,39.225
933569,40,41.85
930262,40,50.75
927681,40,17.1
911088,40,66.85
907957,40,44.2
901656,40,37.5
897678,40,84.425
890283,40,73.325
886125,40,33.625
885356,40,47.05
879876,40,57.5
878857,40,40.425
865501,40,81.4
854976,40,69.175
845288,40,62.55
838097,40,67.25
835595,40,53.6
831390,40,64.875
826695,40,39.525
822524,40,57.425
822140,40,61.5
8090560,40,40.375
7464370,40,62.6
7409670,40,35.625
7409618,40,37.65
6534074,40,65.35
6464086,40,86.3
6463710,40,49.25
5995215,40,60.125
5981072,40,71.075
5592734,40,42.525
5592270,40,30.1
13654702,40,62.65
13008459,40,20.075
13008223,40,28.2
12670071,40,80.3
12648967,40,80.825
1134294,40,56.75
1132956,40,39.675
1126890,40,104.875
1125497,40,39.7
1119399,40,33.275
1116770,40,60.85
1116207,40,43.275
1096563,40,42.4
1089024,40,25.6
1084036,40,67.25
1064945,40,77.875
1064002,40,40.225
1060318,40,39.875
1054567,40,46.5
1053988,40,29.525
1051379,40,63.025
1034956,40,53.45
1026058,40,53.525
1020729,40,22.5
1019883,40,58.125
1014509,40,57.1
9832160,39,79.1025641025641
973135,39,70.33333333333333
964977,39,55.87179487179487
957928,39,23.871794871794872
957190,39,51.51282051282051
956902,39,36.0
9526564,39,38.92307692307692
9521679,39,43.92307692307692
950439,39,54.23076923076923
9487534,39,48.43589743589744
948384,39,72.3076923076923
928263,39,25.23076923076923
927011,39,31.153846153846153
917384,39,68.25641025641026
909306,39,81.58974358974359
904574,39,54.76923076923077
902640,39,21.615384615384617
891393,39,63.64102564102564
886395,39,60.8974358974359
883916,39,41.58974358974359
882489,39,59.0
865569,39,29.28205128205128
859426,39,53.56410256410256
858478,39,59.43589743589744
857902,39,22.076923076923077
856166,39,59.205128205128204
849505,39,56.46153846153846
844839,39,40.41025641025641
841016,39,61.30769230769231
828139,39,11.717948717948717
821200,39,34.282051282051285
8090956,39,35.8974358974359
8019681,39,28.743589743589745
7410016,39,65.61538461538461
7147145,39,39.666666666666664
6773215,39,43.30769230769231
6633342,39,66.82051282051282
6633210,39,69.41025641025641
6442443,39,14.846153846153847
6391134,39,51.46153846153846
5565151,39,39.666666666666664
13213604,39,29.17948717948718
12695874,39,11.35897435897436
12518330,39,35.717948717948715
12263279,39,30.384615384615383
12262992,39,55.58974358974359
12262832,39,25.102564102564102
1103808,39,58.256410256410255
1102003,39,42.56410256410256
1099164,39,43.82051282051282
1091520,39,59.56410256410256
1084138,39,39.43589743589744
1078666,39,32.794871794871796
1073902,39,53.8974358974359
1069175,39,27.794871794871796
1066069,39,76.28205128205128
1065122,39,68.3076923076923
1053931,39,65.53846153846153
1048237,39,55.69230769230769
10356441,39,32.794871794871796
10344586,39,65.05128205128206
1034081,39,43.743589743589745
1031260,39,59.38461538461539
1028950,39,47.666666666666664
10285243,39,42.05128205128205
1027447,39,55.717948717948715
1026209,39,57.205128205128204
1025628,39,60.58974358974359
1023196,39,54.51282051282051
1009719,39,52.56410256410256
1009361,39,54.666666666666664
1005576,39,19.71794871794872
997987,38,25.55263157894737
982755,38,40.31578947368421
978906,38,49.18421052631579
977497,38,62.6578947368421
972235,38,29.289473684210527
970619,38,64.6842105263158
968759,38,44.28947368421053
9677874,38,60.68421052631579
960791,38,53.473684210526315
954102,38,42.6578947368421
953104,38,73.28947368421052
9527184,38,81.57894736842105
9526412,38,39.973684210526315
951971,38,82.47368421052632
949257,38,9.131578947368421
948119,38,42.86842105263158
943286,38,91.13157894736842
938841,38,47.6578947368421
936117,38,61.73684210526316
9338009,38,58.73684210526316
932462,38,17.05263157894737
928555,38,25.526315789473685
927860,38,49.23684210526316
927238,38,60.3421052631579
924804,38,66.10526315789474
923208,38,47.55263157894737
916578,38,20.026315789473685
909249,38,86.26315789473684
904997,38,55.94736842105263
902094,38,58.71052631578947
899019,38,63.44736842105263
889779,38,56.55263157894737
882595,38,79.3157894736842
879699,38,31.289473684210527
879008,38,37.76315789473684
877498,38,49.44736842105263
871680,38,69.1842105263158
858743,38,41.23684210526316
851819,38,108.55263157894737
847374,38,27.526315789473685
835285,38,63.5
832768,38,44.0
826816,38,37.71052631578947
821464,38,73.05263157894737
820895,38,50.578947368421055
8180927,38,28.157894736842106
7442180,38,72.3157894736842
7169088,38,40.578947368421055
6961848,38,28.026315789473685
5590695,38,76.13157894736842
13007357,38,46.8421052631579
12757544,38,33.23684210526316
12384431,38,42.973684210526315
1134379,38,67.86842105263158
1132789,38,70.73684210526316
1129049,38,50.13157894736842
1127338,38,60.13157894736842
1120592,38,36.05263157894737
1111722,38,79.8157894736842
1108429,38,49.8421052631579
1108055,38,13.657894736842104
1105616,38,64.60526315789474
1104584,38,71.10526315789474
1096817,38,56.23684210526316
1092835,38,61.421052631578945
1091383,38,55.68421052631579
1089066,38,43.05263157894737
1078652,38,41.421052631578945
1076769,38,43.31578947368421
1072917,38,42.1578947368421
1065556,38,63.026315789473685
1062001,38,105.34210526315789
1055072,38,74.28947368421052
1047076,38,38.71052631578947
10456226,38,28.81578947368421
1043973,38,37.578947368421055
1026235,38,45.973684210526315
1017982,38,32.078947368421055
1015781,38,66.26315789473684
1013807,38,41.86842105263158
1008625,38,47.921052631578945
1008288,38,24.31578947368421
1006573,38,22.07894736842105
1005172,38,49.578947368421055
1000205,38,63.21052631578947
989830,37,34.83783783783784
986187,37,52.54054054054054
9836195,37,72.54054054054055
9803810,37,71.27027027027027
977658,37,63.08108108108108
974306,37,111.56756756756756
970533,37,23.64864864864865
9677466,37,33.108108108108105
964133,37,40.83783783783784
964011,37,76.83783783783784
961059,37,5.648648648648648
957741,37,69.16216216216216
956486,37,61.054054054054056
951821,37,83.24324324324324
951176,37,31.513513513513512
946977,37,73.78378378378379
944454,37,36.21621621621622
9419487,37,40.648648648648646
939789,37,14.567567567567568
939527,37,57.432432432432435
938319,37,55.7027027027027
935342,37,45.729729729729726
928932,37,20.35135135135135
927265,37,31.675675675675677
926804,37,23.486486486486488
920978,37,31.0
914346,37,53.567567567567565
907994,37,62.45945945945946
897194,37,67.48648648648648
896446,37,57.4054054054054
882109,37,42.75675675675676
880888,37,47.54054054054054
880469,37,46.432432432432435
879506,37,54.108108108108105
876593,37,41.08108108108108
868683,37,54.189189189189186
864312,37,79.86486486486487
853178,37,60.729729729729726
850676,37,43.729729729729726
850652,37,60.945945945945944
839262,37,52.13513513513514
824642,37,50.891891891891895
8068685,37,10.594594594594595
7441419,37,49.21621621621622
7409644,37,30.62162162162162
6904613,37,38.37837837837838
6391557,37,26.62162162162162
6034953,37,43.729729729729726
13777104,37,38.24324324324324
13072850,37,51.91891891891892
13008065,37,52.486486486486484
1135971,37,33.945945945945944
1134633,37,39.08108108108108
1134152,37,15.513513513513514
1131558,37,47.08108108108108
1130468,37,92.94594594594595
1130111,37,58.054054054054056
1125123,37,55.78378378378378
1121393,37,27.324324324324323
1118627,37,70.08108108108108
1113768,37,48.4054054054054
1113111,37,79.91891891891892
1095751,37,57.16216216216216
1095032,37,71.16216216216216
1086483,37,60.486486486486484
1083328,37,68.62162162162163
1074499,37,91.51351351351352
1068343,37,84.70270270270271
1054123,37,35.432432432432435
1053530,37,27.37837837837838
1040842,37,81.51351351351352
1039081,37,45.567567567567565
1026094,37,30.10810810810811
1023027,37,39.45945945945946
1015474,37,29.91891891891892
1011303,37,37.054054054054056
1009631,37,29.783783783783782
1009333,37,69.1891891891892
1008074,37,49.054054054054056
1005911,37,53.16216216216216
1001680,37,70.70270270270271
1000672,37,30.72972972972973
999965,36,64.69444444444444
995134,36,83.47222222222223
994262,36,54.55555555555556
992300,36,47.138888888888886
984491,36,34.94444444444444
9835619,36,58.19444444444444
9831557,36,33.0
979674,36,12.583333333333334
977543,36,65.22222222222223
9707454,36,13.63888888888889
9653714,36,65.41666666666667
954216,36,38.75
9526100,36,46.5
951907,36,53.69444444444444
9487603,36,71.91666666666667
9483753,36,36.611111111111114
947658,36,24.305555555555557
941797,36,45.416666666666664
929127,36,34.44444444444444
924531,36,49.166666666666664
924427,36,44.77777777777778
923849,36,56.916666666666664
922651,36,56.861111111111114
922307,36,80.30555555555556
9194207,36,62.111111111111114
915874,36,64.61111111111111
909349,36,94.86111111111111
904105,36,58.416666666666664
901762,36,59.916666666666664
901397,36,65.33333333333333
897449,36,8.833333333333334
889989,36,55.77777777777778
889551,36,49.05555555555556
887984,36,68.5
871337,36,66.52777777777777
870929,36,58.361111111111114
870128,36,30.63888888888889
854483,36,68.80555555555556
853998,36,35.638888888888886
839162,36,47.02777777777778
831937,36,56.69444444444444
830526,36,31.77777777777778
828278,36,52.27777777777778
823862,36,74.47222222222223
819643,36,34.97222222222222
819112,36,44.666666666666664
8090533,36,23.5
7410013,36,67.61111111111111
7409970,36,26.083333333333332
7167687,36,70.66666666666667
6534578,36,40.55555555555556
6464147,36,34.72222222222222
5569098,36,36.97222222222222
5565802,36,45.25
5564931,36,52.25
13876901,36,51.97222222222222
13842160,36,44.916666666666664
1138467,36,56.833333333333336
1137885,36,48.47222222222222
1133926,36,25.666666666666668
1115800,36,31.25
1115069,36,33.22222222222222
1089074,36,41.69444444444444
1088634,36,58.638888888888886
1088414,36,65.08333333333333
1087081,36,54.416666666666664
1071277,36,71.11111111111111
1065380,36,69.41666666666667
1052335,36,66.97222222222223
1051283,36,63.861111111111114
10457532,36,41.27777777777778
10456164,36,39.77777777777778
10344718,36,30.0
1032549,36,55.416666666666664
1031740,36,75.05555555555556
1031492,36,55.611111111111114
1029272,36,39.72222222222222
1020156,36,57.05555555555556
1018859,36,67.22222222222223
1015974,36,47.5
1013528,36,57.69444444444444
1007549,36,75.91666666666667
1007414,36,43.55555555555556
1005921,36,54.666666666666664
997539,35,14.857142857142858
990897,35,50.57142857142857
9835408,35,71.11428571428571
981660,35,69.85714285714286
969463,35,77.97142857142858
964221,35,37.542857142857144
962782,35,40.714285714285715
960421,35,38.542857142857144
959482,35,48.542857142857144
958208,35,49.25714285714286
9526906,35,54.628571428571426
9526624,35,67.57142857142857
947412,35,20.62857142857143
937060,35,62.2
9337369,35,74.4
931608,35,52.457142857142856
931579,35,30.714285714285715
928036,35,51.885714285714286
917839,35,48.97142857142857
917654,35,49.97142857142857
912451,35,43.8
906923,35,16.65714285714286
905459,35,62.31428571428572
905087,35,29.057142857142857
904521,35,38.114285714285714
897409,35,40.94285714285714
897165,35,44.2
893258,35,96.91428571428571
891648,35,63.31428571428572
887393,35,60.97142857142857
882138,35,62.25714285714286
877175,35,47.77142857142857
876932,35,70.25714285714285
875089,35,17.057142857142857
874530,35,13.771428571428572
873044,35,10.314285714285715
870420,35,42.857142857142854
867547,35,78.4
858419,35,52.2
856790,35,30.34285714285714
850614,35,55.08571428571429
834842,35,79.51428571428572
830156,35,66.2
829645,35,38.91428571428571
828891,35,14.0
8249365,35,59.542857142857144
822339,35,74.54285714285714
7441498,35,48.6
6514085,35,26.4
5995445,35,33.857142857142854
5591103,35,49.114285714285714
1874568,35,10.085714285714285
13008314,35,32.457142857142856
12523928,35,27.771428571428572
12132685,35,48.91428571428571
1139638,35,17.17142857142857
1136988,35,36.4
1129321,35,36.17142857142857
1128861,35,10.428571428571429
1128206,35,63.17142857142857
1124694,35,53.31428571428572
1121720,35,48.34285714285714
1117556,35,50.0
1116005,35,64.42857142857143
1115553,35,70.57142857142857
1100273,35,37.31428571428572
1096643,35,52.857142857142854
1092149,35,59.371428571428574
1090706,35,33.68571428571428
1081582,35,56.542857142857144
1079913,35,89.54285714285714
1075524,35,31.714285714285715
1072843,35,45.91428571428571
1072483,35,62.68571428571428
1071446,35,42.714285714285715
1063364,35,103.57142857142857
1058942,35,49.22857142857143
1058709,35,21.742857142857144
1057315,35,61.77142857142857
1055168,35,55.8
1051810,35,101.91428571428571
1051637,35,40.31428571428572
1050543,35,36.22857142857143
1048472,35,90.25714285714285
1048260,35,81.71428571428571
1035207,35,58.34285714285714
10312139,35,125.45714285714286
1029915,35,67.88571428571429
1028715,35,52.34285714285714
1024032,35,51.91428571428571
1022433,35,53.885714285714286
1019089,35,31.82857142857143
1019011,35,33.285714285714285
1017127,35,64.65714285714286
1015386,35,50.77142857142857
10149656,35,29.82857142857143
1014458,35,48.97142857142857
1003770,35,48.628571428571426
998424,34,48.970588235294116
997025,34,31.441176470588236
995311,34,75.8529411764706
993592,34,87.26470588235294
988697,34,46.705882352941174
986021,34,79.38235294117646
9837807,34,46.61764705882353
9837092,34,29.205882352941178
982989,34,22.558823529411764
982360,34,52.35294117647059
974265,34,40.3235294117647
971507,34,75.11764705882354
9707078,34,30.91176470588235
968992,34,55.38235294117647
9655078,34,55.029411764705884
958729,34,61.6764705882353
951164,34,73.05882352941177
943169,34,49.088235294117645
9420067,34,81.61764705882354
941515,34,20.61764705882353
940726,34,83.52941176470588
938547,34,83.82352941176471
928749,34,27.294117647058822
926025,34,43.11764705882353
921614,34,74.38235294117646
918462,34,41.588235294117645
909086,34,58.05882352941177
908940,34,49.44117647058823
908408,34,72.91176470588235
906309,34,35.088235294117645
905986,34,82.08823529411765
903738,34,43.970588235294116
899257,34,29.08823529411765
891954,34,10.029411764705882
887342,34,66.05882352941177
887003,34,52.3235294117647
879280,34,23.705882352941178
873056,34,67.52941176470588
866172,34,78.88235294117646
858999,34,63.55882352941177
847790,34,119.20588235294117
844697,34,70.52941176470588
840102,34,57.64705882352941
833351,34,35.411764705882355
828489,34,18.676470588235293
826597,34,76.79411764705883
822073,34,53.3235294117647
820291,34,78.73529411764706
7467081,34,54.411764705882355
7410344,34,69.44117647058823
6772833,34,39.64705882352941
5568964,34,24.529411764705884
5566592,34,53.3235294117647
15926775,34,28.764705882352942
13512060,34,42.1764705882353
13417591,34,41.94117647058823
13213475,34,33.61764705882353
13213271,34,31.735294117647058
13158992,34,68.61764705882354
12731432,34,137.2058823529412
1135354,34,78.02941176470588
1127817,34,63.76470588235294
1123720,34,45.8235294117647
1121862,34,50.029411764705884
1121367,34,92.17647058823529
1119784,34,24.264705882352942
1118244,34,52.61764705882353
1115552,34,44.94117647058823
1100555,34,37.088235294117645
1100490,34,38.73529411764706
1095645,34,39.85294117647059
1079542,34,65.61764705882354
1076571,34,47.26470588235294
1074697,34,104.61764705882354
1062095,34,37.64705882352941
1055403,34,15.264705882352942
1053329,34,22.647058823529413
1048046,34,49.88235294117647
1043766,34,79.20588235294117
1043416,34,60.411764705882355
1031697,34,69.88235294117646
10306817,34,30.823529411764707
1028938,34,11.647058823529411
1026922,34,39.85294117647059
1023830,34,60.705882352941174
1018822,34,45.23529411764706
1018818,34,38.73529411764706
1013615,34,85.76470588235294
1011312,34,42.588235294117645
1009128,34,59.55882352941177
1007571,34,13.470588235294118
1002236,34,24.705882352941178
1001702,34,75.1470588235294
1001525,34,48.05882352941177
997415,33,10.606060606060606
995816,33,76.72727272727273
992730,33,52.0
990469,33,53.96969696969697
989703,33,49.666666666666664
987044,33,80.60606060606061
9832469,33,97.0909090909091
982393,33,53.21212121212121
981374,33,34.63636363636363
977854,33,60.60606060606061
972445,33,65.81818181818181
970861,33,22.272727272727273
969403,33,41.515151515151516
961791,33,71.0909090909091
956599,33,88.72727272727273
953675,33,70.36363636363636
9527350,33,63.515151515151516
945456,33,58.27272727272727
944167,33,16.96969696969697
943459,33,32.333333333333336
942792,33,45.90909090909091
9296856,33,39.90909090909091
915459,33,46.09090909090909
913794,33,83.48484848484848
909338,33,85.84848484848484
908314,33,16.727272727272727
904774,33,62.03030303030303
901067,33,58.63636363636363
900112,33,64.48484848484848
897413,33,50.06060606060606
873874,33,65.72727272727273
868971,33,92.06060606060606
868401,33,86.81818181818181
867622,33,24.545454545454547
865885,33,49.90909090909091
864532,33,64.42424242424242
857276,33,36.515151515151516
852235,33,61.18181818181818
848136,33,32.121212121212125
845163,33,66.48484848484848
839438,33,46.45454545454545
834382,33,45.78787878787879
834129,33,55.06060606060606
8293732,33,54.06060606060606
8292958,33,50.54545454545455
8069118,33,25.96969696969697
8019968,33,39.27272727272727
7442056,33,49.21212121212121
7410014,33,61.24242424242424
7168890,33,48.39393939393939
7168619,33,43.57575757575758
7025203,33,70.12121212121212
6979160,33,34.78787878787879
6773180,33,29.03030303030303
6633224,33,29.03030303030303
6464166,33,38.60606060606061
6391213,33,18.242424242424242
6391203,33,34.15151515151515
6391080,33,31.03030303030303
5578643,33,65.87878787878788
5568191,33,52.696969696969695
5567582,33,25.03030303030303
5566809,33,22.454545454545453
5564850,33,26.939393939393938
1817725,33,9.151515151515152
15972790,33,19.727272727272727
15972565,33,23.272727272727273
15452812,33,53.21212121212121
13380863,33,74.57575757575758
13007411,33,25.242424242424242
12781777,33,47.15151515151515
12731484,33,43.484848484848484
12132315,33,65.93939393939394
1139651,33,54.03030303030303
1138135,33,50.0
1130029,33,36.81818181818182
1127863,33,24.78787878787879
1122928,33,58.81818181818182
1118479,33,54.81818181818182
1112667,33,72.96969696969697
1108624,33,33.36363636363637
1102456,33,59.03030303030303
1100150,33,67.06060606060606
1095587,33,56.696969696969695
1093721,33,49.57575757575758
1093490,33,62.72727272727273
1087916,33,58.696969696969695
1087171,33,19.515151515151516
1086740,33,50.696969696969695
1086038,33,43.54545454545455
1081421,33,57.24242424242424
1079067,33,103.42424242424242
1076065,33,36.21212121212121
1075755,33,57.484848484848484
1074608,33,58.39393939393939
1073086,33,31.636363636363637
1069506,33,19.12121212121212
1062117,33,48.42424242424242
1060529,33,50.39393939393939
1054215,33,59.15151515151515
1050082,33,61.39393939393939
1045478,33,50.93939393939394
1043958,33,77.54545454545455
1038745,33,68.45454545454545
1038692,33,50.36363636363637
1036289,33,79.57575757575758
1031906,33,86.33333333333333
1023979,33,52.84848484848485
1021416,33,30.96969696969697
1019286,33,39.84848484848485
1017472,33,64.21212121212122
1016129,33,44.878787878787875
1015597,33,80.6969696969697
1012701,33,42.57575757575758
1011832,33,83.9090909090909
1011141,33,38.84848484848485
1007796,33,48.333333333333336
1006649,33,56.09090909090909
1006555,33,30.90909090909091
1006264,33,25.454545454545453
1005861,33,56.75757575757576
1004705,33,91.93939393939394
990504,32,12.21875
987941,32,40.09375
983659,32,58.34375
9834988,32,44.84375
983278,32,92.9375
981874,32,48.96875
981288,32,78.0625
9803601,32,34.65625
968695,32,34.25
9677670,32,28.15625
966379,32,62.5
965821,32,56.4375
965797,32,39.5625
958569,32,43.0
954006,32,76.0625
9526628,32,76.6875
949116,32,52.4375
938300,32,89.9375
937845,32,56.09375
927560,32,6.90625
924423,32,67.75
922340,32,76.53125
920367,32,69.03125
920109,32,80.90625
919153,32,20.34375
918390,32,63.4375
916050,32,100.5
895190,32,37.0
888835,32,54.34375
885307,32,70.3125
883218,32,86.03125
881608,32,70.09375
870195,32,78.0625
868953,32,76.90625
867272,32,64.71875
855202,32,21.4375
850944,32,41.71875
850562,32,74.4375
849688,32,27.9375
844054,32,83.3125
843171,32,61.71875
842769,32,32.25
839346,32,63.84375
831763,32,60.25
8203342,32,44.25
818980,32,54.40625
8118764,32,19.40625
8019748,32,33.4375
7169034,32,53.78125
7166672,32,31.59375
7160764,32,24.09375
6979526,32,44.15625
6979030,32,67.25
6773230,32,54.09375
6424472,32,66.5625
6423911,32,62.96875
6391176,32,33.3125
6034966,32,62.6875
5995180,32,54.125
5586955,32,45.53125
5580577,32,103.46875
5572803,32,12.75
5570685,32,25.6875
5568758,32,48.8125
15831255,32,24.71875
13382308,32,24.21875
13008327,32,41.4375
13007065,32,20.1875
12757280,32,44.5
12599601,32,72.46875
1139493,32,59.28125
1134161,32,34.625
1131830,32,29.46875
1128464,32,65.875
1123536,32,60.8125
1121636,32,57.71875
1121410,32,76.25
1119112,32,72.25
1118281,32,41.09375
1115360,32,52.75
1109598,32,52.53125
1107080,32,22.4375
1103476,32,43.3125
1094833,32,40.0625
1092885,32,71.21875
1091922,32,47.5
1088836,32,94.25
1087618,32,17.875
1084551,32,91.1875
1084177,32,63.625
1082735,32,68.6875
1079820,32,63.28125
1077600,32,52.4375
1075765,32,36.46875
1065167,32,80.96875
1063577,32,58.0
1060705,32,91.84375
1060363,32,52.5
1053924,32,73.875
1053612,32,85.71875
1052325,32,59.53125
1050310,32,73.40625
10456575,32,73.71875
1044299,32,67.40625
1043837,32,64.09375
1042345,32,56.78125
1039672,32,61.84375
1036249,32,67.59375
10355866,32,15.0625
10341855,32,36.46875
1031065,32,42.375
1026334,32,35.96875
1021715,32,52.9375
10204556,32,54.28125
1018769,32,48.90625
1015785,32,68.21875
10149303,32,27.25
1011920,32,51.78125
1010259,32,49.0625
1010051,32,38.46875
1007687,32,26.625
1006187,32,37.6875
998519,31,24.161290322580644
998352,31,59.70967741935484
993028,31,40.58064516129032
9881834,31,53.12903225806452
985716,31,79.09677419354838
9856740,31,51.225806451612904
984680,31,27.580645161290324
9837065,31,43.12903225806452
980433,31,42.193548387096776
978974,31,68.7741935483871
975649,31,74.0
967205,31,44.83870967741935
965963,31,63.096774193548384
963727,31,85.3225806451613
9575582,31,48.193548387096776
954495,31,60.87096774193548
948756,31,60.193548387096776
9487463,31,38.774193548387096
9469110,31,51.61290322580645
942693,31,72.09677419354838
942166,31,32.67741935483871
9420353,31,25.903225806451612
941943,31,37.483870967741936
938690,31,27.870967741935484
938165,31,5.193548387096774
937405,31,11.451612903225806
926884,31,39.064516129032256
926206,31,75.74193548387096
924786,31,84.90322580645162
917427,31,22.903225806451612
915651,31,46.61290322580645
912817,31,40.516129032258064
903463,31,49.45161290322581
901976,31,42.61290322580645
898612,31,82.6774193548387
897088,31,94.2258064516129
896672,31,83.90322580645162
884333,31,83.61290322580645
882308,31,57.12903225806452
878222,31,72.03225806451613
876504,31,105.29032258064517
874563,31,30.161290322580644
871097,31,29.967741935483872
869344,31,90.38709677419355
868645,31,11.096774193548388
865196,31,77.80645161290323
862981,31,57.225806451612904
862826,31,76.38709677419355
859987,31,71.96774193548387
854261,31,47.12903225806452
853235,31,77.12903225806451
850133,31,96.12903225806451
848971,31,52.83870967741935
839238,31,26.612903225806452
836758,31,40.774193548387096
836085,31,40.16129032258065
835296,31,45.29032258064516
835004,31,55.225806451612904
831557,31,25.774193548387096
830245,31,57.38709677419355
827806,31,46.45161290322581
826239,31,62.903225806451616
825006,31,21.774193548387096
821741,31,48.54838709677419
8019273,31,59.58064516129032
7410343,31,39.12903225806452
7157395,31,45.29032258064516
7146026,31,53.645161290322584
6979518,31,37.064516129032256
6979485,31,31.419354838709676
6773209,31,46.54838709677419
6772883,31,41.12903225806452
6463727,31,72.06451612903226
5591627,31,41.193548387096776
5571248,31,44.516129032258064
5565202,31,66.51612903225806
15972298,31,25.967741935483872
15596488,31,25.870967741935484
13907063,31,43.096774193548384
13417846,31,65.58064516129032
13002975,31,58.064516129032256
12731632,31,47.41935483870968
12324841,31,54.32258064516129
12172240,31,65.48387096774194
1136657,31,19.032258064516128
1136033,31,38.645161290322584
1134270,31,6.903225806451613
1132619,31,22.161290322580644
1132198,31,35.806451612903224
1131625,31,21.903225806451612
1124432,31,81.70967741935483
1121656,31,57.74193548387097
1118878,31,35.25806451612903
1109516,31,44.16129032258065
1101653,31,29.741935483870968
1101437,31,27.612903225806452
1097544,31,27.580645161290324
1096290,31,57.03225806451613
1092945,31,32.58064516129032
1090793,31,49.54838709677419
1087753,31,28.806451612903224
1085031,31,42.354838709677416
1082770,31,68.74193548387096
1078011,31,51.45161290322581
1075827,31,31.161290322580644
1073775,31,42.483870967741936
1064755,31,58.12903225806452
1064574,31,57.354838709677416
1062283,31,39.193548387096776
1060872,31,84.3225806451613
1052975,31,25.903225806451612
1052294,31,46.903225806451616
1046957,31,53.32258064516129
1044472,31,44.25806451612903
1043095,31,48.516129032258064
1038894,31,59.70967741935484
1025326,31,40.935483870967744
1022757,31,80.74193548387096
1017325,31,49.67741935483871
1015694,31,51.935483870967744
1000736,31,45.903225806451616
995598,30,46.166666666666664
994577,30,27.733333333333334
993685,30,48.166666666666664
991747,30,44.36666666666667
990004,30,79.7
9885206,30,50.03333333333333
988277,30,21.4
984669,30,68.23333333333333
981165,30,54.6
9803591,30,30.166666666666668
977268,30,29.666666666666668
9707498,30,58.666666666666664
967569,30,52.63333333333333
959737,30,43.86666666666667
957080,30,15.266666666666667
955921,30,70.06666666666666
954363,30,73.8
953243,30,57.86666666666667
9526770,30,27.566666666666666
952568,30,30.233333333333334
9488065,30,27.0
9485347,30,88.2
945244,30,77.6
943349,30,32.9
9419422,30,18.966666666666665
939900,30,119.36666666666666
938217,30,69.13333333333334
938203,30,15.566666666666666
936470,30,36.2
935200,30,55.833333333333336
932631,30,10.033333333333333
932340,30,82.63333333333334
924967,30,42.4
924667,30,11.633333333333333
924014,30,48.9
924004,30,45.36666666666667
919963,30,44.833333333333336
918676,30,74.06666666666666
913459,30,77.23333333333333
910071,30,53.9
906883,30,77.1
902377,30,46.266666666666666
896757,30,64.93333333333334
891542,30,40.2
891217,30,40.86666666666667
890344,30,74.13333333333334
883039,30,47.0
876548,30,30.466666666666665
872066,30,25.2
871909,30,29.866666666666667
866778,30,51.2
861494,30,42.1
853622,30,78.46666666666667
850529,30,47.86666666666667
846634,30,31.966666666666665
843418,30,33.8
842630,30,45.86666666666667
836703,30,32.46666666666667
836051,30,34.5
835694,30,48.86666666666667
821209,30,56.5
820518,30,27.5
8090653,30,34.666666666666664
7410304,30,40.7
7126663,30,55.4
7025202,30,43.6
6979005,30,49.0
6513604,30,92.03333333333333
6463367,30,32.2
6039592,30,61.96666666666667
5590661,30,33.9
5569595,30,36.733333333333334
5569349,30,32.56666666666667
16100266,30,23.3
15926887,30,21.066666666666666
15596112,30,20.5
15511396,30,23.633333333333333
14043823,30,39.93333333333333
13381458,30,53.1
13007986,30,46.5
12782180,30,19.5
12352204,30,43.7
12301338,30,57.733333333333334
12263604,30,59.0
1136341,30,37.3
1128477,30,23.966666666666665
1116476,30,87.73333333333333
1110983,30,50.833333333333336
1110255,30,80.4
1108152,30,43.1
1107597,30,29.966666666666665
1106373,30,75.9
1106073,30,49.03333333333333
1104695,30,69.0
1102879,30,47.0
1100049,30,23.633333333333333
1097849,30,76.03333333333333
1094107,30,33.53333333333333
1091090,30,21.433333333333334
1077429,30,34.666666666666664
1075637,30,77.73333333333333
1075283,30,83.53333333333333
1074283,30,66.5
1069538,30,35.733333333333334
1068830,30,86.13333333333334
1068124,30,28.766666666666666
1065669,30,54.1
1063265,30,76.43333333333334
1061203,30,66.66666666666667
1054323,30,29.9
1051542,30,9.066666666666666
1044724,30,87.53333333333333
1043563,30,43.03333333333333
1038684,30,47.833333333333336
1037751,30,41.266666666666666
1029688,30,50.03333333333333
10285454,30,19.033333333333335
1023473,30,58.9
1018397,30,100.36666666666666
1017313,30,47.166666666666664
1014860,30,33.333333333333336
1013826,30,47.6
1010440,30,51.13333333333333
1008212,30,59.833333333333336
1006438,30,59.96666666666667
1004385,30,53.03333333333333
1000236,30,49.266666666666666
